plan_name,source_file,raw_paragraph,er_match_indicator,er_match_formula_text,er_match_rate,er_match_cap,er_match_type,discretionary_er_contribution_indicator,discretionary_er_contribution_text,nonelective_contribution_indicator,profit_sharing_indicator,eligibility_text,collective_bargaining_exception_indicator,other_relevant_er_info,parse_confidence
"FINOCCHIARO CONSTRUCTION, LLC 401(K) PROFIT SHARING PLAN","FINOCCHIARO CONSTRUCTION, LLC 401(K) PROFIT SHARING PLAN_2024.pdf",,0,,,,,0,,0,0,,0,,low
ROLLEX CORPORATION SALARIED EMPLOYEES_ 401(K) RETIREMENT PLAN,ROLLEX CORPORATION SALARIED EMPLOYEES_ 401(K) RETIREMENT PLAN_2024.pdf,,0,,,,,0,,0,0,,0,,low
DEHNER CORPORATION 401(K) PLAN,DEHNER CORPORATION 401(K) PLAN_2024.pdf,,0,,,,,0,,0,0,,0,,low
"STEVEDONNA, INC. 401(K) PLAN","STEVEDONNA, INC. 401(K) PLAN_2024.pdf",,0,,,,,0,,0,0,,0,,low
"GRAND LAKE A-OK, INC. 401(K) PROFIT SHARING PLAN","GRAND LAKE A-OK, INC. 401(K) PROFIT SHARING PLAN_2024.pdf",,0,,,,,0,,0,0,,0,,low
MKRS CORPORATION 401(K) PLAN,MKRS CORPORATION 401(K) PLAN_2024.pdf,,0,,,,,0,,0,0,,0,,low
"REEDER CAPITAL PARTNERS, LLC. 401(K) PROFIT SHARING PLAN","REEDER CAPITAL PARTNERS, LLC. 401(K) PROFIT SHARING PLAN_2024.pdf",,0,,,,,0,,0,0,,0,,low
ESSEX AND OPTIMA 401(K) RETIREMENT PLAN,ESSEX AND OPTIMA 401(K) RETIREMENT PLAN_2024.pdf,,0,,,,,0,,0,0,,0,,low
JAMES P ZIENTEK DDS SC 401(K) PLAN AND TRUST,JAMES P ZIENTEK DDS SC 401(K) PLAN AND TRUST_2024.pdf,,0,,,,,0,,0,0,,0,,low
K AND B CORPORATION 401(K) PLAN,K AND B CORPORATION 401(K) PLAN_2024.pdf,,0,,,,,0,,0,0,,0,,low
"ROPE PARTNER, INC. 401(K) PLAN","ROPE PARTNER, INC. 401(K) PLAN_2024.pdf",,0,,,,,0,,0,0,,0,,low
"MIKUNI RESTAURANT GROUP, INC. 401(K) PLAN","MIKUNI RESTAURANT GROUP, INC. 401(K) PLAN_2024.pdf","The accompanying notes are an integral part of these financial statements. 5 2024 2023 Investments, at fair value Pooled separate accounts $11,259,669 8,944,892 Total investments 11,259,669 8,944,892 Receivables Employer contributions 516,468 512,726 Notes receivable from participants 218,902 74,572 Total receivables 735,370 587,298 Net assets available for benefits $11,995,039 9,532,190 Assets | The Company may make discretionary and non-elective contributions to the Plan. The Company will make safe harbor matching contributions equal to 100% of participant salary deferrals that do not exceed 3% of eligible compensation plus 50% of participant salary deferrals between 3% and 5% of eligible compensation. To be eligible for these contributions, the participant must be making deferral contributions to the Plan. | The Company may also elect to make profit sharing contributions. To be eligible for these contributions, the participant must be employed on the last day of the Plan year and have completed one thousand service hours with the Company. No profit sharing contribution was made for the year ended December 31, 2024. All contributions are subject to limits set by Federal law. | Contributions by the Company that are forfeited by participants upon termination may be used to pay Plan administrative expenses or used by the Company to fund future employer contributions. Mikuni Restaurant Group, Inc. 401(k) Plan Notes to the Financial Statements December 31, 2024 and 2023 | Vesting | Participants are vested immediately in their elective deferral contributions, rollover contributions, qualified non-elective contributions, and safe harbor matching contributions and any earnings thereon. Vesting in discretionary non-safe harbor employer contributions and profit sharing contributions is based on years of continuous service, as defined by the Plan. Participants become vested at a rate of 20% after two years of service and 20% per year of service thereafter. Participants become 100% vested after six years of credited service. | Participants are allowed to borrow a minimum of $1,000 up to one-half of their vested balance, up to a maximum of $50,000. Participants may only have one loan outstanding at any time. Loans bear a reasonable fixed-rate of interest, which is determined by the Plan custodian. Generally, loans must be repaid over a maximum of five years. Loans to participants are stated at the principal amount outstanding, which approximates fair value. | Although it has not expressed any intent to do so, the Plan Sponsor reserves the right to terminate the Plan at any time. In the event of Plan termination, all accounts become fully vested and non-forfeitable. Plan assets would be first used to pay expenses properly charged to the Plan. The remainder would then be distributed to participants in a lump sum.",1,The Company will make safe harbor matching contributions equal to 100% of participant salary deferrals that do not exceed 3% of eligible compensation plus 50% of participant salary deferrals between 3% and 5% of eligible compensation.,,,safe_harbor_match,0,| The Company may also elect to make profit sharing contributions.,0,1,,0,vesting mentioned,high
"DART CONTROLS, LLC 401(K) PROFIT SHARING PLAN","DART CONTROLS, LLC 401(K) PROFIT SHARING PLAN_2024.pdf",,0,,,,,0,,0,0,,0,,low
"ELECTRIC EXPRESS, INC. 401(K) PROFIT SHARING PLAN","ELECTRIC EXPRESS, INC. 401(K) PROFIT SHARING PLAN_2024.pdf",,0,,,,,0,,0,0,,0,,low
"KANE USA, INC. 401(K) RETIREMENT SAVINGS PLAN","KANE USA, INC. 401(K) RETIREMENT SAVINGS PLAN_2024.pdf",,0,,,,,0,,0,0,,0,,low
ONEWORLD ERP PARTNERS LLC 401(K) PROFIT SHARING PLAN & TRUST,ONEWORLD ERP PARTNERS LLC 401(K) PROFIT SHARING PLAN & TRUST_2024.pdf,,0,,,,,0,,0,0,,0,,low
ALLEN DYER DOPPELT GILCHRIST P 401(K) PROFIT SHARING PLAN & TRUST,ALLEN DYER DOPPELT GILCHRIST P 401(K) PROFIT SHARING PLAN & TRUST_2024.pdf,,0,,,,,0,,0,0,,0,,low
THE LIDDLE CORPORATION 401(K) PLAN,THE LIDDLE CORPORATION 401(K) PLAN_2024.pdf,,0,,,,,0,,0,0,,0,,low
"ROYAL AIR FREIGHT, INC. 401(K) PLAN","ROYAL AIR FREIGHT, INC. 401(K) PLAN_2024.pdf",,0,,,,,0,,0,0,,0,,low
THE ATHENIAN SCHOOL 403(B) PLAN,THE ATHENIAN SCHOOL 403(B) PLAN_2024.pdf,,0,,,,,0,,0,0,,0,,low
"SIMON P. MORRIS, D.D.S. 401(K) PROFIT SHARING PLAN","SIMON P. MORRIS, D.D.S. 401(K) PROFIT SHARING PLAN_2024.pdf",,0,,,,,0,,0,0,,0,,low
INTEGRATED COMMUNITY PLANNING OF OSWEGO COUNTY 401(K) PLAN,INTEGRATED COMMUNITY PLANNING OF OSWEGO COUNTY 401(K) PLAN_2024.pdf,,0,,,,,0,,0,0,,0,,low
"MAUIMAN, INC. 401(K) PLAN","MAUIMAN, INC. 401(K) PLAN_2024.pdf",,0,,,,,0,,0,0,,0,,low
DURITZA LOWE GLASSHEIM & YURSHA PA 401(K) PLAN,DURITZA LOWE GLASSHEIM & YURSHA PA 401(K) PLAN_2024.pdf,,0,,,,,0,,0,0,,0,,low
"WENTZ FINANCIAL GROUP, LLC 401(K) PLAN","WENTZ FINANCIAL GROUP, LLC 401(K) PLAN_2024.pdf",,0,,,,,0,,0,0,,0,,low
"MICROBIOTIX, INC. 401(K) PLAN","MICROBIOTIX, INC. 401(K) PLAN_2024.pdf",,0,,,,,0,,0,0,,0,,low
SQUARE DEAL HOME SERVICES INC. 401(K) PLAN,SQUARE DEAL HOME SERVICES INC. 401(K) PLAN_2024.pdf,,0,,,,,0,,0,0,,0,,low
ORBIX DBA PETOL GEARENCH 401(K) RETIREMENT PLAN,ORBIX DBA PETOL GEARENCH 401(K) RETIREMENT PLAN_2024.pdf,,0,,,,,0,,0,0,,0,,low
WEISINGER INCORPORATED 401(K) PROFIT SHARING PLAN,WEISINGER INCORPORATED 401(K) PROFIT SHARING PLAN_2024.pdf,"Contributions Participants may elect to make pre-tax and/or Roth salary deferral contributions to the Plan up to the maximum allowed under the appropriate sections of the Internal Revenue Code (IRC). Participants who have attained age 50 before the end of the plan year are eligible to make catch-up contributions. Rollover contributions are allowed subject to conditions set forth in the Plan. The Company contributes a safe harbor matching contribution to the Plan in an amount equal to the sum of 100% of the amount of the participant's contributions that do not exceed 3% of the participant's eligible compensation, plus 50% of the amount of the participant's contributions that exceed 3% of the participant's eligible compensation but do not exceed 5% of the participant's eligible compensation. The safe harbor matching contributio n is calculated each pay period. The Company may also elect to make a discretionary employer matching or profit sharing contribution to the Plan. During the six months from July 1 to December 31, 2024, th e Company did not make any discretionary employer matching or profit sharing contributions to the Plan. | Each participant's account is credited with the participant's contributions and the Company's safe harbor contribution, as well as allocations of (a) the Company's discretionary contributions and (b) Plan earnings and charged with any applicable ad ministrative expenses. Allocations are based on participant earnings, account balances or specific partic ipant transactions, as defined. The benefit to which a participant is entitled is the benefit that can be provided from the participant's vested account. | (7) NOTE 1 - DESCRIPTION OF THE PLAN (CONTINUED) Vesting Participants are vested immediately in their contributions and employer safe harbor contributions plus actual earnings thereon. Vesting in the Company's discretionary contribution portion of their accounts is based on years of continuous service. Participants vest 20% per year after two years of service and are 100% vested after six years of credited service. Payment of Benefits A participant shall be immediately vested upo n death, retirement, termination of employment due to total and permanent disability, or termination of the Plan. Normal retirement age under the Plan is 65. Upon death, retirement, disability, or termination of employment, partic ipants are eligible for a benefit payment. The Plan also allows hardship and in-service withdrawals as defined in the Plan. The funds in the participant's account are distributed in a lump-s um payment, unless the participant elects another form of distribution allowed by the Plan. Forfeited Accounts Forfeitures of nonvested Company contributi ons may be used to reduce future Company contributions to the Plan. The balance of the forfe itures account at December 31, 2024 and June 30, 2024 was $1,660 and $576, respectively. No forfeitures were used to reduce Company contributions to the Plan from July 1 to December 31, 2024. Plan Termination | Although it has not expressed any intent to do so, the Company has the right to discontinue its contributions at any time and to termin ate the Plan subject to the provisions of ERISA. In the event of the Plan termination, participants would become 100% vested and receive benefits based on their account balances accumulated to the date of termination of the Plan. NOTE 2 - SIGNIFICANT ACCOUNTING POLICIES Basis of Accounting The financial statements of the Plan have been prepared on the accrual basis of accounting. | Contributions from Plan participants and the Company safe harbor matching contributions are recorded in the plan year in which the particip ant contributions are withheld from compensation. Payment of Benefits Benefits are recorded when paid. Administrative Expenses Certain expenses of maintaining the Plan are paid directly by the Company and are excluded from these financial statements. Fees related to servi ce fees and withdrawals are charged directly to the participant's account and are included in administrativ e expenses. Other investment-related expenses are included in net appreciation in fair value of investments. Estimates | Contributions Participants may elect to make pre-tax and/or Roth salary deferral contributions to the Plan up to the maximum allowed under the appropriate sections of the Internal Revenue Code (IRC). Participants who have attained age 50 before the end of the plan year are eligible to make catch-up contributions. Rollover contributions are allowed subject to conditions set forth in the Plan. The Company contributes a safe harbor matching contribution to the Plan in an amount equal to the sum of 100% of the amount of the participant's contributions that do not exceed 3% of the participant's eligible compensation, plus 50% of the amount of the participant's contributions that exceed 3% of the participant's eligible compensation but do not exceed 5% of the participant's eligible compensation. The safe harbor matching contributio n is calculated each pay period. The Company may also elect to make a discretionary employer matching or profit sharing contribution to the Plan. During the six months from July 1 to December 31, 2024, th e Company did not make any discretionary employer matching or profit sharing contributions to the Plan. | Each participant's account is credited with the participant's contributions and the Company's safe harbor contribution, as well as allocations of (a) the Company's discretionary contributions and (b) Plan earnings and charged with any applicable ad ministrative expenses. Allocations are based on participant earnings, account balances or specific partic ipant transactions, as defined. The benefit to which a participant is entitled is the benefit that can be provided from the participant's vested account. | (7) NOTE 1 - DESCRIPTION OF THE PLAN (CONTINUED) Vesting Participants are vested immediately in their contributions and employer safe harbor contributions plus actual earnings thereon. Vesting in the Company's discretionary contribution portion of their accounts is based on years of continuous service. Participants vest 20% per year after two years of service and are 100% vested after six years of credited service. Payment of Benefits A participant shall be immediately vested upo n death, retirement, termination of employment due to total and permanent disability, or termination of the Plan. Normal retirement age under the Plan is 65. Upon death, retirement, disability, or termination of employment, partic ipants are eligible for a benefit payment. The Plan also allows hardship and in-service withdrawals as defined in the Plan. The funds in the participant's account are distributed in a lump-s um payment, unless the participant elects another form of distribution allowed by the Plan. Forfeited Accounts Forfeitures of nonvested Company contributi ons may be used to reduce future Company contributions to the Plan. The balance of the forfe itures account at December 31, 2024 and June 30, 2024 was $1,660 and $576, respectively. No forfeitures were used to reduce Company contributions to the Plan from July 1 to December 31, 2024. Plan Termination | Although it has not expressed any intent to do so, the Company has the right to discontinue its contributions at any time and to termin ate the Plan subject to the provisions of ERISA. In the event of the Plan termination, participants would become 100% vested and receive benefits based on their account balances accumulated to the date of termination of the Plan. NOTE 2 - SIGNIFICANT ACCOUNTING POLICIES Basis of Accounting The financial statements of the Plan have been prepared on the accrual basis of accounting. | Contributions from Plan participants and the Company safe harbor matching contributions are recorded in the plan year in which the particip ant contributions are withheld from compensation. Payment of Benefits Benefits are recorded when paid. Administrative Expenses Certain expenses of maintaining the Plan are paid directly by the Company and are excluded from these financial statements. Fees related to servi ce fees and withdrawals are charged directly to the participant's account and are included in administrativ e expenses. Other investment-related expenses are included in net appreciation in fair value of investments. Estimates",1,"The Company contributes a safe harbor matching contribution to the Plan in an amount equal to the sum of 100% of the amount of the participant's contributions that do not exceed 3% of the participant's eligible compensation, plus 50% of the amount of the participant's contributions that exceed 3% of the participant's eligible compensation but do not exceed 5% of the participant's eligible compensation.",,,safe_harbor_match,1,The Company may also elect to make a discretionary employer matching or profit sharing contribution to the Plan.,0,1,,0,vesting mentioned,high
BBW FAMILY HOLDINGS INC. 401(K) PLAN,BBW FAMILY HOLDINGS INC. 401(K) PLAN_2024.pdf,,0,,,,,0,,0,0,,0,,low
SANTA ROSA COMMUNITY HEALTH CENTERS 403(B) PLAN,SANTA ROSA COMMUNITY HEALTH CENTERS 403(B) PLAN_2024.pdf,"3 2024 2023 Assets Investments, at fair value Registered investment companies 33,462,373 $ 28,214,674 $ Guaranteed investment cont ract, at contract value 151,089 131,432 Total investments 33,613,462 28,346,106 Receivables Notes receivable from participants 568,700 399,689 Receivable from employer 87 46,981 Receivable from employees 50 54,964 Total receivables 568,837 501,634 Total assets 34,182,299 28,847,740 Net assets available for plan benefits 34,182,299 $ 28,847,740 $ See accompanying notes to the financial statementsSanta Rosa Community Health Centers 403(b) Plan Statement of Net Assets Available for Plan Benefits December 31, 2024 and 2023 5 Additions Investment income Net realized and unrealized gain on investments 2,271,231 $ Interest and dividend income 1,241,035 Net investment income 3,512,266 Interest income on notes receivable from participants 34,661 Contributions Employer contributions 1,335,010 Participant contributions 1,947,026 Participant rollover contributions 502,178 Total contributions 3,784,214 Total additions 7,331,141 Deductions Distributions to participants 1,988,982 Administrative expenses 7,600 Total deductions 1,996,582 Change in net assets 5,334,559 Net assets available for plan be nefits at beginning of year 28,847,740 Net assets available for plan benefits at end of year 34,182,299 $ See accompanying notes to the financial statementsSanta Rosa Community Health Centers 403(b) Plan Statement of Changes in Net Assets Available for Plan Benefits Year Ended December 31, 2024 6 | Eligibility: For elective deferral contributions, employ ees of the Company are able to make deferrals upon employment. For employer contributions, eligible employees may begin to participate starting on the 1st day of the month after six months of continuous active employment. Contributions: Contributions to the Plan are made by employees as elective deferrals from their regular payroll. Additional contributions to the Plan are made at the discretion of the Company. Currently the company is making contributions as follows: for an employee's period of employment from six months to three years – 3.0%; for an employee's period of employm ent from four years to six years – 4.5%; and for an employee's period of employment greater than six years – 6.0%. Any additional contributions by the Company would be at the sole discretion of the Company. The Company made contributions totaling $1,335,010 for the plan year ended December 31, 2024. Participant accounts: Each participant's account is credited with the participant's contributions and employer contributions as well as allocations of Plan earnings. Participant accounts are charged with an allocation of administrative expenses that are paid by the Plan. Allocations are based on participant earnings, account balances, or specific participant transactions, as defined. The benefit to which a participant is entitled is the benefit that can be provided from the participant's vested account. Participants direct the investment of their account into various investment options offered by the Plan. Vesting: Participants in the Plan become fully vested immediately upon start of participation in the plan for employee elective deferral contributions. Participants in the Plan become vested in the plan for all employer contributions as follows: year 1 – 25%; year 2 – 50%; year 3 – 75%; and year 4 – 100%. Notes receivable from participants: Participants may borrow from their accounts a minimum of $1,000 up to a maximum equal to the lesser of $50,000 or 50% of their vested account balance. The loans are issued by the Plan and secured by the balance in the participant's account. All loans must be repaid within a period of five years, unless the loan is used to purchase a prin cipal residence, in which case the loan must be repaid within a period of time not to exceed 10 years. Under th e terms of the Plan Agreement, plan loans will bear a reasonable rate of interest determined by the plan administrator. Principal and interest is paid ratably through bi-monthly payroll deductions. As of December 31, 2024, the rate of interest on outstanding loans ranged from 4.25% to 9.50% with various maturities through February 2031. 7 | Payment of Benefits: On termination of service (retirement, death, disability or termination of employment), participants receive a lump-sum payment or a direct rollover distribution into a qualified plan for the amount equal to the value of his or her account. Distributions are subject to applicable provisions of the Plan agreement. Forfeitures: Forfeitures are the nonvested portion of a participant's account that is lost upon termination of employment. Forfeitures are retained in the Plan and may first be used to pay plan expenses, with any remaining amount used to reduce future employer contributions. As of December 31, 2024 and 2023, forfeited nonvested accounts totaled $27,541 and $92,658, respectively. For the year ended December 31, 2024, employer contributions were reduced by $108,900 from forfeited nonvested accounts. NOTE 2 - SIGNIFICANT ACCOUNTING POLICIES Basis of Presentation: The accompanying financial statements have been prepared on the accrual basis of accounting and present the net assets available for plan benefits and the changes in those net assets. Use of Estimates: The preparation of financial statements in conformity with generally accepted accounting principles requires the Plan's management to make estimates and assumptions that may affect certain reported amounts and disclosures. Accordingly, actual results may differ from those estimates. | Although it has not expressed any intention to do so, the Company has the right to terminate the Plan and discontinue its contributions at any time, subject to the provisions of ERISA. If the Plan is terminated, the net assets will be distributed among the participants and beneficiaries of the Plan in accordance with the amount allocated to the account of each participating employee. Upon termination or partial termination of the Plan, all funds in each affected participant's account will be fully vested. 13 Name of Plan: Santa Rosa Community Health Center 403(b) Plan Employer Identification Number: Three-digit 68-0365296 plan number > 001 (b) (c) Identity of Issue, Borrower, Description of Investment, Including Maturity Date, (d) (e) (a) Lessor or Similar Party Rate of Interest , Par or Maturity Value Cost Current Value AMERICAN FD WASHINGTON MUTUAL Mutual Fund N/A 590,100 AMERICAN FDS EUROPACIFIC GRWTH Mutual Fund N/A 540,949 DFA Emerg Mkts Core Eq 2 Port Mutual Fund N/A 578,705 DFA FIVE-YEAR GLOBAL FIXED INC Mutual Fund N/A 154,135 DFA Intl Core Equity 2 Port Mutual Fund N/A 970,015 DFA INTL SUSTAINABILITY CORE Mutual Fund N/A 93,124 DFA US SUSTAINABILITY CORE 1 Mutual Fund N/A 725,016 Fed Hermes Cash Obligations Money Market Account N/A 929,299 FIDELITY 500 INDEX Mutual Fund N/A 2,994,132 Standard Guaranteed Fixed Int Guaranteed Insurance Contract N/A 151,089 VANGUARD HIGH YIELD CORPORATE Mutual Fund N/A 398,981 VANGUARD MID CAP INDEX Mutual Fund N/A 782,102 VANGUARD REAL ESTATE INDEX Mutual Fund N/A 585,274 VANGUARD SMALL CAP INDEX Mutual Fund N/A 1,289,862 VANGUARD TARGET RETIRE 2020 Mutual Fund N/A 170,674 VANGUARD TARGET RETIRE 2025 Mutual Fund N/A 2,232,949 VANGUARD TARGET RETIRE 2030 Mutual Fund N/A 969,215 VANGUARD TARGET RETIRE 2035 Mutual Fund N/A 1,353,390 VANGUARD TARGET RETIRE 2040 Mutual Fund N/A 1,940,329 VANGUARD TARGET RETIRE 2045 Mutual Fund N/A 288,066 VANGUARD TARGET RETIRE 2050 Mutual Fund N/A 2,407,783 Vanguard Target Retire Inc Mutual Fund N/A 7,917,982 VANGUARD TARGET RETIREMNT 2055 Mutual Fund N/A 321,551 VANGUARD TARGET RETIREMNT 2060 Mutual Fund N/A 240,836 VANGUARD TARGET RETIREMNT 2065 Mutual Fund N/A 273,068 VANGUARD TOTAL BOND MKT INDEX Mutual Fund N/A 1,219,003 VANGUARD TOTAL STOCK MKT INDEX Mutual Fund N/A 2,939,743 VANGUARD US GROWTH Mutual Fund N/A 556,089 Participant loans - Interest at 4.25% - 9.50% 568,700 34,182,162 * Party-in-interestSchedule H, Line 4i - Schedule of Assets Schedule of Assets (Held at End of Year) Plan Year Ending: 12/31/2024 14 Name of Plan: Santa Rosa Community Health Center 403(b) Plan Employer Identification Number: Three-digit 68-0365296 plan number > 001 (b) (c) Identity of Issue, Borrower, Description of Investment, Including Maturity Date, (d) (e) (a) Lessor or Similar Party Rate of Interest , Par or Maturity Value Cost Current Value AMERICAN FD WASHINGTON MUTUAL Mutual Fund N/A 590,100 AMERICAN FDS EUROPACIFIC GRWTH Mutual Fund N/A 540,949 DFA Emerg Mkts Core Eq 2 Port Mutual Fund N/A 578,705 DFA FIVE-YEAR GLOBAL FIXED INC Mutual Fund N/A 154,135 DFA Intl Core Equity 2 Port Mutual Fund N/A 970,015 DFA INTL SUSTAINABILITY CORE Mutual Fund N/A 93,124 DFA US SUSTAINABILITY CORE 1 Mutual Fund N/A 725,016 Fed Hermes Cash Obligations Money Market Account N/A 929,299 FIDELITY 500 INDEX Mutual Fund N/A 2,994,132 Standard Guaranteed Fixed Int Guaranteed Insurance Contract N/A 151,089 VANGUARD HIGH YIELD CORPORATE Mutual Fund N/A 398,981 VANGUARD MID CAP INDEX Mutual Fund N/A 782,102 VANGUARD REAL ESTATE INDEX Mutual Fund N/A 585,274 VANGUARD SMALL CAP INDEX Mutual Fund N/A 1,289,862 VANGUARD TARGET RETIRE 2020 Mutual Fund N/A 170,674 VANGUARD TARGET RETIRE 2025 Mutual Fund N/A 2,232,949 VANGUARD TARGET RETIRE 2030 Mutual Fund N/A 969,215 VANGUARD TARGET RETIRE 2035 Mutual Fund N/A 1,353,390 VANGUARD TARGET RETIRE 2040 Mutual Fund N/A 1,940,329 VANGUARD TARGET RETIRE 2045 Mutual Fund N/A 288,066 VANGUARD TARGET RETIRE 2050 Mutual Fund N/A 2,407,783 Vanguard Target Retire Inc Mutual Fund N/A 7,917,982 VANGUARD TARGET RETIREMNT 2055 Mutual Fund N/A 321,551 VANGUARD TARGET RETIREMNT 2060 Mutual Fund N/A 240,836 VANGUARD TARGET RETIREMNT 2065 Mutual Fund N/A 273,068 VANGUARD TOTAL BOND MKT INDEX Mutual Fund N/A 1,219,003 VANGUARD TOTAL STOCK MKT INDEX Mutual Fund N/A 2,939,743 VANGUARD US GROWTH Mutual Fund N/A 556,089 Participant loans - Interest at 4.25% - 9.50% 568,700 34,182,162 * Party-in-interestSchedule H, Line 4i - Schedule of Assets Schedule of Assets (Held at End of Year) Plan Year Ending: 12/31/2024 14",0,,,,,1,Additional contributions to the Plan are made at the discretion of the Company.,0,0,,0,vesting mentioned,medium
"ZABEL & ASSOCIATES, PC 401(K)","ZABEL & ASSOCIATES, PC 401(K)_2024.pdf",,0,,,,,0,,0,0,,0,,low
MAIONE INC 401(K) PROFIT SHARING PLAN & TRUST,MAIONE INC 401(K) PROFIT SHARING PLAN & TRUST_2024.pdf,,0,,,,,0,,0,0,,0,,low
"R & D BAKERY, INC. 401(K) PROFIT SHARING PLAN","R & D BAKERY, INC. 401(K) PROFIT SHARING PLAN_2024.pdf",,0,,,,,0,,0,0,,0,,low
"RENDA ENVIRONMENTAL, INC. 401(K) PROFIT SHARING PLAN","RENDA ENVIRONMENTAL, INC. 401(K) PROFIT SHARING PLAN_2024.pdf",,0,,,,,0,,0,0,,0,,low
PSEMI CORPORATION 401(K) PLAN,PSEMI CORPORATION 401(K) PLAN_2024.pdf,"General The Plan was originally adopted on August 1, 1996, to qualify as a defined contribution plan for eligible employees of pSemi Corporation (the Company or Sponsor). The Plan has a pre-tax salary reduction provision as defined under Section 401(k) of the Internal Revenue Code (the IRC). The Plan also allows for after-tax contributions as defined under the Roth 401(k) provisions. It is subject to the provisions of the Employee Retirement Income Security Act of 1974 (ERISA). Participant Eligibility The Company's employees will be eligible to participate in the Plan upon attaining the age of 21 with no minimum service requirement. The Company's employees who are residents of Puerto Rico, covered by a collective bargaining agreement, leased employees, or are nonresident aliens with no income from a U.S. source are not eligible to participate in the Plan. Eligible employees can enter the Plan immediately upon meeting all requirements. Contributions The Company's eligible employees may contribute up to 90% of their compensation, subject to the limitations as defined by the IRC, each year on a pre-tax basis by salary reduction. The Plan also allows employees to make contributions on a posttax, Roth 401(k) basis. Participants who have attained age 50 before the end of the Plan year are eligible to make catch-up contributions, also subject to IRC limitations. Participants may also roll over amounts representing distributions from other qualified plans. Participants have the option to designate all or any portion of their elective deferral contributions to be withheld on an after-tax basis as Roth elective deferral contributions. The Plan adopted ""Safe Harbor"" provisions which include automatic enrollment contributions. Under this feature, newly hired eligible employees are automatically enrolled in the Plan with a minimum 3% deferral rate. New hires can opt out upon a written request. The Company makes a Safe Harbor matching contribution based on the following formulas: ● 100% Safe Harbor matching contribution on the first 3% of participant deferral contributions. ● 50% Safe Harbor matching contribution on the next 2% of participant deferral contributions. The Company may make an additional matching and/or discretionary contribution without regard to the Company's current or accumulated profits as determined each year by resolution of the Company's Board of Directors. The additional matching contribution is limited to 4% of eligible compensation. The Company did not make an additional matching contribution or a discretionary contribution during the year ended December 31, 2024. | 7 Participants direct the investment of all contributions to their account into various investment options offered by the Plan. Forfeitures Amounts forfeited from terminating participants' non- vested portion of their discretionary matching contributions and earnings on those contributions are used to first pay reasonable Plan expenses and then to reduce future Company matching contributions. For the year ended December 31, 2024, there were no forfeitures used to fund Company contributions. As of December 31, 2024 and 2023, the total balance of forfeitures was $52 and $1888, respectively. Participant Accounts Individual accounts are maintained for each Plan participant. Each participant's account is credited with the participant's deferral contributions, the Company's matching contributions, allocations of any Company's discretionary contribution, Plan investment income, and charged with any benefit payments and allocations of Plan investment losses and administrative expenses. Allocations are based on participant earnings or account balances, as defined in the Plan agreement. The benefit to which a participant is entitled is the benefit that can be provided from the vested portion of a participant's account. Notes Receivable from Participants Participants may borrow from their accounts at a minimum of $1,000 and up to a maximum equal to the lesser of $50,000 or 50% of their vested account balance. The loans are secured by the balance in the participant's account and must be repaid at a fixed interest rate which is commensurate with local prevailing rates as determined by the Plan. Generally, loans must be repaid within five years, unless the loan was for the purchase of a principal residence. In this case, the repayment period may be extended. Principal and interest are paid ratably through payroll deductions. Vesting Participants are 100% vested in employee, Company match, and Safe Harbor matching Company contributions and earnings on their contributions. Participants vest in the nonelective Company contributions portion of their accounts on a graduated scale over six years and will become 100% vested after six years of credited service. Payment of Benefits Upon termination of service due to death, disabili ty or reaching retirement age, a participant may elect to receive a lump-sum payment equal to the value of the participant's vested interest in their account. Normal retirement under the Plan is age 65. Terminated participants with a total vested benefit of less than $5,000 are subject to an involuntary cash-out distribution even if the participant does not consent to a distribution. Any distribution greater than $1,000 but less than $5,000 that is made without the participant's consent will be rolled over to an individual retirement plan with an affiliate of the Plan's Trustee. | In-service withdrawals are permitted at any time from a participant's rollover contribution account. Upon attainment of age 59½, in-service withdrawals are permitted from all of a participant's vested account balances. In the event of undue financial hardship, in-service withdrawals, subject to a | 8 minimum $500 amount, are permitted from a participant's deferral contribution account as well as the vested portion of their profit sharing and match accounts. In accordance with the Plan provisions and IRC, participants that have reached the age of 72 or older are required to receive Required Minimum Distributions. | Although it has not expressed any intent to do so, the Company has the right under the Plan to discontinue its contributions at any time and to terminate the Plan subject to the provisions of ERISA. In the event of Plan termination, participants will become 100% vested in their accounts.",1,The Company makes a Safe Harbor matching contribution based on the following formulas: ● 100% Safe Harbor matching contribution on the first 3% of participant deferral contributions.,,90%,safe_harbor_match,1,"Contributions The Company's eligible employees may contribute up to 90% of their compensation, subject to the limitations as defined by the IRC, each year on a pre-tax basis by salary reduction.",0,1,Eligibility The Company's employees will be eligible to participate in the Plan upon attaining the age of 21 with no minimum service requirement,1,vesting mentioned; collective bargaining mentioned,high
"PHILIP O. MENDELOVITZ, D.D.S., A.P.C. 401(K) PROFIT SHARING PLAN","PHILIP O. MENDELOVITZ, D.D.S., A.P.C. 401(K) PROFIT SHARING PLAN_2024.pdf",,0,,,,,0,,0,0,,0,,low
"ON THE RUN, L.L.C. PROFIT SHARING AND 401(K) PLAN","ON THE RUN, L.L.C. PROFIT SHARING AND 401(K) PLAN_2024.pdf",,0,,,,,0,,0,0,,0,,low
"LORI ANDERSON, DDS 401(K) PLAN","LORI ANDERSON, DDS 401(K) PLAN_2024.pdf",,0,,,,,0,,0,0,,0,,low
STONEFIELD ENGINEERING AND DESIGN 401(K) & PROFIT SHARING PLAN,STONEFIELD ENGINEERING AND DESIGN 401(K) & PROFIT SHARING PLAN_2024.pdf,,0,,,,,0,,0,0,,0,,low
"AIG INDUSTRIAL GROUP, LTD. 401(K) PLAN","AIG INDUSTRIAL GROUP, LTD. 401(K) PLAN_2024.pdf",,0,,,,,0,,0,0,,0,,low
MICHAEL K WEBER CPA PLLC 401(K) PROFIT SHARING PLAN & TRUST,MICHAEL K WEBER CPA PLLC 401(K) PROFIT SHARING PLAN & TRUST_2024.pdf,,0,,,,,0,,0,0,,0,,low
TLJ HOLDINGS GROUP LLC 401(K) PROFIT SHARING PLAN & TRUST,TLJ HOLDINGS GROUP LLC 401(K) PROFIT SHARING PLAN & TRUST_2024.pdf,,0,,,,,0,,0,0,,0,,low
HUTTO RETIREMENT ADVISORS 401(K) PROFIT SHARING PLAN & TRUST,HUTTO RETIREMENT ADVISORS 401(K) PROFIT SHARING PLAN & TRUST_2024.pdf,,0,,,,,0,,0,0,,0,,low
"PARADISE ARTISTS, INC. 401(K) PROFIT SHARING PLAN","PARADISE ARTISTS, INC. 401(K) PROFIT SHARING PLAN_2024.pdf","Form 5500 Departm ent of the Treasury Internal Revenue Service Departm ent of Labor Employ ee Benefits Security Administration Pension Benefit Guaranty CorporationAnnual Return/Report of Emplo yee Benefit Plan This form is required to be filed for employ ee benefit plans under sections 104 and 4065 of the E mployee Retire ment Inco me Securit y Act of 1974 (ERISA) and sections 6057(b), and 6058(a) of the Internal Rev enue Code (the Code). Complete all entries in accordance w ith the Instructions to the Form 5500.OMB Nos.1210-0110 1210-0089 2024 This Form is Open to Public Inspection Part I Annual Report Identification Information For calendar plan year 2024 or fiscal plan year beginning and ending A B C D EThis return/report is for: This return/report is: If the plan is a collectively-bargained plan, check here Check box if filing under: If this is a retroactively adopted plan permitted by SECURE Act section 201, check herea multiemployer plan a single-employer plana multiple-employer plan (Filers checking this box must provide participating employer information in accordance with the form instructions.) a DFE (specify) the first return/report an amended return/reportthe final return/report a short plan year return/report (less than 12 months) Form 5558 automatic extension the DFVC program special extension (enter description) Part II Basic Plan Information --- enter all requested information 1a 1b 1c 2a 2b 2c 2dName of plan Three-digit plan number (PN) Effective date of plan Plan sponsor's name (employer, if for a single-employer plan) Mailing address (include room, apt., suite no. and street or P.O. Box) City or town, state or province, country, and ZIP or foreign postal code (If foreign, see instructions)Employer Identification Number (EIN) Plan Sponsor's telephone number Business code (see instructions) Caution: A penalty for the late or incomplete filing of this return/report will be assessed unless reasonable cause is established. Under penalties of perjury and other penalties set forth in the instructions, I declare that I have examined this return/report, including accompanying schedules, statements and attachments, as well as the electronic version of this return/report, and to the best of my knowledge and belief, it is true, correct, and complete. SIGN HERE Signature of plan administrator Date Enter name of individual signing as plan administrator SIGN HERE Signature of employer/plan sponsor Date Enter name of individual signing as employer or plan sponsor SIGN HERE Signature of DFE Date Enter name of individual signing as DFE For Paperwork Reduction Act Notice, see the Instructions for Form 5500. Form 5500 (2024) v. 240311ðïñðïñîðîì ïîñíïñîðîì È ÐßÎßÜ×ÍÛ ßÎÌ×ÍÌÍô ×ÒÝò ìðïøÕ÷ ÐÎÑÚ×Ì ÍØßÎ×ÒÙ ÐÔßÒ ððï ðïñðïñïççï ÐßÎßÜ×ÍÛ ßÎÌ×ÍÌÍô ×ÒÝò ÐòÑò ÞÑÈ íéîìééóðïéîëðí øèðë÷ êìêóèìíí éïïìïð ÓÛÙßÒ ßÒÜÛÎÍÑÒ ÓÛÙßÒ ßÒÜÛÎÍÑÒËÍ ÉÛÍÌÔßÕÛ Ê×ÔÔßÙÛ Ýß çïíëç X XX X 3/5/25 3/5/25 Form 5500 (2024) Page 2 3a 3b 3c 4 4b a c4d 5 5 6 a(1) 6a(1) a(2) 6a(2) b 6b c 6c d 6d e 6e f 6f g(1) 6g(1) g(2)6g(2) h6h 7 7 8a b 9a 9b 10 a bPlan administrator's name and address Same as Plan Sponsor Administrator's EIN Administrator's telephone number If the name and/or EIN of the plan sponsor or the plan name has changed since the last return/report filed for this plan, enter the plan sponsor's name, EIN and the plan name and the plan number from the last return/report:EIN Sponsor's name Plan namePN Total number of participants at the beginning of the plan year Number of participants as of the end of the plan year unless otherwise stated (welfare plans complete only lines 6a(1), 6a(2), 6b, 6c, and 6d). Total number of active participants at the beginning of the plan year Total number of active participants at the end of the plan year Retired or separated participants receiving benefits Other retired or separated participants entitled to future benefits Subtotal. Add lines 6a(2), 6b, and 6c Deceased participants whose beneficiaries are receiving or are entitled to receive benefits Total. Add lines 6d and 6e Number of participants with account balances as of the beginning of the plan year (only defined contribution plans complete this item) Number of participants with account balances as of the end of the plan year (only defined contribution plans complete this item) Number of participants who terminated employment during the plan year with accrued benefits that were less than 100% vested Enter the total number of employers obligated to contribute to the plan (only multiemployer plans complete this item) If the plan provides pension benefits, enter the applicable pension feature codes from the List of Plan Characteristics Codes in the instructions: If the plan provides welfare benefits, enter the applicable welfare feature codes from the List of Plan Characteristics Codes in the instructions: Plan funding arrangement (check all that apply) (1) (2) (3) (4)Insurance Code section 412(e)(3) insurance contracts Trust General assets of the sponsorPlan benefit arrangement (check all that apply) (1) (2) (3) (4)Insurance Code section 412(e)(3) insurance contracts Trust General assets of the sponsor Check all applicable boxes in 10a and 10b to indicate which schedules are attached, and, where indicated, enter the number attached. (See instructions) Pension Schedules (1) R (Retirement Plan Information) (2) MB (Multiemployer Defined Benefit Plan and Certain Money Purchase Plan Actuarial Information) - signed by the plan actuary (3) SB (Single-Employer Defined Benefit Plan Actuarial Information) - signed by the plan actuary (4) DCG (Individual Plan Information) - Number Attached (5) MEP (Multiple-Employer Retirement Plan Information)General Schedules (1) H (Financial Information) (2) I (Financial Information - Small Plan) (3) A (Insurance Information) - Number Attached (4) C (Service Provider Information) (5) D (DFE/Participating Plan Information) (6) G (Financial Transaction Schedules)X 8 6 7 0 1 8 1 9 8 9 0 2E2H2J3D X XX X X X 1 X Form 5500 (2024) Page 3 Part III Form M-1 Compliance Information (to be completed by welfare benefit plans) 11a If the plan provides welfare benefits, was the plan subject to the Form M-1 filing requirements during the plan year? (See instructions and 29 CFR 2520.101-2.) Yes No If ""Yes"" is checked, complete lines 11b and 11c. 11b Is the plan currently in compliance with the Form M-1 filing requirements? (See instructions and 29 CFR 2520.101-2.) Yes No 11c Enter the Receipt Confirmation Code for the 2024 Form M-1 annual report. If the plan was not required to file the 2024 Form M-1 annual report, enter the Receipt Confirmation Code for the most recent Form M-1 that was required to be filed under the Form M-1 filing requirements. (Failure to enter a valid Receipt Confirmation Code will subject the Form 5500 filing to rejection as incomplete.) Receipt Confirmation Code",0,,,,,0,,0,0,,0,,low
THE STONY BROOK SCHOOL 403(B) DEFINED CONTRIBUTION PLAN,THE STONY BROOK SCHOOL 403(B) DEFINED CONTRIBUTION PLAN_2024.pdf,"2024 2023 ASSETS: Investments, at fair value 21,603,063 $ 20,740,593 $ Investments, at contract value 4,334,547 2,796,736 25,937,610 23,537,329 Notes receivable from participants 13,503 21,903 NET ASSETS AVAILABLE FOR BENEFIT S 25,951,113$ 23,559,232 $ THE STONY BROOK SCHOOL 403(B) Statements of Net Assets Available for Benefits December 31,DEFINED CONTRIBUTION PLAN See notes to financial statements -4- THE STONY BROOK SCHOOL 403(B) DEFINED CONTRIBUTION PLAN Statement of Changes in Net Assets Available for Benefits ADDITIONS TO NET ASSETS ATTRIBUTED TO: Investment income: Net appreciation in fair value of investments 2,242,753 $ Interest and dividends 478,366 2,721,119 Interest on notes receivable from participants 986 Other income 38,165 Contributions: Employer 505,513 Employee 654,996 1,160,509 Total Additions 3,920,779 DEDUCTIONS FROM NET ASSETS ATTRIBUTED TO: Bene fits paid to part icipants 1,477,525 Administrative fees 51,373 Total Deductions 1,528,898 Net Change in Net Assets Available for Benefits 2,391,881 NET ASSETS AVAILABLE FOR BENEFITS: Beginning of Year 23,559,232 End of Yea r 25,951,113$ Year Ended December 31, 2024 See notes to financial statements -5- THE STONY BROOK SCHOOL 403(B) DEFINED CONTRIBUTION PLAN Notes to the Financial Statements December 31, 2024 and 2023 1. DESCRIPTION OF THE PLAN: GENERAL CONTRIBUTIONS PARTICIPANT ACCOUNTS VESTING NOTES RECEIVABLE FROM PARTICIPANTSThe Plan is a defined contribution retirement plan covering all employees of The Stony Brook School (the School). The Plan is subject to the provisions of the Employee Retirement Income Security Act of 1974(ERISA). The School's fiduciary committee determines the appropriateness of the Plan's investment offerings, monitors investment performance and reports to the School's Board of Trustees. Participants may apply for a loan from their participan t account. The total of the loans that a participant has outstanding is limited to the lesser of $50,000 or 50 percen t of the participant's account balance. The loans are secured by the balance in the participant's account.Participants may make elective deferral contributions up to the limits prescribed by law. Participants who have attained age 50 and/or have 15 years of service before the end of the Plan year are eligible to make catch-upcontributions. Participants may also contribute amounts representing distributions from other qualified definedbenefit or defined contribution plans. All employees ar e eligible to make electiv e deferrals to the Plan. After completing 30 days of service, participants wh o work in excess of 20 hours a week and are expected to complete 1,000 hours of service within the year are eligib le for employer matching contributions. Temporary and intern employees are excluded from employer contributions. The School provides an employer matchingcontribution of 7.5% of compensation, provided the Participant's elective deferral contributions equal or exceed5%.The following brief description of the Stony Brook School 403(b) Defined Contribution Plan (the Plan) provides only general information. Participants s hould refer to the Summary Plan Description for a more complete description of the Plan's provisions. Each participant's account is credited with the participant's contribution and allocations of (a) the School's contribution and (b) Plan earnings and charged with an allocation of Plan expenses. Allocations are based onparticipant earnings or account balances, as defined. The benefit to which a participant is entitled is the benefit that can be provided from the participant's vested acc ount. All amounts in participant accounts are participant- directed. Participants are vested immediately in all contributions plus actual earnings thereon. -6- THE STONY BROOK SCHOOL 403(B) DEFINED CONTRIBUTION PLAN Notes to the Financial Statements December 31, 2024 and 2023 1. DESCRIPTION OF THE PLAN, continued: NOTES RECEIVABLE FROM PARTICIPANTS, continued: PLAN LOANS PAYMENT OF BENEFITS 2. SIGNIFICANT ACCOUNTING POLICIES: BASIS OF ACCOUNTING USE OF ESTIMATESThe loan interest rate is set at 1% above prime rate, as defined, at inception of the participant loan. Each loan shall be amortized in level payments, not less frequently than quarterly, over a maximum of 5 years (withcertain exceptions for loans used to acquire a principal residence). Participant loans are reported as notes receivable from participants on the statemen t of net assets available for benefits. If a loan is defaulted, the participant has the opportunity to repay the loan, resume current status of the loan by paying missed payments plus interest, of if distribution is available under the Plan and investmentarrangements, request distribution of the note. Participants may borrow from TIAA a minimum of $1,000, up to a maximum equal to the lesser of $50,000 or 50 percent of their account balance. Plan loans are limited to elective contributions. TIAA loans are Plan loansand are excluded from net assets available for benefits. These loans, which total approximately $3,153 and$8,700 as of December 31, 2024 and 2023, respectively, are secured by the balance in the participant's accountand bear interest between 5.58% to 5.73%. Prin cipal and interest are paid ratably monthly. Upon termination of service due to death, disability, retirement, or attaining age 59 ½, a participant with an account balance of $1,000 or more may elect to receive an am ount equal to the value of the participant's vested interest in his or her account in the form of a lump sum, partial payments, installment payments, or annuitycontracts. For termination of service for other reasons, a participant may receive the value of the vested interest in his or her account as a lump sum amount. If the vested balance of the account is less than $1,000, theparticipant will receive a lump sum amount. A particip ant may make a hardship withdrawal from employee elective deferral funds. The financial statements of the Plan ar e prepared on the accrua l basis of accounting. The preparation of the financial statements in confor mity with accounting principles generally accepted in the United States of America requires management to make estimates and assumptions that affect the reportedamounts of assets and liabilities and changes therein, and disclosure of contingent assets and liabilities. Actualresults could differ from those estimates. -7- THE STONY BROOK SCHOOL 403(B) DEFINED CONTRIBUTION PLAN Notes to the Financial Statements December 31, 2024 and 2023 2. SIGNIFICANT ACCOUNTING POLICIES, continued: INVESTMENT VALUATION AND INCOME RECOGNITION PAYMENT OF BENEFITS ADMINISTRATIVE EXPENSES RECLASSIFICATIONS 3. INFORMATION CERTIFIED BY THE QUALIFIED INSTITUTION:Benefits are recorded when paid. The Plan administrator has elected the method of compliance as permitted by 29 CFR 2520.103-8 of the Department of Labor's Rules and Regulations for Reporting and Disclosure under ERISA. Accordingly,Teachers Insurance and Annuity Association of Ame rica (TIAA) and College Retirement Equities Fund (CREF) has certified the completeness and accuracy of all assets reflected on the accompanying statements ofnet assets available for benefits as of December 31, 2024 and 2023, and the related investment activity and interest income on notes receivable from participants reflected in the statement of changes in net assetsavailable for benefits for the year ended December 31, 2024, and the supplemental Schedule H, Line4i–Schedule of Assets (Held at End of Year), as of December 31, 2024. TIAA Trust is the custodian of theportion of the Plan assets invested in mutual fund shares and has authorized TIAA to certify investments held by TIAA Trust. TIAA and CREF are the issuers of the remaining assets in the Plan.",1,"After completing 30 days of service, participants wh o work in excess of 20 hours a week and are expected to complete 1,000 hours of service within the year are eligib le for employer matching contributions.",,,general_match,0,,0,0,,0,vesting mentioned,high
WATERSIDE SCHOOL 403(B) DC PLAN,WATERSIDE SCHOOL 403(B) DC PLAN_2024.pdf,,0,,,,,0,,0,0,,0,,low
"SCHROEDER PUBLISHING COMPANY, INC. 401(K) PROFIT SHARING PLAN","SCHROEDER PUBLISHING COMPANY, INC. 401(K) PROFIT SHARING PLAN_2024.pdf",,0,,,,,0,,0,0,,0,,low
"EXTREME INTERNATIONAL, INC. PROFIT SHARING AND 401(K) PLAN","EXTREME INTERNATIONAL, INC. PROFIT SHARING AND 401(K) PLAN_2024.pdf",,0,,,,,0,,0,0,,0,,low
SHULER HOLDINGS CORP. 401(K) PLAN,SHULER HOLDINGS CORP. 401(K) PLAN_2024.pdf,,0,,,,,0,,0,0,,0,,low
"SCHNEIDER OPTICS, INC. 401(K) SAVINGS PLAN","SCHNEIDER OPTICS, INC. 401(K) SAVINGS PLAN_2024.pdf",,0,,,,,0,,0,0,,0,,low
KLAMATH ANIMAL CLINIC INC 401(K) PROFIT SHARING PLAN & TRUST,KLAMATH ANIMAL CLINIC INC 401(K) PROFIT SHARING PLAN & TRUST_2024.pdf,,0,,,,,0,,0,0,,0,,low
V2SPEED CORPORATION 401(K) PROFIT SHARING PLAN,V2SPEED CORPORATION 401(K) PROFIT SHARING PLAN_2024.pdf,,0,,,,,0,,0,0,,0,,low
DEER CREEK ANIMAL HOSPITAL 401(K),DEER CREEK ANIMAL HOSPITAL 401(K)_2024.pdf,,0,,,,,0,,0,0,,0,,low
"ARTHUR Y. MORI & ASSOCIATES, INC. 401(K) PROFIT SHARING PLAN","ARTHUR Y. MORI & ASSOCIATES, INC. 401(K) PROFIT SHARING PLAN_2024.pdf",,0,,,,,0,,0,0,,0,,low
DAN SANDERS 401(K) PROFIT SHARING PLAN & TRUST,DAN SANDERS 401(K) PROFIT SHARING PLAN & TRUST_2024.pdf,,0,,,,,0,,0,0,,0,,low
"WILSHIRE ESCROW COMPANY, A CORPORATION 401(K) PROFIT SHARING PLAN","WILSHIRE ESCROW COMPANY, A CORPORATION 401(K) PROFIT SHARING PLAN_2024.pdf",,0,,,,,0,,0,0,,0,,low
COMPRION INC 401(K) PROFIT SHARING PLAN & TRUST,COMPRION INC 401(K) PROFIT SHARING PLAN & TRUST_2024.pdf,,0,,,,,0,,0,0,,0,,low
GLENSTONE FOUNDATION 401(K) PLAN,GLENSTONE FOUNDATION 401(K) PLAN_2024.pdf,"X X X 06 30 2020 Q702438A GLENST ONE FOUNDATION 401(K) PLAN FINANCIAL STATEMENTS AND ERISA-REQUIRED SUPPLEMENTAL SCHEDULE AS OF DECEMBER 31, 2024 AND 2023, AND FOR THE YEAR ENDED DECEMBER 31, 2024 GLENSTONE FOUNDATION 401(K) PLAN TABLE OF CONTENTS DECEMBER 31, 2024 AND 2023 INDEPENDENT AUDITORS' REPORT 1 FINANCIAL STATEMENTS STATEMENTS OF NET ASSETS AVAILABLE FOR BENEFITS 5 STATEMENT OF CHANGES IN NET ASSETS AVAILABLE FOR BENEFITS 6 NOTES TO FINANCIAL STATEMENTS 7 ERISA-REQUIRED SUPPLEMENTAL SCHEDULE (ATTACHMENT TO FORM 5500) SCHEDULE H, LINE 4i—SCHEDULE OF ASSETS (HELD AT END OF YEAR) 14 CLA (CliftonLarsonAllen LLP) is an independent network member of CLA Global. See CLAglobal.com/disclaimer . CliftonLarsonAllen LLP CLAconnect.com (1) INDEP ENDENT AUDITORS' REPORT Glenstone 401(k) Plan Oversight Committee Glenstone Foundation 401(k) Plan Potomac, Maryland Report on the Audit of the Financial Statements Scope and Nature of the ERISA Section 103(a)(3)(C) Audit We have performed audits of the accompanying financial statements of Glenstone Foundation 401(k) Plan, an employee benefit plan subject to the Employee Retirement Income Security Act of 1974 (ERISA), as permitted by ERISA Section 103(a)(3)(C) (ERISA Section 103(a)(3)(C) audit). The financial statements comprise the statements of net assets available for benefits as of December 31, 2024 and 2023, and the related statement of changes in net assets available for benefits for the year ended December 31, 2024, and the related notes to the financial statements. Management, having determined it is permissible in the circumstances, has elected to have the audits of Glenstone Foundation 401(k) Plan's financial statements performed in accordance with ERISA Section 103(a)(3)(C) pursuant to 29 CFR 2520.103-8 of the Department of Labor's Rules and Regulations for Reporting and Disclosure under ERISA. As permitted by ERISA Section 103(a)(3)(C), our audits need not extend to any statements or information related to assets held for investment of the plan (investment information) by a bank or similar institution or insurance carrier that is regulated, supervised, and subject to periodic examination by a state or federal agency, provided that the statements or information regarding assets so held are prepared and certified to by the bank or similar institution or insurance carrier in accordance with 29 CFR 2520.103-5 of the Department of Labor's Rules and Regulations for Reporting and Disclosure under ERISA (qualified institution). Management has obtained certifications from a qualified institution as of December 31, 2024 and 2023, and for the year ended December 31, 2024, stating that the certified investment information, as described in Note 3 to the financial statements, is complete and accurate. Opinion In our opinion, based on our audits and on the proc edures performed as described in the Auditors' Responsibilities for the Audit of the Financial Statements section •the amounts and disclosures in the financial statements referred to above, other than those agreed to or derived from the certified investment information, are presented fairly, in all material respects, in accordance with accountin g principles generally accepted in the United States of America. • the information in the financial statements referred to above related to assets held by and certified to by a qualified institution agrees to, or is derived from, in all material respects, the information prepared and certified by an institution that management determined meets the requirements of ERISA Section 103(a)(3)(C). Glenstone 401(k) Plan Oversight Committee Glenstone Foundation 401(k) Plan (2) Basis for Opinion We conducted our audits in accordance with auditing standards generally accepted in the United States of America (GAAS). Our responsibilities under thos e standards are further described in the Auditors' Responsibilities for the Audit of the Financial Statements section of our report. We are required to be independent of Glenstone Foundation 401(k) Plan and to meet our other ethical responsibilities in accordance with the relevant ethical requirements relating to our audits. We believe that the audit evidence we have obtained is sufficient and appropriate to provide a basis for our ERISA Section 103(a)(3)(C) audit opinion. Responsibilities of Management for the Financial Statements Management is responsible for the preparation and fair presentation of the financial statements in accordance with accounting principles generally accepted in the United States of America, and for the design, implementation, and maintenance of internal control relevant to the preparation and fair presentation of financial statements that are free from material misstatement, whether due to fraud or error. Management's election of the ERISA Sect ion 103(a)(3)(C) audit does not affect management's responsibility for the financial statements. In preparing the financial statements, management is required to evaluate whether there are conditions or events, considered in the aggregate, that raise substantial doubt about Glenstone Foundation 401(k) Plan's ability to continue as a going concern for one year after the date that the financial statements are available to be issued. Management is also responsible for maintaining a current plan instrument, including all plan amendments, administering the plan, and determining that the plan's transactions that are presented and disclosed in the financial statements are in conformity with the plan's provisions, including maintaining sufficient records with respect to each of the participants, to determine the benefits due or which may become due to such participants. Auditors' Responsibilities for the Audit of the Financial Statements Except as described in the Scope and Nature of the ERISA Section 103(a)(3)(C) Audit section of our report, our objectives are to obtain reasonable assurance about whether the financial statements as a whole are free from material misstatement, whether due to fraud or error, and to issue an auditors' report that includes our opinion. Reasonable assurance is a high level of assurance but is not absolute assurance and therefore is not a guarantee that an audit conducted in accordance with GAAS will always detect a material misstatement when it exists. The risk of not detecting a material misstatement resulting from fraud is higher than for one resulting from error, as fraud may involve collusion, forgery, intentional omissions, misrepresentations, or the override of internal control. Misstatements are considered material if there is a substantial likeli hood that, individually or in the aggregate, they would influence the judgment made by a reasonable user based on the financial statements. In performing an audit in accordance with GAAS, we: •Exercise professional judgment and maintain professional skepticism throughout the audit. •Identify and assess the risks of material misstatement of the financial stat ements, whether due to fraud or error, and design and perform audit procedures responsive to those risks. Such procedures include examining, on a test basis, evidence regarding the amounts and disclosure s in the financial statemen ts. Glenstone 401(k) Plan Oversight Committee Glenstone Foundation 401(k) Plan (3) •Obtain an understanding of internal control relevant to the audit in order to design audit procedures that are appropriate in the circumstances, but not for the purpose of expressing an opinion on the effectiveness of the Glenstone Foundation 401(k) Plan's internal control.Accordingly, no such opinion is expressed. •Evaluate the appropriateness of accounting policies used and the reasonableness of significant accounting estimates made by management, as well as evaluate the overall presentation of the financial stat ements. • Conclude whether, in our judgment, there are conditions or events, considered in the aggregate, that raise substantial doubt about Glenstone Foundation 401(k) Plan's ability to continue as a going conce rn for a reasonable perio d of time. Our audits did not exte nd to the certified investment information, except for obtaining and reading the certification, comparing the certified investment information with the related information presented and disclosed in the financial statements, and reading the disclosures relating to the certified investment information to assess whether they are in accordance with the presentation and disclosure requirements of accounting principles generally accepted in the United States of America. Accordingly, the objective of an ERISA Section 103(a)(3)(C) audit is not to express an opinion about whether the financial statements as a whole are presented fairly, in all material respects, in accordance with accounting principles generally accepted in the United States of America. We are required to communicate with those charged with governance regarding, among other matters, the planned scope and timing of the audit, significant audit findings, and certain internal control related matters that we identified during the audit. Other Matter — Supplemental Schedule Required by ERISA The supplemental schedule of assets (held at end of year) as of December 31, 2024 is presented for purposes of additional analysis and is not a required part of the financial statements but is supplementary information required by the Departm ent of Labor's Rules and Regulations for Reporting and Disclosure under ERISA. Such information is the responsibility of management and was derived from and relates directly to the underlying accounting and other records used to prepare the financial statements. The information included in the suppl emental schedule, other than that agreed to or derived from the certified investment information, has been subjected to auditing procedures applied in the audits of the financial statements and certai n additional procedures, including comparing and reconciling such information directly to the underlying accounting and other records used to prepare the financial statements or to the financial statements themselves, and other additional procedures in accordance with GAAS. For information included in the supplemental schedule that agreed to or is derived from the certified investment information, we compared such information to the related certified investment information. In forming our opinion on the supplemental schedule, we evaluated whether the supplemental schedule, other than the information agreed to or derived from the certified investment information, including its form and content, is presented in conformity with the Department of Labor's Rules and Regulations for Reporting and Disclosure under ERISA. Glenstone 401(k) Plan Oversight Committee Glenstone Foundation 401(k) Plan (4) In our opinion •the form and content of the supplemental schedule, other than the information in the supplemental schedule that agreed to or is derived fr om the certified in vestment information, is presented, in all material respect s, in conformity with the Department of Labor's Rules and Regulations for Reporting and Disclosure under ERISA. •the information in the supplemental schedule related to assets held by and certif ied to by a qualified in stitution agrees to, or is derived from, in all material respects, the information prepared and certified by an institution that management de termined meets the requirements of ERISA Secti on 103(a)(3)(C). CliftonLarsonAllen LLP Baltimore, Maryland June 6, 2025 GLENSTONE FOUNDATION 401(K) PLAN STATEMENTS OF NET ASSETS AVAILABLE FOR BENEFITS DECEMBER 31, 2024 AND 2023 See accom panying Notes to Financial Statements. (5) 2024 2023 ASSETS INVESTMENTS (at Fair Value ) Mutual Funds 7,716,311 $ 6,663,745 $ Total Investments (at Fair Value) 7,716,311 6,663,745 RECEIVABLES Participant Contributions - 31,723 Employer Contributions 3,594 17,218 Notes Receivables from Participants 102,631 120,157 Total Receivables 106,225 169,098 NET ASSETS AVAILABLE FOR BENEFITS 7,822,536 $ 6,832,843 $ GLENSTONE FOUNDATION 401(K) PLAN STATEMENT OF CHANGES IN NET ASSETS AVAILABLE FOR BENEFITS YEAR ENDED DECEMBER 31, 2024 See accom panying Notes to Financial Statements. (6) ADDITIONS: INVESTMENT INCOME Interest and Dividends 206,791 $ Net Appreciation in Fair Value of Investments 834,872 Net Investment Income 1,041,663 INTEREST INCOME ON NOTES RECEIVABLE FROM PARTICIPANTS 8,731 CONTRIBUTIONS Participant 851,904 Employer 526,036 Rollovers 90,592 Total Contributions 1,468,532 Total Additions 2,518,926 DEDUCTIONS: BENEFITS PAID TO PARTICIPANTS 1,495,246 ADMINISTRATIVE EXPENSES 33,987 Total Deductions 1,529,233 NET INCREASE 989,693 NET ASSETS AVAILABLE FOR BENEFITS: Beginning of Year 6,832,843 End of Year 7,822,536 $ GLENSTONE FOUNDATION 401(K) PLAN NOTES TO FINANCIAL STATEMENTS DECEMBER 31, 2024 AND 2023 (7) NOT E 1 DESCRIPTION OF PLAN The following brief description of the Glenstone Foundation 401(k) Plan (the Plan) provides only general information. Participants should refer to the Plan agreement for a more complete description of the Plan's provisions. General The Plan is a defined contribution plan originally effective January 1, 2015. The Plan has been amended throughout the years to comply with tax legislation. The Plan is subject to the Employee Retirement Income Security Act of 1974 (ERISA). The Board of Directors is responsible for the oversight of the Plan. The 401(k) Plan Oversight Committee determines the appropriateness of the Plan's investment offerings, monitors investment performance, and reports to the Plan's Board. Eligibility The Plan is a defined contribution plan covering all eligible employees of Glenstone Foundation (the Employer). Employees are eligible to contribute immediately upon obtaining 21 years of age. The Plan excludes nonresident aliens. Contributions The Plan includes a salary deferral arrangement allowed under Section 401(k) of the Internal Revenue Code (IRC). Eligible participants are permitted to elect to contribute up to 85% of their compensation as pre-tax 401(k) or Roth contributions to the Plan. The Plan includes an auto-enrollment provision whereby all newly eligible employees will be automatically enrolled in the Plan 35 days after attaining eligibility, unless they affirmatively elect not to participate. Rehired employees will be automatically enrolled in the Plan 30 days after their rehire date, unless they affirmatively elect not to participate. Automatically enrolled participants have their deferral rate set at 3% of eligible compensation, and their contributions invested in the designated default fund until changed by the participant. Participants who have attained age 50 before the end of the Plan year are eligible to make catch-up contributions. Participants may also contribute amounts representing distributions from other qualified defined benefit or defined contribution plans (rollovers). Participants direct the investment of their contributions into various investment options offered by the Plan. The Plan for a safe harbor matching contribution of 100% of deferral contributions up to 6% of eligible compensation during the year ended December 31, 2024. The Employer may decide to make a discretionary nonelective contribution; however, no such contributions were made during the year ended December 31, 2024. In order to be eligible for the nonelective contribution, the participant must be employed on the last day of the Plan year or terminated due to death, disability, or normal retirement. Contributions are subject to certain Internal Revenue Service (IRS) limitations. GLENSTONE FOUNDATION 401(K) PLAN NOTES TO FINANCIAL STATEMENTS DECEMBER 31, 2024 AND 2023 (8) NOT E 1 DESCRIPTION OF PLAN (CONTINUED) Participant Accounts Each participant's account is credited with the participant's contributions, the Employer's matching and nonelective contributions, and an allocation of (a) Plan earnings or losses and (b) administrative expenses. Allocations are based on participant earnings or account balances, or participant transactions, as defined by the Plan document. The benefit to which a participan t is entitled is the benefit that can be provid ed by the participant's vested account. Vesting Participants are vested immediately in their contributions and the Employer's safe harbor matching contributions plus actual earnings thereon. Vesting in the nonelective contributions is based on years of service. A participant is 25% vested after one year, 50% vested after two years, 75% vested after three years, and 100% vested after four years of credited service. Notwithstanding the above, a participant is fully vested upon reaching normal retirement age, death, or disability. Notes Receivable from Participants Participants may borrow from their fund accounts a minimum of $1,000 up to a maximum equal to the lesser of 50% of their vested account balance or $50,000. Loans must be repaid in five years unless the proceeds are used to acquire a primary residence, which then must be repaid in ten years. The loans are collateralized by the balance in the participant's account and bear interest at a reasonable rate as determined by the Plan administrator. Loans are repaid through payroll deductions based upon an established amortization schedule. Payment of Benefits Upon termination of service due to death, disability, termination of service, or retirement, a participant may elect to receive the value of the vested interest in his or her account in the form of a lump-sum distribution, installments, or partial withdrawal. The Plan allows for in-service distributions if a participant reaches age 59½ and hardship distributions subject to Plan provisions. If the balance of the terminated participant's account is between $1,000 and $5,000, the Plan Administrator may authorize that the benefit payment be rolled into an individual retirement account in the participant's name. If a participant terminates employment and the participant's account balance does not exceed $1,000, the Plan Administrator may automatically approve the benefit payment. Forfeitures Forfeited nonvested accounts shall first be used to pay administrative expenses under the plan. Any remaining forfeitures shall be applied to reduce the Employer's contributions. Forfeited nonvested accounts as of December 31, 2024 and 2023 totaled $851 and $369, respectively. There were $-0- forfeitures used to pay administrative expenses for the year ended December 31, 2024. There were no forfeitures used to reduce Employer's contributions for the year ended December 31, 2024. GLENSTONE FOUNDATION 401(K) PLAN NOTES TO FINANCIAL STATEMENTS DECEMBER 31, 2024 AND 2023 (9) NOT E 2 SUMMARY OF SIGNIFICANT ACCOUNTING POLICIES Basis of Accounting The financial statements of the Plan are prepared on the accrual basis of accounting. Use of Estimates The preparation of financial statements in accordance with accounting principles generally accepted in the United States of America (U.S. GAAP) requires the Plan's management to make estimates and assumptions that affect the reported amounts of assets and liabilities and changes therein, and the disclosure of contingent assets and liabilities. Actual results may differ from those estimates. Investment Valuation and Income Recognition Investments are stated at fair value. Fair value is the price that would be received to sell an asset or paid to transfer a liability in an orderly transaction between market participants at the measurement date. The Plan's management determines the Plan's valuation policies utilizing information provided by the investment adviser and trustee. See Note 4 for discussion of fair value measurements. Purchases and sales of securities are recorded on a trade date basis. Interest income is recorded on the accrual basis. Dividends are recorded on the ex-dividend date. Net appreciation includes the Plan's gains and losses on investments bought and sold as well as held during the year. Notes Receivable from Participants Notes receivable from participants are measur ed at their unpaid principal balance plus any accrued but unpaid interest. Interest income is recorded on the accrual basis. Related fees are recorded as administrative expenses and are expensed when they are incurred. No allowance for credit losses has been recorded as of December 31, 2024 and 2023. If a participant ceases to make note repayments and the Plan administrator deems the participant note to be in default, the participant note balance is reduced and a benefit payment is recorded. Payment of Benefits Benefits are recorded when paid. Administrative Expenses Certain expenses of maintaining the Plan are paid directly by the Employer and are excluded from these financial statements. Fees related to the administration of notes receivable from participants and benefit payments are charged directly to the participant's account and are included in administrative expenses. Investment related expenses are included in net appreciation of fair value of investments. Subsequent Events The Plan has evaluated subsequent events through June 6, 2025, the date the financial statements were available to be issued. GLENSTONE FOUNDATION 401(K) PLAN NOTES TO FINANCIAL STATEMENTS DECEMBER 31, 2024 AND 2023 (10) NOT E 3 CERTIFICATION OF INVESTMENT INFORMATION Fidelity Management Trust Company (Fidelity), the trustee of the Plan, has supplied the Plan administrator with certification as to the completeness and accuracy of all investment information and notes receivable from participants reflected on the accompanying statements of net assets available for benefits as of December 31, 2024 and 2023, the statement of changes in net assets available for benefits for the year ended December 31, 2024, and the supplemental schedule of assets (held at end of year) as of December 31, 2024. NOTE 4 FAIR VALUE MEASUREMENTS The framework for measuring fair value provides a fair value hierarchy that prioritizes the inputs to valuation techniques used to measure fair value. The hierarchy gives the highest priority to unadjusted quoted prices in active markets for identical assets or liabilities (Level 1) and the lowest priority to unobservable inputs (Level 3). The three levels of the fair value hierarchy are described as follows: Level 1 – Inputs to the valuation methodology are unadjusted quoted prices for identical assets or liabilities in active markets that the Plan has the ability to access. Level 2 – Inputs other than quoted prices included within Level 1 that are observable for the asset or liability, either directly or indirectly, such as: - quoted prices for similar assets or liabilities in active markets; - quoted prices for identical or similar assets or liabilities in inactive market s; - inputs other than quoted prices that are observable for the asset or liability; - inputs that are derived principally from or corroborated by observable market data by corr elation or ot her means. If the asset or liability h as a specified (contractual) term, the Level 2 input must be observable for substantially the full term of the asset or liability. Level 3 – Inputs to the valuation methodology are unobservable and significant to the fair market value measurement. The asset or liability's fair value measurement level within the fair value hierarchy is based on the lowest level of any input that is significant to the fair value measurement. Valuation techniques maximize the use of observable inputs and minimize the use of unobservable inputs. GLENSTONE FOUNDATION 401(K) PLAN NOTES TO FINANCIAL STATEMENTS DECEMBER 31, 2024 AND 2023 (11) NOT E 4 FAIR VALUE MEASUREMENTS (CONTINUED) Following is a description of the valuation methodology used for assets measured at fair value. There have been no changes in the methodology used at December 31, 2024 and 2023. Mutual Funds : Valued at the daily closing price as reported by the fund. Mutual funds held by the Plan are open-end mutual funds that are registered with the Securities and Exchange Commission. These funds are required to publish their daily net asset value (NAV) and to transact at that price. The mutual funds held by the Plan are deemed to be actively traded. The following tables sets forth by level, within the fair value hierarchy, the Plan's assets at fair value as of December 31: Level 1 Level 2 Level 3 Total Mutual Funds 7,716,311 $ - $ - $ 7,716,311 $ Total Investments at Fair Value 7,716,311 $ - $ - $ 7,716,311 $ Level 1 Level 2 Level 3 Total Mutual Funds 6,663,745 $ - $ - $ 6,663,745 $ Total Investments at Fair Value 6,663,745 $ - $ - $ 6,663,745 $ 2024 2023 NOT E 5 PLAN TERMINATION Although it has not expressed any intent to do so, the Employer has the right under the Plan to discontinue contributions at any time and to terminate the Plan subject to the provisions of ERISA. In the event of Plan termination, participants would be 100% vested in their entire accounts. NOTE 6 PARTY-IN-INTEREST TRANSACTIONS Certain Plan investments are managed by Fidelity, whom is the trustee as defined by the Plan and, therefore, the investment transactions qualify as party-in-interest transactions. Fees incurred by the Plan for investment management services are included in net appreciation in fair value of the investments. These party-in-interest transactions are exempt from the prohibited transaction rules of ERISA. GLENSTONE FOUNDATION 401(K) PLAN NOTES TO FINANCIAL STATEMENTS DECEMBER 31, 2024 AND 2023 (12) N OTE 7 TAX STATUS The Plan adopted a prototype plan which had received an opinion letter dated June 30, 2020, from the IRS which stated that the Plan, as then designed, was in compliance with the applicable requirements of the IRC. The Plan has been amended since receiving the opinion letter. However, the Plan administrator believes the Plan is currently designed and being operated in compliance with the applicable requirements of the IRC and, therefore, believes that the Plan is qualified, and the related trust is tax exempt. U.S. GAAP requires Plan management to eval uate tax positions taken by the Plan and recognize a tax liability if the Employer has taken an uncertain position that more likely than not would not be sustained upon examination by the IRS. The Plan is subject to routine audits by taxing jurisdictions; however, there are currently no audits for any tax periods in progress. NOTE 8 RISKS AND UNCERTAINTIES The Plan invests in various investment securities which are exposed to various risks such as interest rate, market, and credit risk. Due to the level of risk associated with certain investment securities, it is at least reasonably possible that changes in the values of investment securities will occur in the near term and that such changes could materially affect participant's account balances and the amounts reported in the statements of net assets available for benefits. NOTE 9 RECONCILIATION OF FINANCIAL STATEMENTS TO FORM 5500 The following is a reconciliation of net assets available for benefits per the financial statements to net assets per Form 5500 as of December 31: 2024 2023 Net Assets Available for Benefits per Financial Statements 7,822,536 $ 6,832,843 $ Rounding - 1 Less: Employer Contributions Receivable (3,594) (17,218) Less: Participant Contributions Receivable - (31,723) Net Assets Available for Benefits per Form 5500 7,818,942 $ 6,783,903 $ GLENSTONE FOUNDATION 401(K) PLAN NOTES TO FINANCIAL STATEMENTS DECEMBER 31, 2024 AND 2023 (13) NOT E 9 RECONCILIATION OF FINANCIAL STATEMENTS TO FORM 5500 (CONTINUED) The following is a reconciliation of the change in net assets available for benefits per the financial statements to the Form 5500 for the year ended December 31, 2024: Change in Net Assets Available for Benefits per Financial Statements 989,693 $ Rounding (1) Less: Current Year Employer Contributions Receivable (3,594) Plus: Prior Year Participant Contribution Receivable 31,723 Plus: Prior Year Employer Contributions Receivable 17,218 Change in Net Assets Available for Benefits per Form 5500 1,035,039 $ Contributions are recor ded on the financial statements when they are due and on the Form 5500 when they are received. GLENSTONE FOUNDATION 401(K) PLAN E.I.N. 20-5938416 PLAN NO. 001 SCHEDULE H, LINE 4i—SCHEDULE OF ASSETS (HELD AT END OF YEAR) DECEMBER 31, 2024 (14) (a) (b) (c) (d) (e) Identity of Issuer, Description of Investment, Including Borrower, Lessor, Maturity Date, Rate of Interest, or Similar Party Collateral, Par, or Maturity Value Cost** Fair Value Mutual Funds: * Fidelity Freedom 2020 Fund Class K6 Mutual Fund 275,146 $ * Fidelity Freedom 2015 Fund Class K6 Mutual Fund 2,769 * Fidelity Freedom 2025 Fund Class K6 Mutual Fund 938,807 * Fidelity Freedom 2030 Fund Class K6 Mutual Fund 144,196 * Fidelity Freedom 2035 Fund Class K6 Mutual Fund 272,112 * Fidelity Freedom 2040 Fund Class K6 Mutual Fund 380,173 * Fidelity Freedom 2045 Fund Class K6 Mutual Fund 684,687 * Fidelity Freedom 2050 Fund Class K6 Mutual Fund 996,243 * Fidelity Freedom 2055 Fund Class K6 Mutual Fund 453,159 * Fidelity Freedom 2060 Fund Class K6 Mutual Fund 350,085 * Fidelity Freedom 2065 Fund Class K6 Mutual Fund 212,243 * Fidelity Freedom 2070 Fund Class K7 Mutual Fund 54 * Fidelity Blue Chip Growth K6 Fund Mutual Fund 544,009 * Fidelity International Capital Appreciation K6 Fund Mutual Fund 127,917 MFS Mid Cap Growth Fund Class R6 Mutual Fund 103,074 VS Emerging Markets Fund R6 Mutual Fund 75,814 Janus Henderson Growth & Income F und Mutual Fund 15,738 Goldman Sachs Inflation Protection Securities Fund Mutual Fund 32,127 Calvert U.S. Large Cap Core Responsible Index Fund Mutual Fund 19,092 American Funds American Mutual Fund Mutual Fund 93,251 Janus Henderson Triton Fu nd Mutual Fund 35,940 Virtus Duff & Phelps Real Estate Securities Fund Mutual Fund 20,009 Allspring Special Mid Cap Va lue Fund Mutual Fund 50,579 Allspring Special Small Cap Value Fund Mutual Fund 5,393 * Fidelity US Bond Index Fu nd Mutual Fund 170,605 * Fidelity 500 Index Fund Mutual Fund 1,304,876 * Fidelity Global Ex US Index F und Mutual Fund 135,904 * Fidelity Mid Cap Index Fund Mutual Fund 79,980 * Fidelity Small Cap Index Fund Mutual Fund 95,349 * Fidelity Total Bond F und Mutual Fund 36,835 * Fidelity Government Money Market F und Mutual Fund 60,145 Total Mutual Funds 7,716,311 * Participant Loans Interest Rates of 4.25% to 9.50% with Various Maturity Dates - 102,631 7,818,942 $ *In dicates party-in-interest ** Cost omitted for participant-directed accounts",1,"The Plan for a safe harbor matching contribution of 100% of deferral contributions up to 6% of eligible compensation during the year ended December 31, 2024.",,85%,safe_harbor_match,0,The Employer may decide to make a discretionary nonelective contribution;,1,0,Eligibility The Plan is a defined contribution plan covering all eligible employees of Glenstone Foundation (the Employer),0,vesting mentioned,high
JTB LEGACY CORP. 401(K) PLAN,JTB LEGACY CORP. 401(K) PLAN_2024.pdf,,0,,,,,0,,0,0,,0,,low
"NORTH COAST MEDIA, LLC 401(K) PLAN","NORTH COAST MEDIA, LLC 401(K) PLAN_2024.pdf",,0,,,,,0,,0,0,,0,,low
"WILDHAWK ENERGY, INC. 401(K) PROFIT SHARING PLAN","WILDHAWK ENERGY, INC. 401(K) PROFIT SHARING PLAN_2024.pdf",,0,,,,,0,,0,0,,0,,low
BRIAN LEWIS PIERCE D D S 401(K) PROFIT SHARING PLAN & TRUST,BRIAN LEWIS PIERCE D D S 401(K) PROFIT SHARING PLAN & TRUST_2024.pdf,,0,,,,,0,,0,0,,0,,low
"COSMED USA, INC. 401(K) PLAN","COSMED USA, INC. 401(K) PLAN_2024.pdf",,0,,,,,0,,0,0,,0,,low
"DOUBLE EAGLE INVESTMENTS, INC. 401(K) PLAN","DOUBLE EAGLE INVESTMENTS, INC. 401(K) PLAN_2024.pdf",,0,,,,,0,,0,0,,0,,low
WAGNER 401(K) PLAN,WAGNER 401(K) PLAN_2024.pdf,,0,,,,,0,,0,0,,0,,low
"J2 HOLDINGS, INC. 401(K) PROFIT SHARING PLAN","J2 HOLDINGS, INC. 401(K) PROFIT SHARING PLAN_2024.pdf",,0,,,,,0,,0,0,,0,,low
SPERO VENTURES CORP. 401(K) PROFIT SHARING PLAN,SPERO VENTURES CORP. 401(K) PROFIT SHARING PLAN_2024.pdf,,0,,,,,0,,0,0,,0,,low
ALPENA AGENCY 401(K) PLAN,ALPENA AGENCY 401(K) PLAN_2024.pdf,,0,,,,,0,,0,0,,0,,low
STOLTZFUS RVS INC 401(K) PLAN,STOLTZFUS RVS INC 401(K) PLAN_2024.pdf,,0,,,,,0,,0,0,,0,,low
ARCHITECTURAL GLASS & METAL 401(K) PLAN,ARCHITECTURAL GLASS & METAL 401(K) PLAN_2024.pdf,,0,,,,,0,,0,0,,0,,low
HERBERT INSURANCE AGENCY LLC 401(K) PROFIT SHARING PLAN & TRUST,HERBERT INSURANCE AGENCY LLC 401(K) PROFIT SHARING PLAN & TRUST_2024.pdf,,0,,,,,0,,0,0,,0,,low
"RIEGLER BLACKTOP, INC. 401(K) PLAN","RIEGLER BLACKTOP, INC. 401(K) PLAN_2024.pdf",,0,,,,,0,,0,0,,0,,low
GSTEK 401(K) PLAN,GSTEK 401(K) PLAN_2024.pdf,"Receivables: Employer contribution 45,058 36,649 | Contributions: Each year, participants may contribute up to the maximum allowed by law of their pretax annual compensation, as defined in the Plan. Participants who have attained age 50 before the end of the Plan year are eligible to make catch-up contributions. Participants may also contribute amounts representing distributions from other qualified defined benefit or defined contribution plans (rollover). The Company may make matching contributions and profit-sharing contributions to eligible participants. Participants direct the investment of all contributions into various investment options offered by the Plan. Contributions are subject to certain IRS limitations. | Participant accounts: Each participant's account is credited with the participant's contributions and Company matching contributions, as well as allocations of the Company's profit-sharing contribution and Plan earnings. Participant accounts are charged with an allocation of administrative and investment expenses that are paid by the Plan. Allocations are based on participant earnings, account balances, or specific participant transactions, as defined. The benefit to which a participant is entitled is the benefit that can be provided from the participant's vested account. | Vesting: Participants are vested immediately in their contributions and Company matching contributions plus actual earnings thereon. Vesting in the Company's profit-sharing contribution portion of their accounts is based on years of continuous service. A participant is 100 percent vested after 6 years of credited service. | Payment of benefits: On termination of service, a participant may elect to receive either a lump sum amount equal to the value of the participant's vested interest in his or her account or partial payments no less than $1,000. In-service withdrawals are permitted for participants who have attained age 59 1/2 or for a qualified financial hardship. | Forfeited accounts: As of December 31, 2024 and 2023, there were no forfeited nonvested accounts. If available, these accounts will be used to reduce future employer contributions, or to pay administrative expenses of the Plan. No forfeited nonvested accounts were used in 2024. | Contributions: Contributions from Plan participants and the Company contributions are recorded in the year in which the employee contributions are withheld from compensation. | Although it has not expressed any intent to do so, the Company has the right under the Plan to discontinue its contributions at any time and to terminate the Plan subject to the provisions of ERISA. In the event of Plan termination, participants would remain 100 percent vested in their Company matching contributions and become 100 percent vested in their Company profit sharing contributions. | 418402 11-25-24 6a(1), 6a(2), 6b, 6c, 6d 6a(2), 6b, 6c 6d 6e (1) (2) (3) (4) (1) (2) (3) (4) General Schedules Pension Schedules (1) (2) (3) (4) (5) R (1) (2) (3) (4) (5) (6) H I A C D G MB SB DCG MEP Plan administrator's name and address Same as Plan Sponsor Form 5500 (2024) Page Administrator's EIN Administrator's telephone number If the name and/or EIN of the plan sponsor or the plan name has changed since the last return/report filed for this plan, enter the plan sponsor's name, EIN, the plan name and the plan number from the last return/report: EIN PN Sponsor's name Plan Name Total number of participants at the beginning of the plan year Number of participants as of the end of the plan year unless otherwise stated (welfare plans complete only lines and ). Total number of active participants at the beginning of the plan year Total number of active participants at the end of the plan year ~~~~~~~~~~~~~~~~~~~~~ ~~~~~~~~~~~~~~~~~~~~~~~~ Retired or separated participants receiving benefits Other retired or separated participants entitled to future benefits ~~~~~~~~~~~~~~~~~~~~~~~~~~~~~~~ ~~~~~~~~~~~~~~~~~~~~~~~~ Subtotal. Add lines and ~~~~~~~~~~~~~~~~~~~~~~~~~~~~~~~~~~~~~~ Deceased participants whose beneficiaries are receiving or are entitled to receive benefits ~~~~~~~~~~~ ~~~~~~~~~~~~~~~~~~~~~~~~~~~~~~~~~~~~~~~~~~~ Total. Add lines and Number of participants with account balances as of the beginning of the plan year (only defined contribution plans complete this item) Number of participants with account balances as of the end of the plan year (only defined contribution plans complete this item) ~~~~~~~~~~~~~~~~~~~~~~~~~~~~~~~~~~~~~~~~~~ ~~~~~~~~~~~~~~~~~~~~~~~~~~~~~~~~~~~~~~~~~~~~~ Number of participants who terminated employment during the plan year with accrued benefits that were less than 100% vested  Enter the total number of employers obligated to contribute to the plan (only multiemployer plans complete this item)  If the plan provides pension benefits, enter the applicable pension feature codes from the List of Plan Characteristics Codes in the instructions: If the plan provides welfare benefits, enter the applicable welfare feature codes from the List of Plan Characteristics Codes in the instructions: Plan funding arrangement (check all that apply) Plan benefit arrangement (check all that apply) Insurance Code section 412(e)(3) insurance contracts Trust General assets of the sponsor Insurance Code section 412(e)(3) insurance contracts Trust General assets of the sponsor Check all applicable boxes in 10a and 10b to indicate which schedules are attached, and, where indicated, enter the number attached. (See instructions) (Retirement Plan Information) (Financial Information) (Financial Information - Small Plan) (Insurance Information) - Number Attached (Service Provider Information) (DFE/Participating Plan Information) (Financial Transaction Schedules) (Multiemployer Defined Benefit Plan and Certain Money Purchase Plan Actuarial Information) - signed by the plan actuary (Single-Employer Defined Benefit Plan Actuarial Information) - signed by the plan actuary (Individual Plan Information) - Number Attached (Multiple-Employer Retirement Plan Information) 2 3a 3b 3c 4 4b 4d a c 5 6 5 6a(1) 6a(2) 6b 6c 6d 6e 6f 6g(1) 6g(2) 6h 7 a a b c d e f g h (1) (2) (1) (2) 7 8a b 9b 9a 10 b a 206 168 2 33 203 0 203 123 0 2A 2E 2F 2G 2J 2K 2T 3D X X X X X X X 1 X X X 184 117 4 13160522 700842 0712984.000 2024.03050 GSTEK, INC. 07129841",1,The Company may make matching contributions and profit-sharing contributions to eligible participants.,,,general_match,1,"Receivables: Employer contribution 45,058 36,649 | Contributions: Each year, participants may contribute up to the maximum allowed by law of their pretax annual compensation, as defined in the Plan.",0,1,,0,vesting mentioned,high
PLANB CORPORATION 401(K) PLAN,PLANB CORPORATION 401(K) PLAN_2024.pdf,,0,,,,,0,,0,0,,0,,low
"ALLIANCE SHIPPERS, INC. 401(K) SAVINGS PLAN_","ALLIANCE SHIPPERS, INC. 401(K) SAVINGS PLAN__2024.pdf","Each participant's account is credited or charged with contributions, investment income, and administrative expenses. Investment income, including realized and unrealized gains and losses, and expenses are allocated to participants' accounts based on each participant's account balance within each fund. Participants determine the percentage in which contributions are to be invested in each fund. Participants may change their investment options as set forth in the plan document. The benefit to which a participant is entitled is the benefit that can be provided from the participant's vested account. Vesting | Participants are fully vested in that portion of their account which represents their contributions and the income earned thereon. | Participants may borrow from their fund accounts a minimum of $1,000 up to a maximum equal to the lesser of $50,000 or 50 percent of their vested account balance. The loans are secured by the balance in the participant's account. Loans must bear a rate of interest equal to the prime rate. All loans must be repaid within five years unless the proceeds are used to acquire a principal residence, in which case a longer repayment period is allowed. No more than three loans may be outstanding at any time. Principal and interest is generally paid ratably through payroll deductions each pay period. | Although the Plan was established with the intention that it will continue indefinitely, the Company retains the right to discontinue its contributions at any time or to terminate the Plan, subject to the provisions of ERISA. In the event of plan termination, all participants will remain 100% vested in their accounts.",0,,,,,0,,0,0,,0,vesting mentioned,low
"JOHN JARAD, MD, PC, FLEXIBLE 401(K) PROFIT SHARING PLAN","JOHN JARAD, MD, PC, FLEXIBLE 401(K) PROFIT SHARING PLAN_2024.pdf",,0,,,,,0,,0,0,,0,,low
CURRANCE INC 401(K) PROFIT SHARING PLAN & TRUST,CURRANCE INC 401(K) PROFIT SHARING PLAN & TRUST_2024.pdf,"Each year, participants may contribute up to 91 percent of pretax annual compensation, as defined in the Plan. Participants who have attained age 50 before the end of the plan year are eligible to make catch-up contributions. Participants may also designate some of their contributions as after tax contributions to a Roth 401(k) option. Participants may also contribute amounts representing distributions from other qualified defined benefit or defined contribution plans (rollover). Participants direct the investment of their contributions into various investment options offered by the Plan. The Plan includes an auto-enrollment provision whereby all newly eligible employees are automatically enrolled in the Plan unless they affirmatively elect not to participate in the Plan. Automatically enrolled participants have their deferral rate set at 3 percent of eligible compensation, and their contributions invested in a designated balanced fund until changed by the participant. The Company contributes 50 percent of the first six percent of eligible compensation that a participant contributes to the Plan. The matching Company contribution is invested as directed by the participant. Additional profit sharing amounts may be contributed at the option of the Company's board of directors and are invested in a portfolio of investments as directed by the Company. During the years ended December 31, 2024 and 2023, the Company made no profit sharing contributions to the Plan. Contributions are subject to certain Internal Revenue Service (IRS) limitations. | Each participant's account is credited with the participant's contribution and allocations of (a) the Company's contribution and (b) Plan earnings. Participant accounts are charged with an allocation of administrative expenses. Allocations are based on participant earnings, account balances, or specific participant transactions, as defined. The benefit to which a participant is entitled is the benefit that can be provided from the participant's vested account. | Vesting | Participants are vested immediately in their contributions plus actual earnings thereon. Vesting in the Company's contribution portion of their accounts is based on years of continuous service. A participant is 100 percent vested after four years of credited service. | Participants may borrow from their fund accounts a minimum of $1,000 up to a maximum equal to the lesser of $50,000 or 50 percent of their vested account balance. The loans are secured by the balance in the participant's account and bear interest at rates commensurate with local prevailing rates as determined by Plan management. Principal and interest is paid ratably through payroll deductions. | Upon separation of service due to death, disability, retirement or termination of employment, a participant may elect to receive either a lump sum amount equal to the value of the participant's vested interest in his or her account, annual installments, annuity contracts, or partial payments. | Contributions from Plan participants and the matching contributions from the Company are recorded in the year in which the employee contributions are withheld from compensation. | Although it has not expressed any intent to do so, the Company has the right under the Plan to discontinue its contributions at any time and to terminate the Plan subject to the provisions of ERISA. In the event of Plan termination, participants would become 100 percent vested in their Company contributions. | 2024 2023 Net assets available for benefits per the financial statements 1,832,653$ 1,363,742$ Employer contributions receivable (4,618) (4,184) Participant contributions receivable (11,161) (9,884) Excess contributions payable 22,197 38,730 Net assets available benefits per Form 5500 1,839,071$ 1,388,404$ | 2024 2023 Increase in net assets available for benefits before transfer per the financial statement 468,911 $ 516,884 $ Employer contributions receivable at December 31, 2022 - 4,458 Employer contributions receivable at December 31, 2023 4,184 (4,184) Employer contributions receivable at December 31, 2024 (4,618) - Participant contributions receivable at December 31, 2022 - 10,688 Participant contributions receivable at December 31, 2023 9,884 (9,884) Participant contributions receivable at December 31, 2024 (11,161) - Excess contributions payable at December 31, 2022 - (13,327) Excess contributions payable at December 31, 2023 (38,730) 38,730 Excess contributions payable at December 31, 2024 22,197 - Increase in net assets available benefits per Form 5500 450,667 $ 543,365 $",1,| Contributions from Plan participants and the matching contributions from the Company are recorded in the year in which the employee contributions are withheld from compensation.,,,general_match,1,"Each year, participants may contribute up to 91 percent of pretax annual compensation, as defined in the Plan.",0,1,,0,vesting mentioned,high
HAWKER AND JAMES INC. 401(K) PLAN,HAWKER AND JAMES INC. 401(K) PLAN_2024.pdf,,0,,,,,0,,0,0,,0,,low
"THE PRODUCTION MANAGEMENT GROUP, LTD. 401(K) PLAN","THE PRODUCTION MANAGEMENT GROUP, LTD. 401(K) PLAN_2024.pdf",,0,,,,,0,,0,0,,0,,low
HILLCROFT MEDICAL CLINIC ASSOCIATION 401(K) PLAN,HILLCROFT MEDICAL CLINIC ASSOCIATION 401(K) PLAN_2024.pdf,,0,,,,,0,,0,0,,0,,low
MCWANE SALARIED 401(K) RETIREMENT PLAN,MCWANE SALARIED 401(K) RETIREMENT PLAN_2024.pdf,"5 ADDITIONS: Contributions Employer contributions, net of forfeitures 4,866,986 $ Employee contributions 11,695,905 Rollovers 1,697,933 Total contributions 18,260,824 Investment income Net appreciation in fair value of investments 23,312,568 Dividend and interest income 8,332,081 Total investment income 31,644,649 Interest on notes receivable from participants 276,461 Total additions 50,181,934 DEDUCTIONS: Benefits paid 20,922,701 Administrative expenses 103,140 Total deductions 21,025,841 NET CHANGE IN NET ASSETS PRIOR TO TRANSFERS 29,156,093 Net transfers out (140,102) NET ASSETS AVAILABLE FOR BENEFITS AT: BEGINNING OF YEAR 205,022,330 END OF YEAR 234,038,321$ | Contributions Contributions to the Plan may consist of employ ee elective contributions, Employer matching contributions, rollover contributions and Employer discretionary contributions. Employees may contribute up to 60% of their eligible compensation to the Plan subject to annual limitations established by the Internal Revenue Service (IRS). The Plan allows for pretax, Roth and catch-up contributions, as defined. Eligible, newly hired employees have automatic enrollment contributions whereby unless elected otherwise, their compensation will be reduced by 4%, such percentage to be increased annually by 1% up to 10% of compensation. The Employer makes a safe harbor matching contribution equal to 100% of the first 2% of active participants' eligible compensation and 50% of the next 4% of the active participant's eligible compensation, contributed to the Plan. In addition, the Employer may elect to make an additional discretionary contribution to the Plan. There were no discretionary contributions made for the year ended December 31, 2024. Investments Participants direct the investment of their contributions as well as Employer matching and discretionary contributions into various investment options offered by the Plan. The Plan offers a common collective trust and a selection of mutual funds. McWANE SALARIED 401(k) RETIREMENT PLAN NOTES TO THE FINANCIAL STATEMENTS DECEMBER 31, 2024 AND 2023 | 7 Vesting Participant contributions and rollover contributions become fully vested upon receipt. Each participant's matching contributions become fully vested upon normal retirement, disability, death, or after two years of service. Participants employed by Alafacture, LLC (ADI) on or before January 1, 2020, joined the Plan as 100% vested. Any participants subsequently hired at ADI fall under the normal safe harbor match vesting rules noted above. Participant Accounts Each participant's account is credited with the participant's 401(k) contribution, the Employer contribution, and the participant's account earnings. Each participant's account is charged with the participant's withdrawals, the participant's account losses, and an allocation of administrative expenses. The benefit to which a participant is entitled is the benefit that can be provided from the participant's vested account balance. Forfeitures According to the provisions of the Plan document, forfeited balances are applied against future Employer contributions. Forfeiture balances as of December 31, 2024 and 2023, were $61,908 and $64,308, respectively. Forfeitures in the amount of $203,478 were used to reduce Employer contributions for the year ended December 31, 2024. Notes Receivable from Participants Participants may borrow from their fund accounts a minimum of $1,000 up to a maximum equal to the lesser of $50,000 or 50% of their vested account balance. Note receivable transactions are treated as transfers between the participants' fund balance and the note fund. Notes must be repaid, through payroll deductions, within five years unless such note is used to acquire a primary residence. Any outstanding notes are due and payable upon the termination of employment by the participant. The notes are secured by the balance in the participants' accounts and bear interest based on the prime rate of interest on the date of the note. Plan Termination Although it has expressed no intent to do so, the Employer has the right under the Plan to discontinue its contributions at any time and to terminate the Plan subject to the provisions of ERISA. In the event of Plan termination, participants will become 100% vested in their accounts.",1,"5 ADDITIONS: Contributions Employer contributions, net of forfeitures 4,866,986 $ Employee contributions 11,695,905 Rollovers 1,697,933 Total contributions 18,260,824 Investment income Net appreciation in fair value of investments 23,312,568 Dividend and interest income 8,332,081 Total investment income 31,644,649 Interest on notes receivable from participants 276,461 Total additions 50,181,934 DEDUCTIONS: Benefits paid 20,922,701 Administrative expenses 103,140 Total deductions 21,025,841 NET CHANGE IN NET ASSETS PRIOR TO TRANSFERS 29,156,093 Net transfers out (140,102) NET ASSETS AVAILABLE FOR BENEFITS AT: BEGINNING OF YEAR 205,022,330 END OF YEAR 234,038,321$ | Contributions Contributions to the Plan may consist of employ ee elective contributions, Employer matching contributions, rollover contributions and Employer discretionary contributions.",,10% of compensation,safe_harbor_match,1,"5 ADDITIONS: Contributions Employer contributions, net of forfeitures 4,866,986 $ Employee contributions 11,695,905 Rollovers 1,697,933 Total contributions 18,260,824 Investment income Net appreciation in fair value of investments 23,312,568 Dividend and interest income 8,332,081 Total investment income 31,644,649 Interest on notes receivable from participants 276,461 Total additions 50,181,934 DEDUCTIONS: Benefits paid 20,922,701 Administrative expenses 103,140 Total deductions 21,025,841 NET CHANGE IN NET ASSETS PRIOR TO TRANSFERS 29,156,093 Net transfers out (140,102) NET ASSETS AVAILABLE FOR BENEFITS AT: BEGINNING OF YEAR 205,022,330 END OF YEAR 234,038,321$ | Contributions Contributions to the Plan may consist of employ ee elective contributions, Employer matching contributions, rollover contributions and Employer discretionary contributions.",0,0,,0,vesting mentioned,high
"ROYAL CONSULTING SERVICES, INC. 401(K) PLAN","ROYAL CONSULTING SERVICES, INC. 401(K) PLAN_2024.pdf",,0,,,,,0,,0,0,,0,,low
RW SWANSON CORP. 401(K) PLAN,RW SWANSON CORP. 401(K) PLAN_2024.pdf,,0,,,,,0,,0,0,,0,,low
DISABATINO ENTERPRISES 401(K) SAVINGS PLAN,DISABATINO ENTERPRISES 401(K) SAVINGS PLAN_2024.pdf,,0,,,,,0,,0,0,,0,,low
"CARTER HULICK, INC. 401(K) PROFIT SHARING PLAN","CARTER HULICK, INC. 401(K) PROFIT SHARING PLAN_2024.pdf",,0,,,,,0,,0,0,,0,,low
"BRYFOGLE ENTERPRISES, INC. 401(K) PROFIT SHARING PLAN","BRYFOGLE ENTERPRISES, INC. 401(K) PROFIT SHARING PLAN_2024.pdf",,0,,,,,0,,0,0,,0,,low
FIRST STATE BANK 401(K) EMPLOYEE STOCK OWNERSHIP PLAN,FIRST STATE BANK 401(K) EMPLOYEE STOCK OWNERSHIP PLAN_2024.pdf,"Each year, p articipants may contribute between 4% and 50% of their pre-tax annual compensation (as defined) subject to certain maximum limitations impose d by the Internal Revenue Code (""the Code""), as defined in the Plan . Participants may elect to make pre-tax deferrals or Roth deferrals . Participants who attain age 50 before the end of the Plan year are eligible to make catch -up contributions . Rollover contributions are allowed only if such contributions will not jeopardize th e tax-exempt status of the Plan and may be made prior to meeting the eligibility requirements for participation in the Plan . The Company may make discretionary contributions and discretionary matching contribution s. During 20 24, Company ESOP discretionary contribution , and Company discretionary matching contributions included in Employer contributions on the accompanying statement of changes in net assets available for benefits totaled $ 671,699 and $676,834 , respectively . | Each participant's account is credited with the participant's contribution and an allocation of the Company's discretionary matching contribution s (100% match on the first 4% of the participant's eligible compensation) , plan earnings and losses, and charged with an allocation of plan exp enses. Allocations are based on participants' investment elections and earnings or account balances, as defined in the Plan. The benefit to which a participant is entitled is the benefit that can be provided from the partici pant's vested account balance. | Vesting | Participant s are always ful ly vested in their contributions plus earnings and losses thereon. Vesting in the Company's contributions portion of discretionary matching and discretionary profit -sharing contributions is based on years of continuous service . | Vesting in Company contributions and dividends allocated to participant accounts with respect to dividends attributable to shares of Sponsor c ompany common stock made prior to January 1, 2022, shall be subject to the vesting schedule set forth below: | Years of Vesting Service Percentage Payable Less than 2 years 0% 2 but less than 3 years 20% 3 but less than 4 years 40% 4 but less than 5 years 60% 5 but less than 6 years 80% At least 6 years 100% | Vesting in Company contributions and dividends allocated to participant accounts with respect to dividends attributable to shares of Sponsor c ompany common stock made on or after January 1, 2022, shall be subject to the vesting schedule set forth below: | Years of Vesting Service Percentage Payable Less than 1 years 0% 1 but less than 2 years 20% 2 but less than 3 years 40% 3 but less than 4 years 60% 4 but less than 5 years 80% At least 5 years 100% | Participants may borrow from their accounts a minimum of $1,000 as long as the borrowed amount does not exceed the lesser of: (a) one -half of the participant's vested account balance or (b) $50,000 reduced by the participant's greatest outstanding loan bal ance during the 12 months preceding the date of the loan. The loans are secured by the balance in the participant's account and be ar interest at rates ranging from 4.25% to 9.50% which are commensurate with local prevailing rates as determined periodically by the Plan administrator. Loans are required to be repaid within 5 years of the date of the loan except for loans to acquire a principal residence, which may be repaid over a period not to exceed 30 years. Principal and interest are repaid ratably through payrol l deductions. | Terminated participants may forfeit the non -vested portion of their Employer Account balance. A forfeiture will occur in the Plan Year that a terminated participant receives a distribution of the entire vested Account, or after five consecutive one -year br eaks in service for terminated participants who do not receive a distribution. However, forfeited account balances of a terminated participant will be restored according to the Plan when the participant is re -hired before incurring five consecutive one -year breaks in service, and the participant repays the full amount of all distribution s made before the end of the five -year period that begins on the date of re -employment. Unrestored forfeitures are retained in the Plan and are used to first offset the Plan's administrative expenses then to reduce future Employer contributions. At December 31, 2024 and 2023 , forfeited non -vested accounts totaled $99,155 and $79,363 , respectively. During 202 4, new forfeitures net of earnings totaled $ 54,119 . The Plan used $10,010 to reduce administrative expenses , and $24,317 to reduce Company contributions. See Note 7 for other disclosure s of related party and party - in-interest transactions. | Upon termination of service due to death, disability or retirement, participants may receive a lump sum payment equal to thei r vested account balance. | Participants aged 59½ years or older can make withdrawals from their vested account resulting from 401(k) elective deferral contributions, matching contributions, discretionary contributions, employee stock ownership component ( ESOP ) discretionary matching contributions, and ESOP discretionary contributions. To comply with certain requirements of the SECURE Act and IRS regulations, the Plan requires participants to take their first RMD in the year they reach age 7 3. | Participants who are also active employees can request a hardship withdrawal up to their vested account balance, subject to c ertain conditions and restrictions. An active participant with a financial hardship may be able to withdraw all or any part of thei r vested account resulting from 401(k) elective deferral contributions provided the hardship distribution is for: (1) payment of medic al expenses that would be tax deductible; (2) purchase of a primary home; (3) stop eviction from primary home, or stop for eclosure on such home; (4) payment of tuition, related educational fees, and room and board expenses for up to the next 12 months of p ost- secondary education of the participant, spouse, children, or dependents defined in the Plan; (5) burial or funeral exp enses for a deceased parent, spouse, child, or dependents defined in the Plan; and (6) expenses to repair damage to primary home that wou ld be tax deductible. To comply with certain requirements of the SECURE Act and IRS regulations, the Plan waived certai n aspects of the substantiation rule requirements, and the six -month elective deferrals suspension rule for hardship distributions. | While there is no intention to do so, the Company reserves the right to terminate the Plan. In the event of termination of th e Plan, the participants become fully vested in their employer contribution balances, and the net assets of the Plan will be distributed to the participants of the Plan in accordance with the provisions of ERISA.",1,The Company may make discretionary contributions and discretionary matching contribution s.,100%,4%,full_match,1,"Each year, p articipants may contribute between 4% and 50% of their pre-tax annual compensation (as defined) subject to certain maximum limitations impose d by the Internal Revenue Code (""the Code""), as defined in the Plan .",0,0,eligibility requirements for participation in the Plan,0,vesting mentioned,high
PASCHEN CORPORATION 401(K) PLAN,PASCHEN CORPORATION 401(K) PLAN_2024.pdf,,0,,,,,0,,0,0,,0,,low
HOOD VENTURES INC 401(K) PLAN,HOOD VENTURES INC 401(K) PLAN_2024.pdf,,0,,,,,0,,0,0,,0,,low
"MORRISON ETHERIDGE FUNERAL HOME, INC. 401(K) PLAN","MORRISON ETHERIDGE FUNERAL HOME, INC. 401(K) PLAN_2024.pdf",,0,,,,,0,,0,0,,0,,low
"AKP ENTERPRISES, INC. 401(K) PROFIT SHARING PLAN","AKP ENTERPRISES, INC. 401(K) PROFIT SHARING PLAN_2024.pdf",,0,,,,,0,,0,0,,0,,low
"MUNACO SEALING SOLUTIONS, INCORPORATED 401(K) PROFIT-SHARING PLAN","MUNACO SEALING SOLUTIONS, INCORPORATED 401(K) PROFIT-SHARING PLAN_2024.pdf",,0,,,,,0,,0,0,,0,,low
"PHILLIPS ENTERPRISES, INC. 401(K) RETIREMENT PLAN","PHILLIPS ENTERPRISES, INC. 401(K) RETIREMENT PLAN_2024.pdf",,0,,,,,0,,0,0,,0,,low
"EPIPHANY CARE, INC. 401(K) PLAN","EPIPHANY CARE, INC. 401(K) PLAN_2024.pdf",,0,,,,,0,,0,0,,0,,low
FRANKLIN BANK & TRUST COMPANY 401(K) EMPLOYEE STOCK OWNERSHIP PLAN AND TRUST,FRANKLIN BANK & TRUST COMPANY 401(K) EMPLOYEE STOCK OWNERSHIP PLAN AND TRUST_2024.pdf,,0,,,,,0,,0,0,,0,,low
NASR PSYCHIATRIC SERVICES 401(K) PLAN_,NASR PSYCHIATRIC SERVICES 401(K) PLAN__2024.pdf,,0,,,,,0,,0,0,,0,,low
"MAXALEA, INC. 401(K) PLAN_","MAXALEA, INC. 401(K) PLAN__2024.pdf","2024 FORM 5500 – SCHEDULE SB, LINE 19 - DISCOUNTED EMPLOYER CONTRIBUTIONS | Year of Vesting Service: Plan Year during which an employee has at least 1,000 hours of service | Vesting Schedule: All participants are 100% vested in all benefits | Termination Benefit: Actuarial equivalent of Vested Accrued Benefit",0,,,,,0,,0,0,,0,vesting mentioned,low
THE CRITICAL THINKING COMPANY 401(K) PLAN,THE CRITICAL THINKING COMPANY 401(K) PLAN_2024.pdf,,0,,,,,0,,0,0,,0,,low
"CRAZYLEGACYNC, INC. 401(K) PLAN","CRAZYLEGACYNC, INC. 401(K) PLAN_2024.pdf",,0,,,,,0,,0,0,,0,,low
"3-G CONSTRUCTION CO., INC. 401(K) PLAN","3-G CONSTRUCTION CO., INC. 401(K) PLAN_2024.pdf","See accompanying Notes to Financial Statements. (5) 2024 2023 ASSETS INVESTMENTS (at Fair Value) Mutual Funds 11,931,069 $ 10,535,848 $ RECEIVABLES Employer Contributions Receivable 201,350 186,395 Total Assets 12,132,419 10,722,243 LIABILITIES EXCESS CONTRIBUTIONS PAYABLE 25,889 15,316 NET ASSETS AVAILABLE FOR BENEFITS 12,106,530$ 10,706,927 $ | See accompanying Notes to Financial Statements. (6) 2024 2023 ADDITIONS: INVESTMENT INCOME Dividends 767,866 $ 467,063 $ Net Appreciation in Fair Value of Investments 971,625 1,284,563 Total Investment Income 1,739,491 1,751,626 CONTRIBUTIONS Employee 401(k) Deferral 662,818 630,691 Employer Match 201,350 186,395 Total Contributions 864,168 817,086 Total Additions 2,603,659 2,568,712 DEDUCTIONS: BENEFITS PAID TO PARTICIPANTS 1,203,881 290,746 ADMINISTRATIVE EXPENSES 175 2,703 Total Deductions 1,204,056 293,449 NET INCREASE 1,399,603 2,275,263 NET ASSETS AVAILABLE FOR BENEFITS: Beginning of Year 10,706,927 8,431,664 End of Year 12,106,530 $ 10,706,927 $ | Eligibility Employees of 3-G Construction Co., Inc., 3-G Trim, Inc., and Pueblo Lumber Company, Inc., (collectively, the Company) are eligible to participate in the deferral, match, and profit sharing components of the Plan after completion of one year of service and upon turning 18 years of age. Effective January 1, 2023, employees are eligible to participate in the employer discretionary contribution component of the plan upon reaching 18 years of age, earning 1,000 hours of service in a plan year, and being employed on the last day of the plan year. | Contributions The Plan includes a salary deferral arrangement allowed under Section 401(k) of the Internal Revenue Code (IRC). Eligible participants are permitted to elect to have a percentage, limited by Plan provisions, of their compensation contributed as pre-tax 401(k) or Roth contributions to the Plan. Participants who have attained age 50 before the end of the Plan year are eligible to make catch-up contributions. Effective January 1, 2019, the Plan instituted automatic enrollment for employees hired on or after January 1, 2019, in which the Plan Sponsor will automatically withhold 4% of an employee's compensation upon becoming eligible to participate unless otherwise elected by the participant. | Employer matching and profit sharing contributions, as defined by the Plan, are discretionary and may be made by the Company. For the years ended December 31, 2024 and 2023, the Company matched 50% of employee contributions up to 4% of eligible wages. There were no profit sharing or discretionary employer contributions made for the years ended December 31, 2024 and 2023. 3-G CONSTRUCTION CO., INC. 401(K) PLAN NOTES TO FINANCIAL STATEMENTS DECEMBER 31, 2024 AND 2023 | (8) NOTE 1 DESCRIPTION OF PLAN (CONTINUED) Participant Accounts Each participant's account is credited with the participant's contribution, the Company's matching and profit sharing contributions and an allocation of the Plan earnings or losses. Participant accounts are charged with an allocation of administrative expenses that are paid by the Plan. Allocations are based on participant earnings or account balances, or participant transactions, as defined by the Plan. The benefit, to which a participant is entitled, is the benefit that can be provided from the participant's vested account. | Vesting Participants are immediately vested in their salary deferral contributions plus actual earnings or losses thereon. Vesting in the Company discretionary matching and profit sharing contribution portion of their accounts, plus actual earnings thereon, is based on years of service, as defined by the Plan, and the following vesting schedule: | Years of Service Vested Interest Less Than Two -% Two But Less Than Three 20 Three But Less Than Four 40 Four But Less Than Five 60 Five But Less Than Six 80 Six or More 100 | A participant shall become fully (100%) vested in Company discretionary matching and profit sharing contributions upon attainment of normal retirement age while an employee, death while an employee, suffering a disability while an employee, or attaining early retirement age while an employee. | Forfeitures Forfeitures of terminated participants' nonvested amounts may be used to pay administrative expenses or to reduce Employer contributions. Forfeitures totaled $1,031 and $9,493 as of December 31, 2024 and 2023, respectively. There were $1,041 and $9,642 forfeitures used to reduce Employer contributions for the years ended December 31, 2024 and 2023, respectively. There were no forfeitures used to reduce administrative expenses for the years ended December 31, 2024 and 2023. | Benefit Payments Upon termination of service, death, disability, or retirement, a participant may elect to receive the value of the vested interest in his or her account in the form of a lump-sum distribution. If a participant terminates employment and the participant's account balance does not exceed $1,000, the Plan administrator will authorize the benefit payment without the participant's consent. If the balance of the terminated participant's account is between $1,000 and $5,000, the Plan Sponsor may authorize that the benefit payment be rolled into an individual retirement account in the participant's name. | NOTE 6 PLAN TERMINATION Although it has not expressed any intent to do so, the Company has the right under the Plan to discontinue contributions at any time and to terminate the Plan subject to the provisions of ERISA. Participants will become 100% vested upon termination.",1,"(6) 2024 2023 ADDITIONS: INVESTMENT INCOME Dividends 767,866 $ 467,063 $ Net Appreciation in Fair Value of Investments 971,625 1,284,563 Total Investment Income 1,739,491 1,751,626 CONTRIBUTIONS Employee 401(k) Deferral 662,818 630,691 Employer Match 201,350 186,395 Total Contributions 864,168 817,086 Total Additions 2,603,659 2,568,712 DEDUCTIONS: BENEFITS PAID TO PARTICIPANTS 1,203,881 290,746 ADMINISTRATIVE EXPENSES 175 2,703 Total Deductions 1,204,056 293,449 NET INCREASE 1,399,603 2,275,263 NET ASSETS AVAILABLE FOR BENEFITS: Beginning of Year 10,706,927 8,431,664 End of Year 12,106,530 $ 10,706,927 $ | Eligibility Employees of 3-G Construction Co., Inc., 3-G Trim, Inc., and Pueblo Lumber Company, Inc., (collectively, the Company) are eligible to participate in the deferral, match, and profit sharing components of the Plan after completion of one year of service and upon turning 18 years of age.",50%,4%,general_match,1,"(6) 2024 2023 ADDITIONS: INVESTMENT INCOME Dividends 767,866 $ 467,063 $ Net Appreciation in Fair Value of Investments 971,625 1,284,563 Total Investment Income 1,739,491 1,751,626 CONTRIBUTIONS Employee 401(k) Deferral 662,818 630,691 Employer Match 201,350 186,395 Total Contributions 864,168 817,086 Total Additions 2,603,659 2,568,712 DEDUCTIONS: BENEFITS PAID TO PARTICIPANTS 1,203,881 290,746 ADMINISTRATIVE EXPENSES 175 2,703 Total Deductions 1,204,056 293,449 NET INCREASE 1,399,603 2,275,263 NET ASSETS AVAILABLE FOR BENEFITS: Beginning of Year 10,706,927 8,431,664 End of Year 12,106,530 $ 10,706,927 $ | Eligibility Employees of 3-G Construction Co., Inc., 3-G Trim, Inc., and Pueblo Lumber Company, Inc., (collectively, the Company) are eligible to participate in the deferral, match, and profit sharing components of the Plan after completion of one year of service and upon turning 18 years of age.",0,1,Eligibility Employees of 3-G Construction Co,0,vesting mentioned,high
CLIPBOARD INC 401(K) PROFIT SHARING PLAN & TRUST,CLIPBOARD INC 401(K) PROFIT SHARING PLAN & TRUST_2024.pdf,,0,,,,,0,,0,0,,0,,low
DC METRO IMMIGRATION LAW PLLC 401(K) PROFIT SHARING PLAN & TRUST,DC METRO IMMIGRATION LAW PLLC 401(K) PROFIT SHARING PLAN & TRUST_2024.pdf,,0,,,,,0,,0,0,,0,,low
NORTHWEST BANK & TRUST COMPANY 401(K) PLAN,NORTHWEST BANK & TRUST COMPANY 401(K) PLAN_2024.pdf,"ADDITIONS Additions to net assets attributable to: Participant contributions $ 583,987 Employer contributions 241,457 Rollover contributions 1,265,187 Net appreciation in fair value of investments 746,896 Investment Dividends 407,794 Interest income on notes receivable from participants 1,190 TOTAL ADDITIONS 3,246,511 DEDUCTIONS Deductions to net assets attributable to: Benefits paid to participants 517,358 Administrative expenses 162 TOTAL DEDUCTIONS 517,520 NET INCREASE (DECREASE) 2,728,991 TRANSFERS To (From) the PLAN - NET ASSETS AVAILABLE FOR BENEFITS Beginning of year 7,601,913 End of year $ 10,330,904 | For the years ended 2024 and 2023, the Company provided a safe harbor matc hing contribution equal to 100% of a participant's deferrals that are not in exces s of 3% of the participant's Plan compensation plus 50% of a participant's deferrals that exceed 3%, but that do not exceed 5% of the participant's Plan compensation. | Participant and Company contributions are invested as directed by t he participant in investment options offered by the Plan. | Plan termination. Although it has not expressed any intent to do so, the Company has the r ight under the Plan to discontinue contributions at any time and to terminate the Plan subje ct to the provisions of ERISA. In the event of Plan termination, participants would be come 100 percent vested in their accounts. Any unallocated assets of the plan may be allocated to participant accounts or distributed in such a manner as the Company may determine. | Participant accounts. Participants direct their account balance into various investm ent options offered by the Plan. Participant accounts are credited with the participant's cont ributions, the Participating Employer's contributions, if any, and investment earnings and/or losse s and charged with the participant's benefit payments and applicable transactions cha rges, which are considered administrative expenses. Allocations are based on participant compensation, deferrals, or the earnings and losses of the participant's account balances, as def ined. Income is allocated daily based on the number of shares or units in the participant's account. The benefit to which a participant is entitled is the benefit that can be provided from the participant's vested account. | Vesting. Participants are immediately vested in their contributions and the Company's safe harbor contributions plus actual earnings on the contributions. Vesting in t he Company's matching and discretionary contribution portion of their accounts plus actual ear nings thereon is based on years of continuous service as follows: less than 2 years = 0%, 2 to 3 years = 20%, 3 to 4 years = 40%, 4 to 5 years = 60%, 5 to 6 years = 80%, more than 6 years = 100%. A participant is 100 percent vested after 6 years of credited service or attaining the retir ement age of 65, or upon death or disability. | Notes receivable from participants. Participants may borrow from the vested portion of their account balance a minimum of $1,000 up to a maximum of the lesser of $50,000 or 50 percent of their a ccount balance. Loan terms are fixed up to five years, except in the case of a loan used to a cquire a principal residence, in which case the loan term may exceed five years. The loans are secure d by the vested balance in the participant's account and bear interest at a reasonable rate at the time of the loan, generally 1% above the prime rate. Principal and interest are paid ra tably through payroll deductions. | Payment of benefits. On termination of service, death, disability, or retirement, a participant, or their beneficiary, may elect to receive either a lump sum amount equal to the value of the participant's vested interest in his or her account, or installment payments as provided in the pla n document. Participant consent is required only if the distribution is over $1,000. In-service wit hdrawals may be taken after attaining age 59-1/2. Withdrawals may also be made in conjunction with IRS hardship distribution regulations.",0,,,,safe_harbor_match,1,"Vesting in t he Company's matching and discretionary contribution portion of their accounts plus actual ear nings thereon is based on years of continuous service as follows: less than 2 years = 0%, 2 to 3 years = 20%, 3 to 4 years = 40%, 4 to 5 years = 60%, 5 to 6 years = 80%, more than 6 years = 100%.",0,0,,0,vesting mentioned,medium
"QUALITY INTERIORS OF THE CAROLINAS, INC. 401(K) PLAN","QUALITY INTERIORS OF THE CAROLINAS, INC. 401(K) PLAN_2024.pdf",,0,,,,,0,,0,0,,0,,low
CWMF 401(K) PLAN,CWMF 401(K) PLAN_2024.pdf,,0,,,,,0,,0,0,,0,,low
"CULLUM_S CAMPING ADVENTURES, INC. 401(K) PLAN","CULLUM_S CAMPING ADVENTURES, INC. 401(K) PLAN_2024.pdf",,0,,,,,0,,0,0,,0,,low
"ACE INDUSTRIES, INC. 401(K) PROFIT SHARING PLAN","ACE INDUSTRIES, INC. 401(K) PROFIT SHARING PLAN_2024.pdf","ACE INDUSTRIES, INC. 401(k) PROFIT SHARING PLAN Statements of Net Assets Available for Benefits December 31, 2024 2023 Assets: Investments, at fair value: Mutual funds $ 15,148,924 $ 14,018,519 Collective investments 1,691,692 535,666 Cash 17 13 Total investments 16,840,633 14,554,198 Receivables: Notes receivable from participants 239,909 216,782 Net Assets Available for Benefits $ 17,080,542 $ 14,770,980 See notes to financial statements. Page 5 ACE INDUSTRIES, INC. 401(k) PROFIT SHARING PLAN Statement of Changes in Net Assets Available for Benefits For the Year Ended December 31, 2024 Additions to net assets attributed to: Investment income: Net appreciation in fair value of investments $ 1,563,305 Dividends 317,934 Total investment income 1,881,239 Interest income on notes receivable from participants 14,167 Contributions: Employer 369,891 Participants 1,160,206 Rollover 2,121 Total contributions 1,532,218 Total additions 3,427,624 Deductions from net assets attributed to: Benefits paid to participants 1,000,013 Distributions of notes receivable from participants 17,089 Administrative expenses 100,960 Total deductions 1,118,062 Net increase 2,309,562 Net Assets Available for Benefits: Beginning of year 14,770,980 End of year $ 17,080,542 See notes to financial statements. Page 6 ACE INDUSTRIES, INC. 401(k) PROFIT SHARING PLAN Notes to Financial Statements December 31, 2024 and 2023 Note 1 - Description of plan: The following description of the Ace Industries, Inc. 401(k) Profit Sharing Plan (the Plan) provides only general information. Participants should refer to the Plan document for a more complete description of the Plan's provisions. General The Plan sponsor is Ace Industries, Inc. (the Company, Plan Sponsor, or Plan Administrator). The Plan is a defined contribution plan covering substantially all employees of the Company who have at least three months of service and have attained age 18. Plan entry is on the first day of the month following attainment of eligibility requirements. The Plan is subject to the provisions of the Employee Retirement Income Security Act of 1974 (ERISA). Contributions Participants may contribute up to 100% of compensation, as defined in the Plan document, subject to IRS limits. Both deferral and Roth contributions are allowed. Participants who are age 50 or older are permitted to make additional catch-up contributions. Participants may also contribute amounts representing distributions from other qualified defined benefit or defined contribution plans. The Company is required to make matching contributions equal to 50% of the first 6% of eligible compensation that participants contribute to the Plan. The Company may also make discretionary profit-sharing contributions to the Plan. The Company did not make a discretionary profit-sharing contribution for the year ended December 31, 2024. Upon enrollment in the Plan, a participant may direct the investment of employee and employer contributions to any of the Plan's investment options. Participants may change their investment options daily. Participant accounts Each participant's account is credited with the participant's contributions, the Company's contributions, and an allocation of the Plan's earnings and is charged with an allocation of administrative expenses. Allocations are based on participant earnings or account balances, as defined in the Plan document. The benefit to which a participant is entitled is the benefit that can be provided from the participant's vested account. Page 7 ACE INDUSTRIES, INC. 401(k) PROFIT SHARING PLAN Notes to Financial Statements - Continued December 31, 2024 and 2023 Note 1 - Description of plan - continued: Vesting Participants are immediately vested in their contributions plus actual earnings thereon. Vesting in the Company matching and profit-sharing contributions, and earnings thereon, is based on years of continuous service. Participants become 100% vested in Company matching and profit-sharing contributions after three years of service. Participants are immediately vested upon termination of the Plan, upon reaching the normal retirement age of 65, or upon disability or death while an employee of the Plan Sponsor. Forfeitures of terminated participants' non-vested accounts may be used to either reduce employer contributions or to pay administrative expenses of the Plan. At December 31, 2024 and 2023 there were forfeited, non-vested accounts totaling $21,819 and $11,532 , respectively, which are included in the Putnam Stable Value (75) investment. During the year ended December 31, 2024 , $1,234 of forfeitures were used to pay administrative expenses. There were no forfeitures used to reduce employer contributions to the Plan during the year ended December 31, 2024. Payment of benefits A participant is entitled to receive a lump-sum amount equal to the vested value of his or her account upon attainment of age 65 (normal retirement age), termination of service, disability, or death. Upon attainment of age 59 1/2, a participant may elect to withdraw all or part of their deferral contributions and vested employer matching contributions if the participant is still employed by the Company. A participant may request a withdrawal from the Plan while still under the employment of the Company for reasons of financial hardship. Hardship withdrawals are limited to the lesser of the amount of the financial need or the amount of the participant's pre-tax and Roth contributions, and earnings thereon. If a participant's account balance is $7,000 or less upon termination of service, a distribution of the participant's account may be made automatically in a single lump-sum cash distribution to the participant. Participant's who make no distribution election and have an account balance of at least $200 will be transferred to an IRA setup in the participant's name. Participant's with account balances of less than $200 will be distributed directly to the participant. Rollover contributions are not included in the participant's account balance for purposes of determining whether the balance will be automatically distributed upon termination. Page 8 ACE INDUSTRIES, INC. 401(k) PROFIT SHARING PLAN Notes to Financial Statements - Continued December 31, 2024 and 2023 Note 1 - Description of plan - continued: Notes receivable from participants Participants may borrow a minimum of $500 up to the lesser of $50,000 or 50% of the participant's vested account balance. Note terms are for a period not exceeding five years, unless for the purchase of a principal residence, in which case the note repayment period may not extend beyond 30 years. Notes are secured by the balance in the participant's account and bear interest at an agreed-upon percentage based on prevailing market rates at the time of the note. Principal and interest is paid ratably through payroll deductions. Participants are allowed only one outstanding note. Notes receivable from participants are measured at their unpaid principal balance plus any accrued but unpaid interest. Interest income is recorded on the accrual basis. Related fees are recorded as administrative expenses when incurred. No allowance for credit losses has been recorded as of December 31, 2024 or 2023 . Delinquent notes receivable from participants are recorded as a distribution based upon the terms of the Plan document. Administrative expenses Administrative expenses of the Plan are paid by either the Company or the Plan, as determined by the Plan Sponsor. The Company absorbs a portion of the administrative expenses of the Plan. Fees charged for processing loans and distributions, as well as other account transaction fees, are charged directly to the accounts of applicable participants. Note 2 - Summary of significant accounting policies: Basis of accounting The financial statements of the Plan are prepared using the accrual basis of accounting in accordance with accounting principles generally accepted in the United States of America. Collective investments The Plan invests in the Putnam Stable Value (75) investment. This investment is valued using the net asset value (NAV) per unit, as determined by the trustee. NAV is used as a practical expedient to estimate fair value. The value is based upon the units of the collective investment trust held by the Plan at year end multiplied by the respective unit value. The unit value is based on the fair value of the underlying investments. The trust's investment objective is to seek safety of principal and consistency of returns while attempting to maintain minimal volatility. To achieve its investment objective, the fund is primarily invested in fixed income Page 9 ACE INDUSTRIES, INC. 401(k) PROFIT SHARING PLAN Notes to Financial Statements - Continued December 31, 2024 and 2023 Note 2 - Summary of significant accounting policies - continued: Collective investments - continued portfolios that are wrapped by stable value contracts which allow participants to transact at book value. The investment is required to hold cash in order to maintain sufficient liquidity, and may also invest in traditional Guaranteed Investment Contracts (GICs). The investment is subject to a 12-month notice period for withdrawal of assets initiated by the Plan Sponsor. The Plan also invests in various other collective investments. These investments are valued using NAV per unit, as determined by the trustee. NAV is used as a practical expedient to estimate fair value. The value is based upon the units of the collective investment trust held by the Plan at year end multiplied by the respective unit value. The unit value is based on the fair value of the underlying investments. Each of the collective investments have investment objectives which are usually tied to the S&P 500 or another index, depending on the stated objectives of the trust. Written notice is required by some of the investments in the event of a Plan Sponsor initiated withdrawal, as defined by each collective trust investment. Participant initiated transactions are not limited. Withdrawals in the above investments that are initiated by participants will be honored when received, unless payments are being delayed to all participants. The Plan's collective investments have no unfunded commitments as of December 31, 2024 and 2023. Investment valuation and income recognition The Plan's mutual fund, cash, and collective investments are reported at fair value. Fair value is the price that would be received to sell an asset or paid to transfer a liability in an orderly transaction between market participants at the measurement date. These investments are valued at fair value based on a fair value hierarchy that prioritizes the inputs to valuation techniques used to measure fair value. The hierarchy gives the highest priority to unadjusted quoted prices in active markets for identical assets or liabilities (Level 1 measurements) and the lowest priority to unobservable inputs (Level 3 measurements). The three levels of the fair value hierarchy are described as follows: Level 1 Inputs to the valuation methodology are unadjusted quoted prices for identical assets or liabilities in active markets that the Plan has the ability to access. Level 2 Inputs to the valuation methodology include: · Quoted prices for similar assets or liabilities in active markets; Page 10 ACE INDUSTRIES, INC. 401(k) PROFIT SHARING PLAN Notes to Financial Statements - Continued December 31, 2024 and 2023 Note 2 - Summary of significant accounting policies - continued: Investment valuation and income recognition - continued · Quoted prices for identical or similar assets or liabilities in inactive markets; · Inputs other than quoted prices that are observable for the asset or liability; · Inputs that are derived principally from or corroborated by observable market data by correlation or other means. If the asset or liability has a specified (contractual) term, the Level 2 input must be observable for substantially the full term of the asset or liability. Level 3 Inputs to the valuation methodology are unobservable and significant to the fair value measurement. The asset's or liability's fair value measurement level within the fair value hierarchy is based on the lowest level of any input that is significant to the fair value measurement. Valuation techniques used need to maximize the use of observable inputs and minimize the use of unobservable inputs. The following is a description of the valuation methodology used for assets measured at fair value. There have been no changes in the methodology used at December 31, 2024 and 2023. · Mutual funds (shares of registered investment companies) are valued at the net asset value of shares held by the Plan at year-end by obtaining quoted prices on nationally recognized securities exchanges. These investments are actively traded. · Units of participation in the collective investments are valued at the net asset value (NAV) provided by the investment's trustee as a practical expedient to estimate fair value. The NAV is based on the fair value of the underlying investments held less its liabilities. · Cash is held by State Street Bank and Trust Company (SSTB). This account is considered a depository liability of SSTB with no formal underlying maturities. Cash is considered to be fairly valued at cost, which approximates fair value. Page 11 ACE INDUSTRIES, INC. 401(k) PROFIT SHARING PLAN Notes to Financial Statements - Continued December 31, 2024 and 2023 Note 2 - Summary of significant accounting policies - continued: Investment valuation and income recognition - continued The methodology described above may produce a fair value calculation that may not be indicative of net realizable value or reflective of future fair values. Furthermore, while the Plan believes its valuation methodology is appropriate and consistent with other market participants, the use of different methodologies or assumptions to determine the fair value of certain financial instruments could result in a different fair value measurement at the reporting date. The following tables set forth by level, within the fair value hierarchy, the Plan's fair value measurements as of December 31, 2024 and 2023: Fair Value Measurements at December 31, 2024 Quoted Prices In Active Markets for Identical Assets (Level 1)Significant Other Observable Inputs (Level 2)Significant Unobservable Inputs (Level 3) Total Investments measured at fair value: Mutual funds $ 15,148,924 $ - $ -$15,148,924 Cash 17 - - 17 Investments measured at NAV*: Collective investments 1,691,692 Total investments measured at fair value $ 16,840,633 Page 12 ACE INDUSTRIES, INC. 401(k) PROFIT SHARING PLAN Notes to Financial Statements - Continued December 31, 2024 and 2023 Note 2 - Summary of significant accounting policies - continued: Investment valuation and income recognition - continued Fair Value Measurements at December 31, 2023 Quoted Prices In Active Markets for Identical Assets (Level 1)Significant Other Observable Inputs (Level 2)Significant Unobservable Inputs (Level 3) Total Investments measured at fair value: Mutual funds $ 14,018,519 $ - $ -$14,018,519 Cash 13 - - 13 Investments measured at NAV*: Collective investments 535,666 Total investments measured at fair value $ 14,554,198 *In accordance with Subtopic 820-10, certain investments that were measured at net asset value per share (or its equivalent) have not been classified in the fair value hierarchy. The fair value amounts presented in this table are intended to permit reconciliation of the fair value hierarchy to the line items presented in the statements of net assets available for benefits. Purchases and sales of investments are recorded on a trade-date basis. Interest income is accrued when earned. Dividend income is recorded on the ex-dividend date. Estimates The preparation of financial statements in conformity with accounting principles generally accepted in the United States of America requires management to make estimates that affect the amounts reported in the financial statements and accompanying notes. Accordingly, actual results may differ from those estimates. Risks and uncertainties The Plan invests in various investment securities. Investment securities are exposed to various risks, such as interest rate risk, market risk, and credit risk. Due to the level of risk associated with certain investment securities and the level of uncertainty related to changes in the value of investment securities, it is at least reasonably possible that changes in risks in the near term would materially affect participants' account balances and the amounts reported in the accompanying statements of net assets available for benefits. Page 13 ACE INDUSTRIES, INC. 401(k) PROFIT SHARING PLAN Notes to Financial Statements - Continued December 31, 2024 and 2023 Note 2 - Summary of significant accounting policies - continued: Payment of benefits Benefits are recorded when paid. Subsequent events The Plan has evaluated subsequent events through May 19, 2025 , which is the date these financial statements were available to be issued. All subsequent events, if any, requiring recognition as of December 31, 2024, have been incorporated into these financial statements. Note 3 - Investments and information certified by the trustee: Certain information disclosed in the accompanying financial statements and ERISA-required supplemental schedule, including investments and notes receivable from participants held at December 31, 2024 and 2023 , and net appreciation in fair value of investments, interest and dividends, and interest income on notes receivable from participants for the year ended December 31, 2024 , was obtained by management and agreed to or derived from information certified as complete and accurate by the trustee, Reliance Trust Company. Investments that represent 10% or more of the Plan's investments at December 31, 2024 and 2023 are as follows: 2024 2023 American Funds 2030 Target Date Retirement Fund $ 4,109,463 $ 3,552,637 American Funds 2035 Target Date Retirement Fund $ 2,315,461 $ 1,914,695 Note 4 - Party-in-interest transactions: The trustee and its affiliates perform services for the Plan, sell products to the Plan, and manage and maintain certain investments of the Plan for which fees are charged to the Plan. Such transactions, while considered party-in-interest transactions under ERISA, are specifically exempt from the prohibited transaction rules. Page 14 ACE INDUSTRIES, INC. 401(k) PROFIT SHARING PLAN Notes to Financial Statements - Continued December 31, 2024 and 2023 Note 5 - Plan termination: Although it has not expressed any intent to do so, the Company has the right under the Plan to discontinue its contributions at any time and to terminate the Plan subject to the provisions of ERISA. In the event of Plan termination, participants will become 100% vested in their accounts. Note 6 - Tax status: The underlying prototype plan has received an opinion letter from the Internal Revenue Service (IRS) dated June 30, 2020 stating that the form of the Plan is qualified under Section 401(a) of the Internal Revenue Code (IRC), and therefore, the related trust is tax-exempt. The Plan Administrator has determined that it is eligible to and has chosen to rely on the aforementioned IRS prototype plan opinion letter. Once qualified, the Plan is required to operate in conformity with the IRC to maintain its qualification. The Plan Administrator believes the Plan is being operated in compliance with the applicable requirements of the IRC and, therefore, believes that the Plan is qualified and the related trust is tax-exempt. Accounting principles generally accepted in the United States of America require Plan management to evaluate tax positions taken by the Plan and recognize a tax liability or asset if the Plan has taken an uncertain position that more likely than not would not be sustained upon examination by the IRS. The Plan administrator has analyzed the tax positions taken by the Plan, and has concluded that as of December 31, 2024 , there are no uncertain positions taken or expected to be taken that would require recognition of a liability or asset or disclosure in the financial statements. The Plan is subject to routine audits by taxing jurisdictions; however, there are currently no audits for any tax periods in progress. The Plan administrator believes it is no longer subject to income tax examinations for years prior to 2021. Page 15 ACE INDUSTRIES, INC. 401(k) PROFIT SHARING PLAN EIN 58-1290230 Plan Number - 001 December 31, 2024 SCHEDULE H, LINE 4i - SCHEDULE OF ASSETS (HELD AT END OF YEAR) (a) (b) (c) (d) (e) Description of Investment Including Maturity Date, Identity of Issuer, Borrower, Rate of Interest, Collateral, ** Current Lessor, or Similar Party Par, or Maturity Value Cost Value Mutual funds: American Funds 2010 Target Date Retirement Fund Registered Investment Company $ 39,855 American Funds 2020 Target Date Retirement Fund Registered Investment Company 414,244 American Funds 2025 Target Date Retirement Fund Registered Investment Company 1,313,003 American Funds 2030 Target Date Retirement Fund Registered Investment Company 4,109,463 American Funds 2035 Target Date Retirement Fund Registered Investment Company 2,315,461 American Funds 2040 Target Date Retirement Fund Registered Investment Company 1,283,988 American Funds 2045 Target Date Retirement Fund Registered Investment Company 1,340,856 American Funds 2050 Target Date Retirement Fund Registered Investment Company 776,705 American Funds 2055 Target Date Retirement Fund Registered Investment Company 617,085 American Funds 2060 Target Date Retirement Fund Registered Investment Company 149,123 American Funds 2065 Target Date Retirement Fund Registered Investment Company 56,864 BlackRock Global Allocation Fund Registered Investment Company 3,109 Fidelity 500 Index Fund Registered Investment Company 982,381 Hartford Schroders Emerging Markets Equity Fund Registered Investment Company 143,105 JP Morgan Large Cap Growth Fund Registered Investment Company 554,670 JP Morgan Mid Cap Value Fund Registered Investment Company 28,159 MFS International Diversification Fund Registered Investment Company 188,883 MFS Value Fund Registered Investment Company 268,127 Macquarie Small Cap Value Fund Registered Investment Company 47,175 PGIM High Yield Fund Registered Investment Company 116,815 Pimco Real Return Fund Registered Investment Company 168,900 Principal Global Real Estate Securities Institutional Fund Registered Investment Company 47,588 T. Rowe Price Integrated U.S. Small Cap Growth Equity Fund Registered Investment Company 183,365 15,148,924 Page 16 ACE INDUSTRIES, INC. 401(k) PROFIT SHARING PLAN EIN 58-1290230 Plan Number - 001 December 31, 2024 SCHEDULE H, LINE 4i - SCHEDULE OF ASSETS (HELD AT END OF YEAR) - CONTINUED (a) (b) (c) (d) (e) Description of Investment Including Maturity Date, Identity of Issuer, Borrower, Rate of Interest, Collateral, ** Current Lessor, or Similar Party Par, or Maturity Value Cost Value Collective investments: Putnam Stable Value (75) Collective Investment 454,348 Congress Mid Cap Growth Collective Investment 139,254 BNY Mellon SL Mid Cap Stock Index Collective Investment 416,855 BNY Mellon SL Small Cap 600 Stock Index Collective Investment 118,416 Federated Hermes Total Return Bond Collective Investment 120,282 State Street Global All Cap Ex U.S. Index Collective Investment 226,280 State Street U.S. Bond Index Collective Investment 216,257 1,691,692 Cash: * State Street Bank and Trust Company Interest-bearing cash 17 Participant loans: * Participant LoansInterest rates ranging from 4.25% to 9.50% 239,909 $ 17,080,542 * Indicates a party-in-interest to the Plan, as defined by ERISA. ** Cost is not required for participant-directed investments. Note: The above data is based upon information that has been certified as complete and accurate by the trustee, Reliance Trust Company. Page 17",1,The Company is required to make matching contributions equal to 50% of the first 6% of eligible compensation that participants contribute to the Plan.,,100% of compensation,general_match,1,"401(k) PROFIT SHARING PLAN Statements of Net Assets Available for Benefits December 31, 2024 2023 Assets: Investments, at fair value: Mutual funds $ 15,148,924 $ 14,018,519 Collective investments 1,691,692 535,666 Cash 17 13 Total investments 16,840,633 14,554,198 Receivables: Notes receivable from participants 239,909 216,782 Net Assets Available for Benefits $ 17,080,542 $ 14,770,980 See notes to financial statements.",0,1,eligibility requirements,0,vesting mentioned,high
"CLEAN WATER OF NEW YORK, INC. SAVINGS & INVESTMENT 401(K) PLAN","CLEAN WATER OF NEW YORK, INC. SAVINGS & INVESTMENT 401(K) PLAN_2024.pdf",,0,,,,,0,,0,0,,0,,low
VOGT ICE 401(K) PLAN,VOGT ICE 401(K) PLAN_2024.pdf,,0,,,,,0,,0,0,,0,,low
"TADDY, INC 401(K) PLAN","TADDY, INC 401(K) PLAN_2024.pdf",,0,,,,,0,,0,0,,0,,low
EAGLE DISTRIBUTING 401(K) PROFIT SHARING PLAN & TRUST,EAGLE DISTRIBUTING 401(K) PROFIT SHARING PLAN & TRUST_2024.pdf,,0,,,,,0,,0,0,,0,,low
R.J.S. TOOL & GAGE CO. EMPLOYEES_ PROFIT SHARING & 401(K) PLAN,R.J.S. TOOL & GAGE CO. EMPLOYEES_ PROFIT SHARING & 401(K) PLAN_2024.pdf,,0,,,,,0,,0,0,,0,,low
EAST MANUFACTURING CORPORATION 401(K) PLAN,EAST MANUFACTURING CORPORATION 401(K) PLAN_2024.pdf,"Assets Investments Investments at fair value $9,255,901 $7,911,632 Receivables Participant contributions - 11,728 Employer contributions - 1,582 Notes receivable from participants 244,756 158,968 Total receivables 244,756 172,278 Total assets 9,500,657 8,083,910 Liabilities Payables Excess contributions refundable 15,343 - Total liabilities 15,343 - | Net assets available for benefits $9,485,314 $8,083,910 East Manufacturing Corporation 401(k) Plan Statement of Changes in Net Assets Available for Benefits Year Ended December 31, 2024 See notes to financial statements 6 Additions Investment income Interest and dividends $ 376,614 Net appreciation in fair value of investments 938,122 Total investment income 1,314,736 Contributions Participant contributions 851,546 Employer contributions 326,759 Total contributions 1,178,305 Other revenue 9,193 Interest income on notes receivable from participants 8,442 Total additions 2,510,676 | Each year, participants may contribute up to 60% of pretax annual compensation, as defined in the plan document, up to the maximum limits of the Internal Revenue Code (IRC). Effective November 3, 2023, participants also may designate all or a portion of their deferral contributions as after-tax contributions into a Roth account. Participants who have attained age 50 before the end of the plan year are eligible to make catch-up contributions . Participants also may contribute amounts representing distributions from other qualified defined benefit or defined contribution plans (rollover). Participants direct the investment of their contributions into various investment options offered by the Plan. The Plan includes an automatic enrollment provision whereby all newly eligible employees are automatically enrolled in the Plan unless they affirmatively elect not to participate in the Plan. Automatically enrolled participants have their deferral rate set at 5% of eligible compensation and their contributions invested in a designated balanced fund until changed by the participant. Effective January 1, 2024, the Company contributes 60% of the first 5% of base compensation that a participant contributes to the Plan. Prior to January 1, 2024, the Company contributed 20% of the first 5% of base compensation that a participant contributed to the Plan. Additional discretionary amounts may be contributed by the Company at the option of the Board of Directors. For the year ended December 31, 2024, there were no discretionary contributions to the Plan. Contributions are subject to certain Internal Revenue Service (IRS) limitations. Participant Accounts | Each participant's account is credited with the participant's contributions, Company matching contributions, allocations of the Company's discretionary contributions and an allocation of the Plan's earnings. Participant accounts are charged with an allocation of administrative expenses that are paid by the Plan. Allocations are based on participant earnings, account balances or specific participant transactions, as defined. The benefit to which a participant is entitled is the benefit that can be provided from the participant's vested account. Vesting | Participants are vested immediately in their contributions plus actual earnings thereon. Vesting in the Company's contribution portion of their accounts is based on years of continuous service. A participant is 10% vested after one year of credited service, 20% vested after two years of credited service and continues to vest in increments of 20% until 100% vested after six years of credited service. East Manufacturing Corporation 401(k) Plan Notes to Financial Statements December 31, 2024 and 2023 | Participants may borrow from their fund accounts a minimum of $1,000 up to a maximum equal to the lesser of $50,000 or 50% of their vested account balance. The loans are secured by the balance in the participant's account. The loan interest rate is set at 4.25%. Principal and interest are paid ratably through payroll deductions. Terms range from one to five years or greater for the purchase of a primary residence. Payment of Benefits | On termination of service due to death, disability, retirement or other reasons, a participant may elect to receive a lump sum amount equal to the value of the participant's vested interest in his or her account. If a terminated participant's vested balance is less than or equal to $5,000, the amount may be automatically distributed in the form of lump sum cash payment or Individual Retirement Account, depending on the balance. Forfeited Accounts | At December 31, 2024 and 2023, forfeited nonvested accounts totaled $719 and $1,304, respectively. These accounts will be used to reduce future employer contributions or to pay plan administrative expenses. During 2024, plan administrative expenses were reduced by $4,193, from forfeited nonvested accounts, in accordance with plan provisions. | 7.Plan Termination Although it has not expressed any intent to do so, the Company has the right under the Plan to discontinue its contributions at any time and to terminate the Plan subject to the provisions of ERISA. In the event of plan termination, participants would become 100% vested in their employer contributions. | * Mutual Fund Fidelity Contrafund N/R $ 1,676,317 * Mutual Fund Fidelity 500 Index Investment N/R 1,165,958 * Mutual Fund Fidelity Blue Chip GR N/R 736,699 * Mutual Fund Fidelity Freedom Fund 2035 K N/R 550,881 Mutual Fund Baron Growth N/R 528,774 * Mutual Fund Fidelity Freedom Fund 2045 K N/R 378,189 * Mutual Fund Fidelity Freedom Fund 2030 K N/R 364,614 Mutual Fund Dodge & Cox Stock Fund N/R 333,176 * Mutual Fund Fidelity Balanced Fund N/R 314,887 * Mutual Fund Fidelity Freedom Fund 2025 K N/R 314,486 * Mutual Fund Fidelity V alue Fund N/R 309,945 * Mutual Fund Fidelity International Discovery N/R 291,020 * Mutual Fund Fidelity Freedom Fund 2040 K N/R 236,718 * Mutual Fund Fidelity International Index Investment N/R 224,135 * Mutual Fund Fidelity US Bond Index Investment N/R 211,870 Mutual Fund Pimco High Yield Administrative N/R 205,318 * Mutual Fund Fidelity Freedom Fund 2055 K N/R 165,366 * Mutual Fund Fidelity Government Income N/R 164,783 * Mutual Fund Fidelity Freedom Fund 2050 K N/R 154,528 Mutual Fund Harbor Small Cap V alue Fund InstitutionalN/R 130,776 * Mutual Fund Fidelity Freedom Fund 2060 K N/R 107,177 * Mutual Fund Fidelity Freedom Fund 2020 K N/R 72,601 * Mutual Fund Fidelity Extended Market Index N/R 68,526 * Mutual Fund Fidelity Freedom Fund 2065 K N/R 45,146 * Mutual Fund Fidelity Emerging Asia N/R 7,148 Mutual Fund Fidelity Freedom Fund 2070 K N/R 1,447 * Mutual Fund Fidelity Freedom Income N/R 1,217 * Mutual Fund Fidelity Freedom Fund 2015 K N/R 848 * Common-Collective Trust Fidelity Managed Income Portfolio N/R 493,351 * Participant Loans Interest rates at 4.25%, collateralized by vested balance in each participant account, due July 2025 through January 2035$0 244,756 $ 9,500,657 *A party in interest as defined by ERISA N/R - cost omitted for participant directed investments",1,"Participant Accounts | Each participant's account is credited with the participant's contributions, Company matching contributions, allocations of the Company's discretionary contributions and an allocation of the Plan's earnings.",,60%,general_match,1,"Assets Investments Investments at fair value $9,255,901 $7,911,632 Receivables Participant contributions - 11,728 Employer contributions - 1,582 Notes receivable from participants 244,756 158,968 Total receivables 244,756 172,278 Total assets 9,500,657 8,083,910 Liabilities Payables Excess contributions refundable 15,343 - Total liabilities 15,343 - | Net assets available for benefits $9,485,314 $8,083,910 East Manufacturing Corporation 401(k) Plan Statement of Changes in Net Assets Available for Benefits Year Ended December 31, 2024 See notes to financial statements 6 Additions Investment income Interest and dividends $ 376,614 Net appreciation in fair value of investments 938,122 Total investment income 1,314,736 Contributions Participant contributions 851,546 Employer contributions 326,759 Total contributions 1,178,305 Other revenue 9,193 Interest income on notes receivable from participants 8,442 Total additions 2,510,676 | Each year, participants may contribute up to 60% of pretax annual compensation, as defined in the plan document, up to the maximum limits of the Internal Revenue Code (IRC).",0,0,,0,vesting mentioned,high
CURVAFIX 401(K) PLAN,CURVAFIX 401(K) PLAN_2024.pdf,,0,,,,,0,,0,0,,0,,low
HOLLY J BRANIN DMD 401(K) PROFIT SHARING PLAN & TRUST,HOLLY J BRANIN DMD 401(K) PROFIT SHARING PLAN & TRUST_2024.pdf,,0,,,,,0,,0,0,,0,,low
"FOSTER & FOSTER CONSULTING ACTUARIES, INC. 401(K) PLAN","FOSTER & FOSTER CONSULTING ACTUARIES, INC. 401(K) PLAN_2024.pdf",,0,,,,,0,,0,0,,0,,low
PORTER LEE CORPORATION 401(K) PROFIT SHARING PLAN,PORTER LEE CORPORATION 401(K) PROFIT SHARING PLAN_2024.pdf,,0,,,,,0,,0,0,,0,,low
CORNERSTONE PROJECTS GROUP LLC 401(K) PROFIT SHARING PLAN & TRUST,CORNERSTONE PROJECTS GROUP LLC 401(K) PROFIT SHARING PLAN & TRUST_2024.pdf,,0,,,,,0,,0,0,,0,,low
"INDEPENDENT ENDEAVOR, INC. 401(K) PROFIT SHARING PLAN","INDEPENDENT ENDEAVOR, INC. 401(K) PROFIT SHARING PLAN_2024.pdf",,0,,,,,0,,0,0,,0,,low
ESTEPA MANAGEMENT 2 INC 401(K) PROFIT SHARING PLAN & TRUST,ESTEPA MANAGEMENT 2 INC 401(K) PROFIT SHARING PLAN & TRUST_2024.pdf,,0,,,,,0,,0,0,,0,,low
CPM 401(K) PLAN,CPM 401(K) PLAN_2024.pdf,,0,,,,,0,,0,0,,0,,low
PEDERSEN TOYOTA SCION VOLVO 401(K) PLAN,PEDERSEN TOYOTA SCION VOLVO 401(K) PLAN_2024.pdf,"Board of Directors November 27, 2024 Page 2 Opinion In our opinion, based on our audits and on the procedures performed as described in the Auditor's Responsibilities for the Audit of the Financial Statements section: the amounts and disclosures in the financial statements referred to above, other than those agreed to or derived from the certified investment information, are presented fairly , in all material respects, in accordance with accounting principles generally accepted in the United States of America. the information in the financial statements referred to above related to assets held by and certified to by a qualified institution agrees to, or is derived from, in all material respects, the information prepared and certified by an institution that management determined meets the requirements of ERI SA Section 103(a)(3)(C). Basis for Opinion We conducted our audits in accordance with auditing standards generally accepted in the United States of America. Our responsibilities under those standards are further described in the Auditor's Responsibilities for the Audit of the Financial Statements section of our report. We are required to be independent of Pedersen Toyota Scion Volvo 401(k) Plan and to meet our other ethical responsibilities, in accordance with the relevant ethical requirements relating to our audits. We believe that the audit evidence we have obtained is sufficient and appropriate to provide a basis for our ERI SA Section 103(a)(3)(C) audit opinion. Responsibilities of Management for the Financial Statements Management is responsible for the preparation and fair presentation of the financial statements in accordance with accounting principles generally accepted in the United States of America, and for the design, implementation, and maintenance of internal control relevant to the preparation and fair presentation of financial statements that are free from material misstatement, whether due to fraud or error. Management's election of the ERISA Section 103(a)(3)(C) Audit does not affect management's responsibility for the financial statements. In preparing the financial statements, management is required to evaluate whether there are conditions or events, considered in the aggregate, that raise substantial doubt about the Plan's ability to continue as a going concern for one year after the date that the financial statements are available to be issued. Board of Directors November 27, 2024 Page 3 Management is also responsible for maintaining a current plan instrument, including all plan amendments, administering the plan, and determining that the plan's transactions that are presented and disclosed in the financial statements are in conformity with the plan's provisions, including maintaining sufficient records with respect to each of the participants, to determine the benefits due or which may become due to such participants. Auditor's Responsibilities for the Audit of the Financial Statements Except as described in the Scope and Nature of the ERI SA Section 103(a)(3)(C) Audit section of our report, our objectives are to obtain reasonable assurance about whether the financial statements as a whole are free from material misstatement, whether due to fraud or error, and to issue an auditor's report that includes our opinion. Reasonable assurance is a high level of assurance but is not absolute assurance and therefore is not a guarantee that an audit conducted in accordance with generally accepted suditing standards will alway s detect a material misstatement when it exists. The risk of not detecting a material misstatement resulting from fraud is higher than for one resulting from error, as fraud may involve collusion, forgery , intentional omissions, misrepresentations, or the override of internal control. Misstatements are considered material if there is a substantial likelihood that, individually or in the aggregate, they would influence the judgment made by a reasonable user based on the financial statements. In performing an audit in accordance with generally accepted auditing standards, we: Exercise professional judgment and maintain professional skepticism throughout the audit. Identify and assess the risks of material misstatement of the financial statements, whether due to fraud or error, and design and perform audit procedures responsive to those risks. Such procedures include examining, on a test basis, evidence regarding the amounts and disclosures in the financial statements. Obtain an understanding of internal control relevant to the audit in order to design audit procedures that are appropriate in the circumstances, but not for the purpose of expressing an opinion on the effectiveness of the Pedersen Toyota Scion Volvo 401(k) Plan's internal control. Accordingly , no such opinion is expressed. Evaluate the appropriateness of accounting policies used and the reasonableness of significant accounting estimates made by management, as well as evaluate the overall presentation of the financial statements. Conclude whether, in our judgment, there are conditions or events, considered in the aggregate, that raise substantial doubt about Pedersen Toyota Scion Volvo 401(k) Plan's ability to continue as a going concern for a reasonable period of time. Board of Directors November 27, 2024 Page 4 Our audits did not extend to the certified investment information, except for obtaining and reading the certification, comparing the certified investment information with the related information presented and disclosed in the financial statements, and reading the disclosures relating to the certified investment information to assess whether they are in accordance with the presentation and disclosure requirements of accounting principles generally accepted in the United States of America. Accordingly , the objective of an ERISA Section 103(a)(3)(C) audit is not to express an opinion about whether the financial statements as a whole are presented fairly , in all material respects, in accordance with accounting principles generally accepted in the United States of America. We are required to communicate with those charged with governance regarding, among other matters, the planned scope and timing of the audit, significant audit findings, and certain internal control-related matters that we identified during the audit. Supplemental Schedule Required by ERISA The supplemental Schedule of Assets Held for Investment Purposes at End of Year as of February 28, 2024 is presented for purposes of additional analy sis and is not a required part of the financial statements but is supplementary information required by the Department of Labor's Rules and Regulations for Reporting and Disclosure under ERISA. Such information is the responsibility of management and was derived from and relates directly to the underly ing accounting and other records used to prepare the financial statements. The information included in the supplemental schedule, other than that agreed to or derived from the certified investment information, has been subjected to auditing procedures applied in the audits of the financial statements and certain additional procedures, including comparing and reconciling such information directly to the underly ing accounting and other records used to prepare the financial statements or to the financial statements themselves, and other additional procedures in accordance with generally accepted auditing standards. For information included in the supplemental schedule that agreed to or is derived from the certified investment information, we compared such information to the related certified investment information. In forming our opinion on the supplemental schedule, we evaluated whether the supplemental schedule, other than the information agreed to or derived from the certified investment information, including the form and content, is presented in conformity with the Department of Labor's Rules and Regulations for Reporting and Disclosure under ERI SA. Board of Directors November 27, 2024 Page 5 In our opinion: the form and content of the supplemental schedule, other than the information in the supplemental schedule that agreed to or is derived from the certified investment information, are presented, in all material respects, in conformity with the Department of Labor's Rules and Regulations for Reporting and Disclosure under ERI SA. the information in the supplemental schedule related to assets held by and certified to by a qualified institution agrees to, or is derived from, in all material respects, the information prepared and certified by an institution that management determined meets the requirements of ERI SA Section 103(a)(3)(C). Fort Collins, Colorado November 27, 2024 Pedersen Toyota Scion Volvo 401(k ) Plan Statements of Net Assets Available for Benefits February 28, 2024 and December 31, 2023 2024 2023 Assets Investments, at fair value (See Note 3 ) $ - $6,264,762 Total investments - 6,264,762 Total assets - 6,264,762 Liabilities Operating pay ables - 41,644 Total liabilities - 41,644 Net assets available for benefits $ - $6,223,118 See accompany ing independent auditor's report and notes to the financial statements. 6 Pedersen Toyota Scion Volvo 401(k ) Plan Statement of Changes in Net Assets Available for Benefits For the Period Ended February 28, 2024 Subtractions: Net depreciation in fair value of mutual funds $ (54,540) Dividend income 872 Total investment (loss) (53,668) Total subtractions (53,668) Deductions from net assets attributed to: Benefits paid to participants 10,411 Administrative fees 15,102 Total deductions 25,513 Net decrease in net assets available for benefits (79,181) Transfers out (Note 1) (6,143,937) Net assets available for benefits: Beginning of y ear 6,223,118 End of y ear $ - See accompany ing independent auditor's report and notes to the financial statements. 7 Pedersen Toyota Scion Volvo 401(k ) Plan Statement of Changes in Net Assets Available for Benefits For the Period Ended February 28, 2024 Note 1 - Description of Plan The following description of the Pedersen Toyota Scion Volvo 401(k) Plan (the Plan) provides only general information. Participants should refer to the Plan agreement for a more complete description of the Plan's provisions. General - The Plan is a defined contribution plan covering all regular employ ees of the Employ er who are age twenty -one or older and have one year of entry service, which consists of 1,000 or more hours of service. The Plan is subject to the provisions of the Employ ee Retirement Income Security Act of 1974 (ERI SA) and has been amended to incorporate legislative change under the Pension Protection Act (PPA). The Plan was established on January 1, 1981. The Plan was restated effective January 1, 2021 in order to comply with the applicable requirements of the Internal Revenue Code (IRC). The Plan Administrator of Pedersen Toyota Scion Volvo (the Company ) administers the Plan. AdvisorTrust, Inc., serves as trustee, manages the Plan assets, and maintains the Plan's records. Effective January 1, 2024, the Plan merged with The Standard Pooled Employ er Plan (the New Plan). The pooled plan provider of the New Plan is Standard Retirement Services, Inc. Under the New Plan, the following changes to the plan provisions were made: loans are now allowed, eligibility was changed to the first month after 60 days of employ ment and a minimum age of 18, and the Company 's qualified matching contributions are now 50% of the total of the participant's pre-tax, catch-up, and Roth elective deferrals that do not exceed 5% of their compensation. All plan assets were merged into the New Plan as of February 28, 2024. Contributions - Prior to the plan merging with the New Plan as outlined above on January 1, 2024, participants made before-tax, after-tax Roth contributions, and voluntary after- tax contributions, up to a maximum of 100%, of their total compensation each year instead of receiving that amount in cash. Participants who had attained age 50 before the end of the plan year were eligible to make catch-up contributions. The amount of the deferral is limited to the maximum allowed by law. The Plan also allowed rollover contributions from qualified plans. Employ ee contributions were withheld from the participants' payroll each pay period. The Plan included an auto-enrollment provision whereby all newly eligible employ ees were automatically enrolled in the Plan unless they affirmatively elect not to participate in the Plan. Automatically enrolled participants had their deferral rate set at 2% of eligible compensation and their contributions invested in a qualified default investment alternative until changed by the participant. The automatic elections specified above will be designated as pre-tax elective deferral contributions. 8 Pedersen Toyota Scion Volvo 401(k ) Plan Statement of Changes in Net Assets Available for Benefits For the Period Ended February 28, 2024 Note 1 - Description of Plan (continued) Contributions (continued) - Additionally , prior to the merge on January 1, 2024, the Company made qualified matching contributions in the amount of 50% of the total of the participant's pre-tax, catch-up, and Roth elective deferrals that do not exceed 2% of their compensation. Voluntary , after-tax contributions are not matched by the Company . Participant Accounts - Each participant's account is credited with the participant's contribution and allocation of (a) the Plan sponsor's contribution (b) Plan earnings, and charged with an allocation of administrative expenses. Allocations are based on participant earnings or account balances as defined in the Plan document. The benefit to which a participant is entitled is the benefit that can be provided from the participant's vested account. Vesting - Participants are immediately vested in their contributions into the Plan. Participant vesting with regards to employ er contributions is determined by years of service. The table below outlines the vesting schedule for employ er matching contributions into the Plan: Years of Service Vested I nterest Less than 2 y ears %0 2 years of service %20 3 years of service %40 4 years of service %60 5 years of service %80 6 years of service %100 Payment of Benefits - On termination of service due to death, disability or retirement, a participant may elect to receive either a lump-sum distribution equal to the vested value of the participant's account, or installments under a systematic withdrawal plan. The normal retirement age under the Plan is 65. Forfeitures - According to the Plan document, all forfeitures will first be used to pay administrative expenses and then to reduce the earliest employ er contributions made after the forfeitures are determined. Any remaining forfeitures will then be deemed to be additional employ er contributions. Forfeitures of $0 and $1,500 were used to pay administrative expenses during the periods ended February 28, 2024 and December 31, 2023 , respectively . Forfeitures of $0 and $9,652 were used to reduce employ er contributions during the periods ended February 28, 2024 and December 31, 2023 , respectively . The balance of the forfeiture account was $0 as of February 28, 2024 and December 31, 2023 . 9 Pedersen Toyota Scion Volvo 401(k ) Plan Notes to the Financial Statements February 28, 2024 and December 31, 2023 Note 2 - Summary of Significant Accounting Policies Basis of Accounting - The financial statements of the Plan are prepared using the accrual basis of accounting. Use of Estimates - The preparation of financial statements in accordance with accounting principles generally accepted in the United States of America requires the management to make estimates and assumptions that affect the reported amounts of assets, liabilities, and changes therein, and disclosure of contingent assets and liabilities. Actual results could differ from those estimates. Investment Valuation and I ncome Recognition - Investments are reported at fair value (except for fully benefit-responsive investment contracts, which are reported at contract value). Fair value is the price that would be received to sell an asset or paid to transfer a liability in an orderly transaction between market participants at the measurement date. The Company determines the Plan's valuation policies utilizing information provided by the investments advisors, custodians, and insurance company . See Note 3 for discussion of fair value measurements. Purchases and sales of investments are recorded on a trade-date basis. I nterest income is recorded on the accrual basis. Dividends are recorded on the ex-dividend date. Net appreciation includes the Plan's gains and losses on investments purchased and sold as well as held during the y ear. Payment of Benefits - Benefits are recorded when paid. Administrative Expenses - According to the Plan document, it is anticipated that all administrative expenses shall be paid by the Company . However, to the extent that the administrative expenses are not paid by the Company , such expenses shall be paid out of the Plan upon the direction of the Administrator provided that such payments are consistent with ERISA. During the period ended February 28, 2024 , administrative expenses were paid by the Plan in the amount of $15,102 . Subsequent Events - The Company has evaluated all subsequent events through November 27, 2024 , the date the financial statements were available to be issued. 10 Pedersen Toyota Scion Volvo 401(k ) Plan Notes to the Financial Statements February 28, 2024 and December 31, 2023 Note 3 - Fair Value Measurements The framework for measuring fair value provides a fair value hierarchy that prioritizes the inputs to valuation techniques used to measure fair value. The hierarchy gives the highest priority to unadjusted quoted prices in active markets for identical assets or liabilities (level 1) and the lowest priority to unobservable inputs (level 3). The three levels of the fair value hierarchy under FASB ASC are described as follows: Level 1 Fair Value Measurements - Inputs to the valuation methodology are unadjusted quoted prices for identical assets or liabilities in an active market which the Plan has the ability to access at the measurement date. Level 2 Fair Value Measurements - Inputs to the valuation methodology include: Quoted prices for similar assets or liabilities in an active market; Quoted prices for identical or similar assets or liabilities in an inactive market; Inputs other than quoted prices that are observable for the asset or liability ; Inputs that are derived principally from or corroborated by observable market data by correlation or other means. If the asset or liability has a specified (contractual) term, the level 2 input must be observable for substantially the full term of the asset or liability . Level 3 Fair Value Measurements - Inputs to the valuation methodology are unobservable and significant to the fair value measurement. The asset or liability 's fair value measurement level within the fair value hierarchy is based on the lowest level of any input that is significant to the fair value measurement. Valuation techniques maximize the use of relevant observable inputs and minimize the use of unobservable inputs. The following is a description of the valuation methodologies used for assets measured at fair value. There have been no changes in the methodologies used at February 28, 2024 and December 31, 2023 . Mutual funds : Valued at the daily closing price as reported by the fund. Mutual funds held by the Plan are open-end mutual funds that are registered with the Securities and Exchange Commission. These funds are required to publish their daily net asset value (NAV) and to transact at that price. The mutual funds held by the Plan are deemed to be actively traded. 11 Pedersen Toyota Scion Volvo 401(k ) Plan Notes to the Financial Statements February 28, 2024 and December 31, 2023 Note 3 - Fair Value Measurements (continued) The following table sets forth by level, within the fair value hierarchy , the Plan's assets at fair value as of February 28, 2024 and December 31, 2023 . Assets at Fair Value as of February 28, 2024 (Level 1) (Level 2) (Level 3) Total Total assets in the fair value hierarchy $ - $ - $ - $ - Investments at fair value $ - $ - $ - $ - Assets at Fair Value as of February 28, 2023 (Level 1) (Level 2) (Level 3) Total Cash and cash equivalents $ 710 $ - $ - $ 710 Mutual funds 6,264,052 - - 6,264,052 Total assets in the fair value hierarchy 6,264,762 - - 6,264,762 Investments at fair value $6,264,762 $ - $ - $6,264,762 Note 4 - Plan Termination The Plan was merged into the New Plan as of January 1, 2024 (Note 1). Although it has not expressed any intent to do so, the Company has the right under the New Plan to discontinue its contributions at any time and to terminate the Plan subject to the provisions of ERISA. If the Plan is terminated for any reason, all participants become 100% vested, and the Plan administrator is to distribute each participant's interest to the participant or beneficiary . 12 Pedersen Toyota Scion Volvo 401(k ) Plan Notes to the Financial Statements February 28, 2024 and December 31, 2023 Note 5 - Tax Status Professional Capital Services, L LC obtained its latest opinion letter on June 30, 2020, in which the Internal Revenue Service stated that the Volume Submitter Profit Sharing Plan with CODA, as designed, is in compliance with the applicable requirements of the IRC. Although the Plan has been amended since receiving the opinion letter, the Plan administrator believes that the Plan is designed and is currently being operated in compliance with the applicable requirements of the IRC and therefore believes that the Plan is qualified and the related trust is tax-exempt. Accounting principles generally accepted in the United States of America require plan management to evaluate tax positions taken by the plan and recognize a tax liability if the plan has taken an uncertain position that more likely than not would not be sustained upon examination by the Internal Revenue Service (IRS). The Plan is subject to routine audits by taxing jurisdictions; however, there are currently no audits for any tax periods in progress. Note 6 - Reconciliation of Financial Statements to Schedule H of Form 5500 The following is a reconciliation of net assets available for benefits per the financial statements as of February 28, 2024 and December 31, 2023 to Schedule H of Form 5500: 2024 2023 Net assets available for benefits per the financial statements $ - $6,223,118 Operating pay able - 41,644 Net assets available for benefits per Schedule H of Form 5500$ - $6,264,762 The following is a reconciliation of the net transfer of assets out of the plan per the financial statements for the period ended February 28, 2024 to Schedule H of Form 5500: 2024 Net transfer of assets per the financial statements $6,143,937 2023 operating pay able 41,644 Net transfer of assets per Schedule H of Form 5500 $6,185,581 13 Pedersen Toyota Scion Volvo 401(k ) Plan Notes to the Financial Statements February 28, 2024 and December 31, 2023 Note 7 - Information Prepared and Certified by Trustee Certain information related to investments from participants disclosed in the accompany ing financial statements and supplemental schedule, including investments held at February 28, 2024 and December 31, 2023 , and net appreciation in fair value of investments, interest and dividends for the period ended February 28, 2024 , was obtained or derived from information supplied to the plan administrator and certified as complete and accurate by AdvisorTrust, I nc. (the trustee of the Plan). Note 8 - Related-Party and Party-in-Interest Transactions Some of the fees incurred by the Plan for the investment management services are paid as a direct pay ment. As described in Note 2, the Plan made paments of $15,102 for administrative and investment advisory and management fees. The Plan Sponsor pays directly any other fees related to the Plan's operations. Note 9 - Risks and Uncertainties The Plan invests in various investment securities. Investment securities are exposed to various risks such as interest rate, market, and credit risks. Due to the level of risk associated with certain investment securities, it is at least reasonably possible that changes in the values of investment securities will occur in the near term (as defined within one year) and that such changes could materially affect participants' account balances and the amounts reported in the statement of net assets available for benefits. 14 Supplementary Information Pedersen Toyota Scion Volvo 401(k ) Plan Schedule of Assets Held for Investment Purposes at End of Year For the Period Ended February 28, 2024 Plan # 001 ID # 84-0575256 Schedule H, line 4i - Schedule of Assets (held at end of y ear) (a) (b) Identity of issue, borrower, lessor, or similar party(c) Description of investment including maturity date, rate of interest, collateral, par or maturity value(e) Current value ($) Vanguard Mutual Fund - Vanguard Total Stock Market ETF (VTI) $ - iShares Mutual Fund - iShares Core MSCI Total Intl Stk (IXUS) - Broadridge Mutual Fund - Retirement Cash Account (MTDDA) - iShares Mutual Fund - iShares Core US Aggregate Bond (AGG) - DoubleLine Mutual Fund - DoubleLine Total Return Bond I (DBLTX) - iShares Mutual Fund - iShares Core SandP 500 (IVV) - Vanguard Mutual Fund - Vanguard Mega Cap ETF (MGC) - Causeway Mutual Fund - Causeway International Small Cap (CIISX) - iShares Mutual Fund - iShares Core 1-5 Year USD Bond (ISTB) - JPMorgan Mutual Fund - JPMorgan Strategic Income Opports R5 (JSORX) - Touchstone Mutual Fund - Touchstone Small Cap Value Institutional (TVOIX) - Driehaus Mutual Fund - Driehaus Small Cap Growth Institutional (DNSMX) - RiverPark Mutual Fund - RiverPark Strategic Income Institutional (RSIIX) - Driehaus Mutual Fund - Driehaus Event Driven (DEVDX) - DoubleLine Mutual Fund - DoubleLine Low Dur Emerg Mkts Fxd Inc I (DBLLX) - Brandywine Mutual Fund - Brandywine Global High Yield I (BGHIX) - Wasatch Funds Trust Mutual Fund - Wasatch International Opps Instl (WIIOX) - iShares Mutual Fund - iShares Core High Dividend Growth (DGRO) - Palm Valley Mutual Fund - Palm Valley Capital Fund Investor Class (PVCMX) - iShares Mutual Fund - iShares Core High Dividend (HDV) - William Blair Mutual Fund - William Blair Large Cap Growth Class R6 (LCGJX) - iShares Mutual Fund - iShares Core SandP Mid-Cap (IJH) - JPMorgan Mutual Fund - JPMorgan High Yield R6 (JHYUX) - iShares Mutual Fund - iShares Core Sand P Small-Cap (IJR) - Virtus Mutual Fund - Virtus Ceredex Mid-Cap Value Equity R6 (SMVZX) - See accompany ing independent auditor's report and notes to the financial statements. 15 Pedersen Toyota Scion Volvo 401(k ) Plan Schedule of Assets Held for Investment Purposes at End of Year For the Period Ended February 28, 2024 Plan # 001 ID # 84-0575256 Schedule H, line 4i - Schedule of Assets (held at end of y ear) T. Rowe Price Mutual Fund - T. Rowe Price International Stock Fund I (PRIUX) - MFS Mutual Fund - MFS Value R6 (MEIKX) - iShares Mutual Fund - iShares Core High Dividend (HDV) - iShares Mutual Fund - iShares Core MSCI International Develop (IDEV) - Touchstone Mutual Fund - Touchstone Mid Cap Fund Institutional (TMPIX) - * Professional Capital Services, LLC Cash - Uninvested Cash (CASH) - AmericanFunds Mutual Fund - American Funds Europacific Growth R6 (RERGX) - $ - * Represents a party -in-interest to the plan as defined under the Employ ee Retirement I ncome Security Act of 1974. Note - Column (d) is not included since all investments are participant directed. See accompany ing independent auditor's report and notes to the financial statements. 16 Pedersen Toyota Scion Volvo 401(k ) Plan Schedule of Assets Held for Investment Purposes at End of Year For the Period Ended February 28, 2024 Plan # 001 ID # 84-0575256 Schedule H, line 4i - Schedule of Assets (held at end of y ear) (a) (b) Identity of issue, borrower, lessor, or similar party(c) Description of investment including maturity date, rate of interest, collateral, par or maturity value(e) Current value ($) Vanguard Mutual Fund - Vanguard Total Stock Market ETF (VTI) $ - iShares Mutual Fund - iShares Core MSCI Total Intl Stk (IXUS) - Broadridge Mutual Fund - Retirement Cash Account (MTDDA) - iShares Mutual Fund - iShares Core US Aggregate Bond (AGG) - DoubleLine Mutual Fund - DoubleLine Total Return Bond I (DBLTX) - iShares Mutual Fund - iShares Core SandP 500 (IVV) - Vanguard Mutual Fund - Vanguard Mega Cap ETF (MGC) - Causeway Mutual Fund - Causeway International Small Cap (CIISX) - iShares Mutual Fund - iShares Core 1-5 Year USD Bond (ISTB) - JPMorgan Mutual Fund - JPMorgan Strategic Income Opports R5 (JSORX) - Touchstone Mutual Fund - Touchstone Small Cap Value Institutional (TVOIX) - Driehaus Mutual Fund - Driehaus Small Cap Growth Institutional (DNSMX) - RiverPark Mutual Fund - RiverPark Strategic Income Institutional (RSIIX) - Driehaus Mutual Fund - Driehaus Event Driven (DEVDX) - DoubleLine Mutual Fund - DoubleLine Low Dur Emerg Mkts Fxd Inc I (DBLLX) - Brandywine Mutual Fund - Brandywine Global High Yield I (BGHIX) - Wasatch Funds Trust Mutual Fund - Wasatch International Opps Instl (WIIOX) - iShares Mutual Fund - iShares Core High Dividend Growth (DGRO) - Palm Valley Mutual Fund - Palm Valley Capital Fund Investor Class (PVCMX) - iShares Mutual Fund - iShares Core High Dividend (HDV) - William Blair Mutual Fund - William Blair Large Cap Growth Class R6 (LCGJX) - iShares Mutual Fund - iShares Core SandP Mid-Cap (IJH) - JPMorgan Mutual Fund - JPMorgan High Yield R6 (JHYUX) - iShares Mutual Fund - iShares Core Sand P Small-Cap (IJR) - Virtus Mutual Fund - Virtus Ceredex Mid-Cap Value Equity R6 (SMVZX) - See accompany ing independent auditor's report and notes to the financial statements. 15 Pedersen Toyota Scion Volvo 401(k ) Plan Schedule of Assets Held for Investment Purposes at End of Year For the Period Ended February 28, 2024 Plan # 001 ID # 84-0575256 Schedule H, line 4i - Schedule of Assets (held at end of y ear) T. Rowe Price Mutual Fund - T. Rowe Price International Stock Fund I (PRIUX) - MFS Mutual Fund - MFS Value R6 (MEIKX) - iShares Mutual Fund - iShares Core High Dividend (HDV) - iShares Mutual Fund - iShares Core MSCI International Develop (IDEV) - Touchstone Mutual Fund - Touchstone Mid Cap Fund Institutional (TMPIX) - * Professional Capital Services, LLC Cash - Uninvested Cash (CASH) - AmericanFunds Mutual Fund - American Funds Europacific Growth R6 (RERGX) - $ - * Represents a party -in-interest to the plan as defined under the Employ ee Retirement I ncome Security Act of 1974. Note - Column (d) is not included since all investments are participant directed. See accompany ing independent auditor's report and notes to the financial statements. 16",1,"Under the New Plan, the following changes to the plan provisions were made: loans are now allowed, eligibility was changed to the first month after 60 days of employ ment and a minimum age of 18, and the Company 's qualified matching contributions are now 50% of the total of the participant's pre-tax, catch-up, and Roth elective deferrals that do not exceed 5% of their compensation.",,,general_match,0,"12 Pedersen Toyota Scion Volvo 401(k ) Plan Notes to the Financial Statements February 28, 2024 and December 31, 2023 Note 5 - Tax Status Professional Capital Services, L LC obtained its latest opinion letter on June 30, 2020, in which the Internal Revenue Service stated that the Volume Submitter Profit Sharing Plan with CODA, as designed, is in compliance with the applicable requirements of the IRC.",0,1,"eligibility was changed to the first month after 60 days of employ ment and a minimum age of 18, and the Company 's qualified matching contributions are now 50% of the total of the participant's pre-tax, catch-up, and Roth elective deferrals that do not exceed 5% of their compensation",0,vesting mentioned,high
"C & J CHERRY, INC. 401(K) PLAN","C & J CHERRY, INC. 401(K) PLAN_2024.pdf",,0,,,,,0,,0,0,,0,,low
"MARK W. GOODMAN, DDS, PC 401(K)","MARK W. GOODMAN, DDS, PC 401(K)_2024.pdf",,0,,,,,0,,0,0,,0,,low
"IRRIGATION SPECIALISTS, INC. 401(K) PLAN","IRRIGATION SPECIALISTS, INC. 401(K) PLAN_2024.pdf",,0,,,,,0,,0,0,,0,,low
XCEL ENERGY 401(K) SAVINGS PLAN,XCEL ENERGY 401(K) SAVINGS PLAN_2024.pdf,"The following includes a brief description of the Xcel Energy 401(K) Savings Plan (the Plan). Participants should refer to the Plan document or Summary Plan Description for more complete information. General — The Plan is a defined contribution benefit plan which provides eligible employees of Plan sponsor, Xcel Energy Inc., and its participating subsidiaries (Xcel Energy) the opportunity to contribute to a qualified retirement savings plan. The Plan is subject to the provisions of the Employee Retirement Income Security Act of 1974 (ERISA), as amended. Xcel Energy contributes the employer matching contribution in cash. Participant deferrals and matching contributions are invested into one or more investment funds as elected by participants. Plan and Trust Management — The Plan administrator is Xcel Energy who has authority to control and manage the operation and administration of the Plan. Plan assets are held by a trustee under a trust agreement as adopted by Xcel Energy. The Plan's assets invested in Xcel Energy Inc. common stock are held in the Xcel Energy Stock Fund within the Master Trust. (see Note 4). The Xcel Energy Stock Fund also holds an immaterial amount of cash equivalents for operational purposes. Individual participant accounts are valued daily based on the current fair value of each asset type. The Vanguard Group is the record keeper and Vanguard Fiduciary Trust Company (VFTC) serves as trustee for the Plan. Transfer of Plan Assets — Assets are transferred amongst plans when an eligible participant moves from one benefit plan to another plan sponsored by Xcel Energy. Eligibility — All full-time, part-time and temporary employees of Xcel Energy (with the exception of bargaining unit employees covered by a collective bargaining agreement that does not provide for participation in this Plan) are eligible to participate in the Plan as of their first day of employment. Employee and Employer Contributions — The Plan allows participants to contribute a portion of their compensation as pre-tax and/or Roth 401(k) after-tax contributions, pre-tax and/or Roth 401(k) after-tax catch-up contributions, and allows pre-tax rollovers from other qualified retirement plans. The plan also allows for a discretionary employer matching contribution (see Note 3). Vesting — Employee contributions, matching contributions made by Xcel Energy and earnings are immediately vested. Distributions — Benefits may be distributed after termination of employment, disability or death (payable to the designated beneficiary) in the form of a single lump sum, direct rollover, partial lump sum or installments. Distributions from the Master Trust may be in the form of Xcel Energy Inc. common stock or cash based upon the election of the participant. If the total amount of the participant's vested account balance exceeds $1,000 at a distributive event, the participant may defer distribution until age 72, unless the participant consents to commence distribution at an earlier date. If the total amount is less than $1,000, the Plan Administrator will schedule a payment date and the amount will be distributed as soon as administratively possible. All vested account balances remaining in the Plan after the participant leaves Xcel Energy will be invested in accordance with the participant's election, with the ability to diversify at the discretion of the participant. The participant will continue to receive investment earnings or losses and dividend distributions until the account is completely distributed. Participant Accounts — Individual accounts are maintained for each participant of the Plan. Each participant's account is credited with the participant's contributions, company matching contributions, and Plan earnings as applicable. Participant accounts are also charged with withdrawals, an allocation of Plan losses as applicable, and per participant administrative expenses that are not paid by the Company. Allocations are based on participant earnings or account balances. The benefit to which a participant is entitled is the benefit that can be provided from the participant's vested account. Forfeited Amounts — There was no forfeiture activity for the year ended Dec. 31, 2024. There was an immaterial amount in the forfeitures account as of Dec. 31, 2024. Table of Contents 8 Plan Termination — While Xcel Energy expects to continue the Plan, it reserves the right at its sole and absolute discretion to amend, modify, change or terminate the Plan, at any time, in whole or in part, for whatever reason it deems appropriate, subject to collective bargaining obligations. If Xcel Energy were to terminate the Plan, assets would be distributed in accordance with ERISA guidelines. Administrative Expenses — Xcel Energy pays certain administrative expenses of the Plan. Certain investment advisory, trustee and recordkeeping fees are paid by the Plan or by the participant, as applicable. The Self-Directed Brokerage Option annual account maintenance fee, participant loan set-up fee, and annual loan maintenance fee are paid by the participant. Xcel Energy Inc. Common Stock Dividends — Dividends paid on shares held in Xcel Energy Inc. common stock within the Master Trust are automatically reinvested in Xcel Energy Inc. common stock unless the participant elects to receive them as a taxable cash distribution. 2. SUMMARY OF SIGNIFICANT ACCOUNTING POLICIES | Basis of Accounting — The accompanying financial statements of the Plan have been prepared under the accrual method of accounting in conformity with accounting principles generally accepted in the United States of America (GAAP). Use of Estimates — The preparation of financial statements in conformity with GAAP requires management to make estimates and assumptions that affect the reported amounts of assets, liabilities, and changes therein and disclosure of contingent assets and liabilities at the date of the financial statements and the reported amounts of additions and deductions during the reporting period. Actual results could differ from estimates. Risks and Uncertainties — The Plan provides for investment in a variety of investment funds. Investments, in general, are exposed to various risks, such as interest rate, credit and overall market volatility risk. Market risks include global events which could impact the value of investment securities, such as a pandemic or international conflict. Due to the level of risk associated with certain investments, it is reasonably possible that changes in investment values will occur in the near term and such changes could materially affect participants' account balances and amounts reported in the financial statements. Fair Value Measurements — The Plan presents money market funds and mutual funds, the Xcel Energy Stock Fund held within the Master Trust, common collective trusts and self-directed brokerage accounts investments at fair value in its financial statements. The fair values of money market funds are based on quoted net asset value (NAV), calculated as $1 per share, and are included in the Fair Value hierarchy as Level 1 investments (see Note 6). The fair values of mutual funds and Xcel Energy Inc. common stock are based on quoted market prices and reported as Level 1 investments. The self-directed brokerage option allows participants to self-direct investments in a wider variety of equity securities, mutual funds, debt securities, preferred stock and exchange-traded funds. Within self-directed brokerage accounts, the fair value of mutual funds, equity securities and exchange- traded funds are based on quoted market prices and are assigned as Level 1 investments, while the fair values of debt securities are based on market interest rate curves and recent trades of similarly rated securities and are assigned as Level 2 investments. Common collective trusts include investments in retirement target date trusts, which have been assigned as Level 2 investments, are valued at the underlying investments' NAV at the close of the day. Notes Receivable from Participants — Notes receivable from participants are measured at their unpaid principal balance plus any accrued but unpaid interest. Delinquent participant loans are recorded as deemed distributions based on Plan document terms. Investments — The Plan's net asset investment balance includes money market funds, various mutual funds, collective trusts, a portion of the Master Trust, and self-directed brokerage accounts. Each participant elects the percentage of his or her account balance to be invested in each investment option. Investment income or loss includes interest and dividends. Realized gains and losses on the sale of investments and unrealized gains or losses in the fair value of investments are shown as net appreciation (depreciation) in the fair value of investments. Total investment income or loss is allocated to each fund based on the number of units in each fund. Security transactions are recognized on the trade date (the date the order to buy or sell is executed). Income Recognition — The difference between fair value and cost of investments, including realized and unrealized gains and losses, is reflected in the Statements of Changes in Net Assets Available for Benefits. Interest income is recorded on the accrual basis. Dividend income is recorded on the ex-dividend date. Payment of Benefits — Benefit payments are recorded when paid.Table of Contents 9 3. PLAN FUNDING Employee Contributions — Participants may elect to contribute up to 30% of their eligible earnings on a pre-tax basis, Roth 401(k) after-tax basis or a combination of both not to exceed 30% of their eligible earnings, up to $23,000 in 2024 . Participants who are age 50 or older during the Plan year may make additional catch-up contributions (pre-tax and/or Roth 401(k) after-tax) up to $7,500 in 2024 . The Plan is required to make corrective distributions when IRS limits are exceeded due to excess deferrals, excess contributions and excess annual additions, which are returned to participants during the subsequent Plan year. The Plan automatically enrolls newly hired/rehired full-time and part-time non-bargaining and bargaining employees as well as certain Nuclear Operations bargaining employees. Eligible employees who do not make an affirmative election or do not waive Plan participation within 30 days from date of hire are automatically enrolled at an initial percentage of pay (4% pre-tax in 2024 ), contribution rates are automatically increased each year by 1% (capped at 10%), and their accounts are automatically invested in an age-appropriate target-date trust. Employees who are automatically enrolled can opt out of the default options and make their own independent choices at any time. Employer Contributions — The Plan provides for a matching contribution based on the employee's participation in a specific benefit formula in the Xcel Energy Pension Plan, as noted below. All non-bargaining participants who contributed to the Plan in 2024 are eligible for the annual matching contributions which were paid in February 2025, regardless of their employment status at year-end. Non-bargaining and bargaining employees covered under the Pension Equity, Account Balance or Cash Balance pension plan formulas are eligible to receive a matching contribution equal to 50% of the first 8% of base pay contributed on a pre-tax and/or Roth 401(k) after-tax basis during the Plan year. Non-bargaining and bargaining employees covered under the Traditional pension plan formula are eligible to receive 100% of their pre-tax and/or Roth 401(k) after-tax contribution up to a maximum of $1,400 in matching contributions from Xcel Energy for 2024 , which were paid in February 2025 . Bargaining employees participating in this Plan must be an active employee on the last day of the Plan year or separated from employment due to retirement, disability or death to be eligible for the annual matching contribution. Investment of Employee and Employer Contributions — Participants may invest their contributions among various investment funds offered by the Plan. The Plan's net assets include a money market fund, various mutual funds, collective trusts, the Master Trust, and self-directed brokerage option. Each participant elects the percentage of his or her account balance to be invested in each investment option. The annual company match is made in the form of cash for both non-bargaining and bargaining employees. 4. INTEREST IN MASTER TRUST The Master Trust is an investment vehicle consisting of Xcel Energy Inc. common stock and a small amount of cash to ensure daily liquidity. The Master Trust pools the stock investment from all four Xcel Energy Inc. sponsored 401(k) plans to reduce administrative and investment expenses. The value of the Plan's interest in the Master Trust is based on the beginning of the year value of the Plan's interest in the Master Trust, actual contributions, transfers and allocated investment income or loss, less distributions and allocated administrative expenses. Investment income or loss and administrative expenses related to the Master Trust are allocated to the individual plans based upon the daily valuation of the balances invested by each plan. The net change in value from participation in the Master Trust is reported as one line item in the accompanying Statement of Changes in Net Assets Available for Benefits and the Plan's interest in the Master Trust is reported as a single line item in the accompanying Statements of Net Assets Available for Benefits. A summary of the Plan's interest in the Master Trust as of Dec. 31, 2024 and 2023 are summarized below: Dec. 31, 2024 Dec. 31, 2023 Interest in Master Trust (in approximate shares) 2,973,089 3,578,479 Interest in Master Trust (in percentage) 72.1 % 73.0 % A summary of the Plan's interest in Master Trust income for the year ended Dec. 31, 2024 : Dec. 31, 2024 Interest in Master Trust income (in percentage) 71.7 %Table of Contents 10 A summary of the net assets of the Master Trust and the Plan's interest in Master Trust as of Dec. 31, 2024 and 2023 are summarized below: Dec. 31, 2024 Master Trust BalancesPlan's Interest in Master Trust Balances Investment at fair value: Xcel Energy Stock Fund $ 278,281,843 $ 200,742,972 Dec. 31, 2023 Master Trust BalancesPlan's Interest in Master Trust Balances Investment at fair value: Xcel Energy Stock Fund $ 306,042,777 $ 223,404,452 Master Trust and Plan's interest in Master Trust income for the year ended Dec. 31, 2024 are as follows: Dec. 31, 2024 Master Trust BalancesPlan's Interest in Master Trust Balances Total interest, dividend and other income $ 7,348,322 $ 5,332,709 Realized and unrealized gain in Xcel Energy Stock Fund 20,777,801 14,847,493 Total net income $ 28,126,123 $ 20,180,202 5. FEDERAL INCOME TAX STATUS | 7. NOTES RECEIVABLE FROM PARTICIPANTS The Plan allows participants to borrow against funds held in their account in any amount greater than $1,000 but less than 50% of the participant's vested account balance. In no event can a participant borrow more than $50,000 less the participant's highest outstanding loan balance during the preceding 12 months. For most participants, only one outstanding loan is permitted at any time and may not exceed 5 years for a general-purpose loan or 15 years for a principal residence loan. Participants who had one or more outstanding loan balance at the time their former Nuclear Management Company (NMC) Plan assets were transferred to the Plan are permitted to have a maximum of two outstanding loans at any one time; however, they are not eligible for a new loan until each loan transferred from the NMC Plan has been paid in full. The loan shall bear a rate of interest equal to the prime rate in effect on the first business day of the month in which the loan request is approved plus 1%, and stays in effect until the loan is repaid. Repayment of the loan plus interest is made through automatic payroll deductions and is credited to each participant's account as paid. If a participant retires or terminates employment for any reason, the outstanding loan balance must be repaid within 90 days from date of termination. A terminated participant may elect to continue making monthly installment payments in accordance with the procedures established by the Plan Administrator. A summary of the Plans' notes receivable as of Dec. 31, 2024 and 2023 is below: Dec. 31, 2024 Dec. 31, 2023 Interest rates on outstanding loans 4.25% - 9.50% 4.25% - 9.50% Maturity range 2025 - 2039 2024 - 2038 8. EXEMPT PARTY-IN-INTEREST TRANSACTIONS The Plan's investments include shares of Xcel Energy Inc. common stock. On the Statements of Net Assets Available for Benefits, the value of interest in Master Trust included dividends declared and payable to the Plan of $1,860,809 at Dec. 31, 2023 . There was no dividends payable to the Plan as of Dec. 31, 2024 . The Plan also invests in shares of mutual funds and collective trusts managed by an affiliate of VFTC, which is the Plan trustee. Transactions in such investments qualify as party-in-interest transactions that are exempt from the prohibited transaction rules. The Plan incurred fees for investment management and recordkeeping services of $1,844,521 for the year ended Dec. 31, 2024 .Table of Contents 12 9. RECONCILIATION OF FINANCIAL STATEMENTS TO FORM 5500 The following is a reconciliation of net assets available for benefits and net decrease in net assets available for benefits per the financial statements to net assets and net income per the Form 5500 as of Dec. 31, 2024 and 2023 , as applicable: 2024 2023 Net assets available for benefits per the financial statements $ 3,093,250,739 $ 2,948,403,724 Deemed distributions of participant loans (159,575) (104,810) Net assets available for benefits per the Form 5500 $ 3,093,091,164 $ 2,948,298,914 2024 Increase in net assets available for benefit per the financial statements 144,847,015 Transfer of plan assets (131,077) Deemed distributions activity (54,765) Net income per the Form 5500 $ 144,661,173 Table of Contents 13 XCEL ENERGY 401(K) SAVINGS PLAN Schedule 1 Schedule of Assets (Held at Year End) As of Dec. 31, 2024 Xcel Energy 401(k) Savings Plan, EIN 41-0448030, Plan 003 Attachment to Form 5500, Schedule H, Part IV, Line 4(i): Identity of Issue, Borrower, Lessor, or Similar PartyDescription of Investment, Including Maturity Date, Rate of Interest, Collateral, and Par or Maturity Value Cost ** Current Value *Vanguard Vanguard Institutional 500 Index Trust ** $ 596,765,553 *Vanguard Vanguard Mid-Cap Index Fund Institutional Plus Shares ** 229,051,317 *Vanguard Vanguard PRIMECAP Fund Admiral Shares ** 228,735,914 *Vanguard Vanguard Institutional Total Bond Market Index Trust ** 180,801,313 *Vanguard Vanguard Developed Market Index Institutional Plus ** 164,739,021 *Vanguard Vanguard Small Cap Index Fund Institutional Plus Shares ** 123,125,595 *Vanguard Vanguard Target Retirement 2045 Trust Plus ** 118,190,649 *Vanguard Vanguard Federal Money Market ** 114,657,558 *Vanguard Vanguard Target Retirement 2050 Trust Plus ** 112,858,837 *Vanguard Vanguard Target Retirement 2030 Trust Plus ** 111,902,019 *Vanguard Vanguard Target Retirement 2035 Trust Plus ** 109,333,252 *Vanguard Vanguard Target Retirement 2040 Trust Plus ** 102,197,125 *Vanguard Value Index Fund Institutional Shares ** 91,564,836 *Vanguard Vanguard Target Retirement 2025 Trust Plus ** 91,291,798 *** Self-Directed Brokerage Fund ** 89,852,033 BlackRock BlackRock Total Return Bond Fund; Class M ** 85,644,349 *Vanguard Vanguard Target Retirement 2055 Trust Plus ** 64,840,986 *Vanguard Vanguard Emerging Markets Stock Index Fund Institutional Shares ** 55,899,042 *Vanguard Vanguard Target Retirement 2020 Trust Plus ** 44,836,186 *Vanguard Vanguard Target Retirement 2060 Trust Plus ** 36,615,773 *Vanguard Vanguard Target Retirement Income Trust Plus ** 34,705,465 *Vanguard Vanguard Inflation Protected Securities Fund Institutional Shares ** 31,273,938 *Vanguard Vanguard Target Retirement 2065 Trust Plus ** 11,993,599 *Vanguard Vanguard Institutional Extended Market Index Trust ** 4,616,773 *Vanguard Vanguard Target Retirement 2070 Trust Plus ** 2,655,562 *Vanguard Vanguard Target Retirement Income and Growth Trust Plus ** 263,070 * Notes receivable from participants, net of deemed distributions of $159,575 — Interest rates from 4.25% - 9.50% with maturities ranging from 2025 - 2039 17,742,097 $ 2,856,153,660 * Party in Interest ** Historical cost is not required for participant-directed funds. *** $7,820,779 is invested in Vanguard managed securities.",1,Xcel Energy contributes the employer matching contribution in cash.,,30%,general_match,1,"All vested account balances remaining in the Plan after the participant leaves Xcel Energy will be invested in accordance with the participant's election, with the ability to diversify at the discretion of the participant.",0,0,"Eligibility — All full-time, part-time and temporary employees of Xcel Energy (with the exception of bargaining unit employees covered by a collective bargaining agreement that does not provide for participation in this Plan) are eligible to participate in the Plan as of their first day of employment",1,vesting mentioned; collective bargaining mentioned,high
PEPSI-COLA BOTTLING CO. OF DAVENPORT 401(K) EMPLOYEE BENEFIT PLAN,PEPSI-COLA BOTTLING CO. OF DAVENPORT 401(K) EMPLOYEE BENEFIT PLAN_2024.pdf,,0,,,,,0,,0,0,,0,,low
"EXCET, INC. 401(K) PLAN","EXCET, INC. 401(K) PLAN_2024.pdf","4 2024 2023 INVESTMENTS AT FAIR VALUE - $ 20,362,384 $ RECEIVABLES Employer contributions - 571,920 Employee contributions - 46,540 Notes receivable from participants - 110,923 Total receivables - 729,383 NET ASSETS AVAILABLE FOR BENEFITS - $ 21,091,767 $ EXCET, INC. 401(k) PLAN STATEMENT OF CHANGES IN NET ASSETS AVAILABLE FOR BENEFITS FOR THE PERIOD ENDED MAY 15, 2024 | The Company makes a safe harbor contribution of 100% of the first 3%, and 50% of the next 2% of base compensation that a participant contributes to the Plan. Additionally, the Company has the option to make a discretionary profit-sharing contribution to the Plan, with the amount determined annually. The Company did not make a discretionary profit-sharing contribution during the period ended May 15, 2024. Contributions are subject to certain statutory limits. | Participant Accounts Each participant's account is credited with the participant's contribution, an allocation of the Company's contribution, and Plan earnings and charged with an allocation of any administrative expenses paid by the Plan. Allocations are based on participant compensation, account balances or specific participant transactions, as defined. The benefit to which a participant is entitled is the benefit that can be provided from the participant's vested account . | Vesting Participants are immediately fully vested in their contributions and the safe harbor match contribution plus actual earnings thereon. The Company's discretionary profit-sharing contribution vests 20% per year and is fully vested after five years. | 7 Notes Receivable from Participants Participants may borrow from their fund accounts a minimum of $1,000 up to a maximum equal to the lesser of $50,000 or 50% of their vested account balance. The notes are secured by the balance in the participant's account and bear interest at a reasonable rate, which is commensurate with local prevailing rates as determined by the Plan administrator at the time of issuance. Principal and interest is paid ratably through payroll deductions. | Payment of Benefits Upon termination of service, a participant may elect to receive either a lump-sum amount equal to the value of the participant's vested interest in his or her account or a direct rollover to an individual retirement account or another employer plan. A participant may elect to withdraw all or part of his or her elective contributions due to financial hardship, in accordance with the provisions specified in the Plan document. Upon reaching age 59½, a participant may elect to withdraw all or a portion of their vested account balance. | The Plan Sponsor has the right under the Plan to terminate the Plan subject to the provisions of ERISA. In the event of Plan termination, participants would become 100% vested in their employer contributions. As discussed in Note 1, the Plan merged with the Precise Plan on May 15, 2024. | 2024 2023 Net assets available for benefits per the financial statements - $ 21,091,767 $ Employee contributions receivable - (46,540) Employer contributions receivable - (16,423) Net assets available for benefits per Form 5500 - $ 21,028,804 $ Increase in net assets per the financial statements (898,569)$ Adjustment for prior year employee contributions receivable 46,540 Adjustment for prior year employer contributions receivable 16,423 Net increase per Form 5500 (835,606)$",1,| Vesting Participants are immediately fully vested in their contributions and the safe harbor match contribution plus actual earnings thereon.,,3%,safe_harbor_match,0,"Additionally, the Company has the option to make a discretionary profit-sharing contribution to the Plan, with the amount determined annually.",0,1,,0,vesting mentioned,high
SYSTEMS DEPOT 401(K) PLAN,SYSTEMS DEPOT 401(K) PLAN_2024.pdf,"SYSTEMS DEPOT 401(k) PLAN AUD ITED FINANCIAL STATEMENTS FOR THE YEARS ENDED DECEMBER 31, 2024 AND 2023 TABLE OF CONTENTS Page Independent Auditor's Report 1-4 Statements of Net Assets Available for Benefits 5 Statements of Changes in Net Assets Available for Benefits 6 Notes to the Financial Statements 7-13 Table 1 Schedule of Assets (Held at End of Year) 14 730 13th Avenue Drive SE ♦ Hickory, NC 28602 ♦ 828-327-2727 ♦ Fax 828-328-2324 13 South Center Street ♦ Taylorsville, NC 28681 ♦ 828-632-9025 ♦ Fax 828-632-9085 800-948-0585 ♦ www.martinstarnes.com Independent Auditor's Report To the Plan Administrator and Management of Systems Depot 401(k) Plan Hickory, North Carolina Scope and Nature of the ERISA Section 103(a)(3)(C) Audit We ha ve performed audits of the accompanying financial statements of Systems Depot 401(k) Plan, an employee benefit plan subject to the Employee Retirement Income Security Act of 1974 (ERISA), as permitted by ERISA Section 103(a)(3)(C). The financial statements comprise the Statements of Net Assets Available for Benefits as of December 31 , 2024 and 2023, and the related Statements of Changes in Net Assets Available for Benefits for the years ended December 31, 2024 and 2023, and the related notes to the financial statements. Managem ent, having determined it is permissible in the circumstances, has elected to have the audits of Systems Depot 401(k) Plan's financial statements performed in accordance with ERISA Section 103(a)(3)(C) pursuant to 29 CFR 2520.103- 8 of the Department of Labor's Rules and Regulations for Reporting and Disclosure under ERISA. As permitted by ERISA Section 103(a)(3)(C) , our audits need not extend to any statements or information related to assets held for investment of the plan (investment information) by a bank or similar institution or insurance carrier that is regulated, supervised, and subject to periodic examinatio n by a sta te or federal agency, provided that the statements or information regarding assets so held are prepared and certified to by the bank or similar institution or insurance carrier in accordance with 29 CFR 2520.103- 5 of the Department of Labor's Rules and Regulations for Reporting and Disclosure under ERISA (qualified institution). Managem ent has obtained certifications from a qualified institution as of December 31, 2024 and 2023, and for the years ended December 31, 2024 and 2023, stating that the certified investment information, as described in Note 3 to the financial statements, is complete and accurate. Opinio n In our opinion, based on our audits and on the procedures performed as described in the Auditor's Responsibilities for the Audit of the Financial Statements section: •the am ounts and disclosures in the financial statements referred to above, other than those agreed to or derived from the certified investment information, are presented fairly, in all material respects, in accordance with accounting principles generally accepted in the United States of America. 1 1 •the information in the financial statements referred to above related to assets held by and certified to by a qualified institution agrees to, or is derived from, in all material respects, the informationprepared and certified by an institution that manag ement determined meets the requirements of ERISA Section 103(a)(3)(C). B asis for Opinion We co nducted our audits in accordance with auditing standards generally accepted in the United States of America. Our responsibilities under those standards are further described in the Auditor's Responsibilities for the Audit of the Financial Statements section of our report. We are required to be independent of Systems Depot 401(k) Plan and to meet our other ethical responsibilities in accordance with the relevant ethical requirements relating to our audits. We believe that the audit evidence we have obtained is sufficient and appropriate to provide a basis for our ERISA Section 103(a)(3)(C) audit opinion. R esponsibilities of Management for the Financial Statements Man agement is responsible for the preparation and fair presentation of the financial statements in accordance with accounting principles generally accepted in the United States of America, and for the design, implementation, and maintenance of internal control relevant to the preparation and fair presentation of financial statements that are free from material misstatement, whether due to fraud or error. Management's election of the ERISA Section 103(a)(3)(C) audit does not affect management's responsibili ty for the financial statements. I n preparing the financial statements, management is required to evaluate whether there are conditions or events, considered in the aggregate, that raise substantial doubt about Systems Depot 401(k) Plan 's ability to continue as a going concern for one year after the date the financial statements are available to be issued. Man agement is also responsible for maintaining a current plan instrument, including all plan amendments; administering the plan; and determining that the plan's transactions that are presented and disclosed in the financial statements are in conformity with the plan's provisions, including maintaining sufficient records with respect to each of the participants, to determine the benefits due or which may become due to such participants. A uditor's Responsibilities for the Audit of the Financial Statements E xcept as described in the Scope and Nature of the ERISA Section 103(a)(3)(C) Audit section of our report, our objectives are to obtain reasonable assurance about whether the financial statements as a whole are free from material misstatement, whether due to fraud or error, and to issue an auditor's report that includes our opinion. Reasonable assurance is a high level of assurance but is not absolute assurance and therefore is not a guarantee that an audit conducted in accordance with generally accepted auditing standards will always detect a material misstatement when it exists. The risk of not detecting a material misstatement resultin g from fraud is higher than for one resulting from error, as fraud may involve collusion, forgery, intentional omissions, misrepresentations, or the override of internal control. Misstatements are considered material if there is a substantial likelihood that, individually or in the aggregate, they would influence the judgement made by a reasonable user based on the financial statements. 2 In performing an audit in accordance with generally accepted auditing standards, we: •exerc ise professional judgement and maintain professional skepticism throughout the audit. •ident ify and assess the risks of material misstatement of the financial statements, whether due to fraud or error, and design and perform audit procedures responsive to those risks. Such procedures include examining, on a test basis, evidence regarding the amounts and disclosures in the financial statements. •obtai n an understanding of internal control relevant to the audit in order to design audit procedures that are appropriate in the circumstances, but not for the purpose of expressing an opinion on theeffectiveness of Systems Depot 401(k) Plan's internal control. Accordingly, no such opinion is expressed. •evaluat e the appropriateness of accounting policies used and the reasonableness of significant accounting estimates made by management, as well as evaluate the overall presentation of the financial statements. •conclude w hether, in our judgement, there are conditions or events, considered in the aggregate, that raise substantial doubt about Systems Depot 401(k) Plan's ability to continue as a going concern for a reasonable period of time. Our audits did not extend to the certified investment information, except for obtaining and reading the certification, comparing the certified investment information with the related information presented and disclosed in the financial statements, and read ing the disclosures relating to the certified investment info rmation to assess whether they are in accordance with the presentation and disclosure requirements of account ing principles generally accepted in the United States of America. Accordingly, the objective of an ERISA Section 103(a)(3)(C) audit is not to express an opinion about whe ther the financial statements as a whole are presented fairly, in all material respects, in accordance with accounting principles generally accepted in the United States of America. We are required to communicate with those charged with governance regarding, among other matters, the pla nned scope and timing of the audit, significant audit findings, and certain internal control -related matters that we identified during the audit. Other Matters - Supplemental Schedule Required by ERISA The supplemental Schedule of Assets (Held at End of Year) is presented for purposes of additional analysis and i s not a required part of the financial statements but is supplementary information required by the Department of Labor's Rules and Regulations for Reporting and Disclosure under ERISA. Such informatio n is the responsibility of management and was derived from and relates directly to the underlying accounting and other records used to prepare the financial statements. The information included in t he supplemental schedule, other than that agreed to or derived from the certified investment information, has been subjected to auditing procedures applied in the audits of the financial statements and certain additional procedures, including comparing and reconciling such information directly to the underlying accounting and o ther records used to prepare the financial statements or to the financial statements themselves, and other additional procedures in accordance with generally accepted auditing standar ds. For information inc luded in the supplemental schedule that agreed to or is derived from the certified investment information, we compared such information to the related certified investment information. 3 SYSTEMS DEPOT 401(k) PLAN STATEMENTS OF NET ASSETS AVAILABLE FOR BENEFITS DECEMBER 31, 2024 AND 2023 2024 2023 Assets: Investments at fair value 4,565,707 $ 3,818,656 $ Receivables:Employer contributions 476 - Employee contributions 2,290 - Notes receivable from participants 69,409 101,269 Total receivables 72,175 101,269 Total Assets 4,637,882 3,919,925 Net Assets Available for Benefits 4,637,882 $ 3,919,925 $ The accompanying notes are an integral part of the financial statements. 5 SYSTEMS DEPOT 401(k) PLAN STATEMENTS OF CHANGES IN NET ASSETS AVAILABLE FOR BENEFITS YEARS ENDED DECEMBER 31, 2024 AND 2023 2024 2023 Additions: Additions to Net Assets Attributed to:Investment Income: Net investment gain from dividends and interest 149,146 $ 82,821 $ Net appreciation (depreciation) in fair value of investments 430,307 530,368 Total investment income (loss) 579,453 613,189 Interest income on notes receivable from participants 4,440 5,074 Contributions:Employee 358,588 315,649 Rollover - | 11,759 Employer 86,323 81,641 Total contributions 444,911 409,049 Total additions 1,028,804 1,027,312 Deductions: Deductions from Net Assets Attributed to: Benefits paid to participants 308,947 205,173 Administrative expenses 1,900 3,166 Total deductions 310,847 208,339 Net increase (decrease) 717,957 818,973 Net Assets Available for Benefits: Beginning of year - January 1 3,919,925 3,100,952 End of year - December 31 4,637,882 $ 3,919,925 $ The accompanying notes are an integral part of the financial statements. 6 SYSTEMS DEPOT 401(k) PLAN NOT ES TO THE FINANCIAL STATEMENTS FOR THE YEARS ENDED DECEMBER 31, 2024 AND 2023 1. Desc ription of the Plan The following description of Systems Depot 401(k) Plan (the ""Plan"") prov ides only general information. Participants should refer to the Plan agreement for a more complete description of the Plan's provisi ons. Gene ral. The Plan is a defined contri bution 401(k) plan covering all benefited employees of the Company who have reached age 21. It is subject to the provisions of the Employee Reti rement Income Security Act of 1974 (ERISA). Effective February 1, 2020, the employees of SpartaCraft merged their retirement accounts into Systems Depot 401(k) Plan. In doing so, all of the accounts of SpartaCraft employees were transferred in to the Plan. Contributions. Effective July 31, 2018, the Plan was am ended to contain an automatic enro llment feature wher e an eligible participant will automati cally defer 3% of compensatio n, as defined, unless the participant makes a c ontrary salary reduction agreement election. Participants may defer a maximum deferral of 50% unless the participant affi rmatively elects otherwise. A participan t may enter into a special salary reduction agreement to ma ke additional deferral cont ributions in an amount up to 100% of the participant eligible compensati on. For the period of January 1, 2020 to Ja nuary 31, 2 020, the Plan had an employer discretionary ma tch, matching 50 percent of th e first two percent contributed to the Plan. Effective Feb ruary 1, 2020 the plan was amended and the Plan has an employer discretionary match, matching 50 percent of the first four percent contributed to the Plan. Participants who have attained age 50 before the e nd of the Plan year are eligible to make catch-up contributi ons. Participants may also contri bute amounts representing distributions from other qualified defined benefit or defined contributions plans. Participants direct the investment o f their contributi ons into various investme nt options offered by the Plan. The Plan currently offers va rious mutual funds and a money market account as investme nt options for participants. Contributions are subject to certain IRS limitations. The Company may make a discretionary profit-shari ng contribution to the Plan as determined by its Board of Directors. Profit-sharing contri butions ar e allocated to a participant's account based on the proportion of his or her compensation to compensation for all participants. Participant Accounts. Each participant's account is credited wi th the particip ant's contribution and allocations of (a) the Company's discretionary co ntribution and (b) Plan ear nings and charged with an allocation of administrative expenses. Allocati ons are based on participant earnings or account balances, as d efined by the Plan. The benefit to whic h a participant is entitled, is the benefit that can be provi ded fr om the participant's vested account. Investment Options. Upon enrollment in the Plan, a participant may direct contributions into several investment options. The investment options range fr om mutual funds to an investment in a common collective trust. Vesting. Participants are immediately vested in thei r voluntary, em ployer discretionary matching, and discretionary non-elective contribut ions plus actua l earnings thereon. 7 SYSTEMS DEPOT 401(k) PLAN | Notes Receivable from Participants. Participants may borrow from their fund accounts a minimum of $1,000 up to a maximum permissible by law. The loans are secured by the balance in the participant's account and bear interest rates commensu rate with local prevailing rates. Principal and interest are paid ratably through payroll deductions with maximum loan duration of five years. Payment of Benefits. On termination of service due to death, disability, or retirement, a participant (or participant's beneficiary) may receive an amount equal to the vested value of his or her account. A participant may receive an amount equal to the valu e of the participant's vested interest in his or her account in a lump-sum amount. Provisions of th e Plan also allow for benefit payments to be delayed and distributed in accordance with the Internal Revenue Code. For termination of service for other reasons, a participant may receive the value of the vested interest in his or her account as a lump-sum distribution. | Forfeited Accounts. Participants are 100% vested immediately in employee deferral contributions, non-elective employer contributions , and matching employer contribu tions. There were no forfeitures at December 31, 2024 or 2023, respectively. 2. Summary of Significant Accounting Policies | Basis of Accounting. The financial statements of the Plan are prepared using the accrual basis of accounting in accordance with accounting principl es generally accepted in the United States of America. Use of Estimates. The preparation of financial statements, in conformity with accounting principles generally accepted in the United States of Amer ica (""GAAP""), requires management to make estimates and assumptions that affect certain re ported amounts of assets and liabilities and changes therein and disclosure of contingent assets and lia bilities. Actual results may differ from those estimates. Investment Valuation and Income Recognition. Investments are reported at fair value. Fair value is the price that would be received to sell an asset or paid to transfer a liability in an orderly transaction between market participants at the measurement date . The Plan's management determines the Plan's valuation policies utilizing information provided by the investment advisers, custodians, and insurance company. See Note 4 for discussion of fair value measurements. Purchases and sales of securities are recorded on a trade-da te basis. Interest income is recorded on the accrual basis. Dividends are recorded on the ex-dividend date. Net appreciation (depreciation) includes the Plan's gain and losses on investments bought and sold, as well as held during the year. Contributions. Contributions from Plan participants a nd the matching contribution from the Plan Sponsor are recorded in the year in which the pa rticipant contributions are withheld from the amounts paid. All participant and employer contributions are participant-directed. For the year ended December 31, 2024, employee and employer c ontribution receivables were $2,290 and $476, respectively. There was no employee or employe r contribution receivable for the year ended December 31, 2023. | Although it has not expressed any intent to do so, th e Company has the right, under the Plan, to discontinue its contributions at any time and to termin ate the Plan subject to the provisions of ERISA. In the event of Plan termination, participants are 100% vested in their employer contributions.",1,"Effective Feb ruary 1, 2020 the plan was amended and the Plan has an employer discretionary match, matching 50 percent of the first four percent contributed to the Plan.",,100%,general_match,0,Profit-sharing contri butions ar e allocated to a participant's account based on the proportion of his or her compensation to compensation for all participants.,0,1,,0,vesting mentioned,high
CENTRAL CHRISTIAN COLLEGE 403(B) DC PLAN,CENTRAL CHRISTIAN COLLEGE 403(B) DC PLAN_2024.pdf,"7 1. Description of the Plan The following desc ription of the Central Christian College 403(b) DC Plan (the Plan) provides only general information. Participants should refer to the Plan agreement for a more complete description of the Plan's provisions. General The Plan is a 403(b) defined contribution plan available to eligible employees of Central Christian College of Kansas (the Employer ). Employees are immediately eligible to participa te in the Plan upon date of hire. Students and non- resident aliens are generally excluded from participation in the Plan. The Plan is subject to the provisions of the Employee Retirement Income Security Act of 1974 ( ERISA ). The Employer is responsible for oversight of the Plan. Teachers Insurance and Annuity Association of America (TIAA) and College Retirement Equities Fund (CREF) (collectively, TIAA and CREF ), are the insurance carriers of the Plan . TIAA also serves as the recordkeeper of the Plan. Contributions Each year, participants may contribute up to the maximum allowed by law , as defined in the Plan. Participants who have attained the age of 50 before the end of the Plan year are eligible to make catch -up contributions. Participants may also contribute amounts representing distributions from other qualified defined benefit or defined contribution plans (rollovers). Participants direct the investment of their contributions into various investment options offered by the Plan. Participants can change the investment options previously elected at any time. The Employer may make discretionary matching contributions of less than or equal to 6% of compensation to participants contributing at least 4% of compensation. For 2024, the Employer elected to make matching contributions equal to 2% of the employee's compensation if the employee is contributing at least 4% of compensation. No match is made if the employee is contributing less than 4% of compensation. Employees are eligible to receive E mployer matching contributions if they are 21 years old and have completed one year of service that includes at least 83 1/3 hours of service each month. For purposes of determining eligibility, service with a predecessor employer will count if it was with an educational organization providing post -secondary education or a teaching institution. Contributions are subject to certain Internal Revenue Service (IRS) limitations. Central Christian College 403(b) DC Plan | 8 1. Description of the Plan (continued) Participant Accounts Each participant 's account is credited with the participant' s contributions , the Employer 's discretionary matching contributions and Plan earnings or losses. Participant accounts are charged with an allocation of administrative expenses that are paid by the Plan. Allocations are based on participant earnings , account balances or specific transactions , as defined. The benefit to which a participant is entitled is the benefit that can be provided from the participant 's vested account. Vesting Participants are immediately vested in all contributions, plus actual earnings on these contributions. Payment of Benefits Effective May 1, 2024, i f a participant's vested benefit in the Plan does not exceed $5,000 at the time of termination of employment, the balance may be distributed in a single lump sum payment as soon as administratively feasible. If the participant's vested benefit in the Plan exceeds $5,000 at the time of termination, the participant may elect to maintain their account in the Plan, receive a lump -sum distribution, distribute their account by purchasing an annuity contract, request a series of payments over a period of time until their account is fully distributed, or rollover their account balance into another individual retirement account. Participants may also withdraw their vested account balances at any time on or after the age of 59½, or upon retirement, death or disability. In addition, participants may be permitted to receive an in- service hardship distribution of their account. Participants invested in certain annuity contracts may be subject to further restrictions upon distribution. Forfeitures Participants are fully vested upon entrance to the Plan; therefore, no portion of account balances may be forfeited upon exit from the Plan. 2. Significant Accounting Policies Basis of Accounting The financial statements of the Plan are prepared on the accrual basis of accounting. Central Christian College 403(b) DC Plan | Contributions from Plan participants and the discretionary matching contributions from the Employer are recorded in the year in which the employee contributions are withheld from compensation. Benefit s Paid to Participants Benefits are recorded when paid. Administrative Expenses Certain expenses of maintaining the Plan are paid by the Plan, unless otherwise paid by the Employer . Expenses paid by the Employer are excluded from these financial statements. Investment related expenses are included in net ap preciation of fair value of investments. Subsequent Events The Plan has evaluated subsequent events through November 21, 2025, the date the financials were available to be issued. Central Christian College 403(b) DC Plan | 13 6. TIAA Traditional Benefit Responsive Contracts The Plan invests in a fully benefit -responsive investment contract held with TIAA totaling $1,629 as of December 31, 2024. TIAA maintains the contributions in a general account. The account is credited with earnings on the underlying investments and charged for participant withdrawals and administrative expenses. The contract provide s a guaranteed minimum rate of interest between 1% and 3%. The contract meet s the fully benefit -responsive investment criteria and therefore is reported at contract value. Contract value is the relevant measurement for fully benefit -responsive investment contracts, because it is the amount received by participants if they were to initiate permitted transactions under the terms of the Plan. Contract value, as reported to the Plan by TIAA, represents contributions made under the contracts, plus earnings, less participant withdrawals and administrative expenses. Participants may ordinarily direct the withdrawal or transfer of all or a portion of their investment at contract value. The Plan's ability to receive amounts due is dependent on the issuer's ability to meet its financial obligations. The issuer's ability to meet its contractual obligations may be affected by future economic and regulatory developments. Certain events limit the ability of the Plan to transact at contract value with the issuer. Such events include amendments to Plan documents (including complete or partial Plan termination or merger with another plan), changes to the Plan's prohibition on competing investment options or deletion of equity wash provisions, bankruptcy of the Employer or other Employer events that cause a significant withdrawal from the Plan, the failure of the trust to qualify for exemption from federal income taxes or any required prohibited transaction exemption under ERISA, or premature termination of the contract. No events are probable of occurring that might limit the ability of the Plan to transact at contract value with the contract issuers and that also would limit the ability of the Plan to transact at contract value with the participants. In addition, certain events allow the issuer to terminate the contract with the Plan and settle at an amount different from contract value. Such events include an uncured violation of the Plan's investment guideline, a breach of material obligation under the contract, a material misrepresentation or a material amendment to the agreement without consent of the issuer. 7. Related Party Transactions and Party- in-Interest Transactions Certain Plan investments are in accounts of TIAA and CREF; therefore, these transactions qualify as party- in-interest transactions. Net appreciation and dividend and interest income from investments held with parties -in-interest totaled $ 638,885 and $98,509, respectively , in 2024. Participant contributions are also considered to be party- in-interest transactions. Employer contributions are considered to be both party -in-interest and related party transactions. Central Christian College 403(b) DC Plan",1,The Employer may make discretionary matching contributions of less than or equal to 6% of compensation to participants contributing at least 4% of compensation.,,,general_match,1,"Contributions Each year, participants may contribute up to the maximum allowed by law , as defined in the Plan.",0,0,Employees are eligible to receive E mployer matching contributions if they are 21 years old and have completed one year of service that includes at least 83 1/3 hours of service each month,0,vesting mentioned,high
COMPREHENSIVE WOMEN_S HEALTHCARE 401(K) PLAN,COMPREHENSIVE WOMEN_S HEALTHCARE 401(K) PLAN_2024.pdf,,0,,,,,0,,0,0,,0,,low
FIRST NATURALSTATE BANK PROFIT SHARING_401(K) PLAN,FIRST NATURALSTATE BANK PROFIT SHARING_401(K) PLAN_2024.pdf,,0,,,,,0,,0,0,,0,,low
"CHEHAYEB & ASSOCIATES, INC. 401(K) PROFIT SHARING PLAN","CHEHAYEB & ASSOCIATES, INC. 401(K) PROFIT SHARING PLAN_2024.pdf",,0,,,,,0,,0,0,,0,,low
"MMG GPO, LLC 401(K) PROFIT SHARING PLAN","MMG GPO, LLC 401(K) PROFIT SHARING PLAN_2024.pdf",,0,,,,,0,,0,0,,0,,low
PARKER KLINE FINANCE & INVESTMENT 401(K) PROFIT SHARING PLAN,PARKER KLINE FINANCE & INVESTMENT 401(K) PROFIT SHARING PLAN_2024.pdf,,0,,,,,0,,0,0,,0,,low
"STEVEN ENTERPRISES, INC. 401(K) PLAN","STEVEN ENTERPRISES, INC. 401(K) PLAN_2024.pdf",,0,,,,,0,,0,0,,0,,low
BAY-VANGUARD FEDERAL SAVINGS BANK 401(K) PROFIT SHARING PLAN,BAY-VANGUARD FEDERAL SAVINGS BANK 401(K) PROFIT SHARING PLAN_2024.pdf,,0,,,,,0,,0,0,,0,,low
"HISER ENTERPRISES, INC. 401(K) PROFIT SHARING PLAN","HISER ENTERPRISES, INC. 401(K) PROFIT SHARING PLAN_2024.pdf",,0,,,,,0,,0,0,,0,,low
ADFAM 401(K) PLAN,ADFAM 401(K) PLAN_2024.pdf,,0,,,,,0,,0,0,,0,,low
INDIGO TECHNOLOGY GROUP INC 401(K) PROFIT SHARING PLAN & TRUST,INDIGO TECHNOLOGY GROUP INC 401(K) PROFIT SHARING PLAN & TRUST_2024.pdf,,0,,,,,0,,0,0,,0,,low
"T@RJ, INC. 401(K) PROFIT SHARING PLAN","T@RJ, INC. 401(K) PROFIT SHARING PLAN_2024.pdf",,0,,,,,0,,0,0,,0,,low
STEWARD HEALTH CARE 401(K) RETIREMENT SAVINGS PLAN,STEWARD HEALTH CARE 401(K) RETIREMENT SAVINGS PLAN_2024.pdf,"The Company may also make a discretionary matching co ntribution to participants, at the discretion of the Company. To be eligible for a discretionary matching contribution, participants must be employed on the last day of the Plan year and work at least 1,000 hours of serv ice during the Plan year. There were no discretionary matching contributions for the plan years ended Decem ber 31, 2024 and 2023. Cont ributions are subject to certain Internal Revenue Service (IRS) limitations. | Total employer contributions for the year ended December 31, 2024 was $4,972,542. STEWARD HEALTH CARE 401(k) RETIREMENT SAVINGS PLAN NOTES TO FINANCIAL STATEMENTS | Participant Accounts – Each participant's account is credited with the participant's contribution, the Company's matching contributions, if any, and actual earnings thereon. Allocations are base d on participant earnings, acc ount balances, or specific participant transactions, as defined. The benefit to which a participant is entitled is the benefit that can be provided from the particip ant's vested account. Vesting – Participants are immediately vested in their contri butions and the Company's contributions plus actual earnings thereon. Certain participants eligible under a collective bargaini ng agreement or participants that transferred to the Plan from other qualified plans may have different vesting terms as defined in the plan agreement. Notes Receivable from Participants – | Participants may borrow from their fund accounts a minimum of $1,000 up to a maximum of $50,000 or 50% of their vested account balance, whiche ver is less. Loans are required to be repaid within five years unless the loan is to be used for the purchase of a primary resi dence in which case the plan administrator may permit a loan term up to 15 years. Participants may not have more than 3 loans outstanding at any time. The loans are secured by the balance in the participant's account and bear interest at the prime rate plus 1%, as defined. Principal and interest is paid ratably through payroll deductions. Payment of Benefits – Upon termination of service, retirement, disability or d eath, a participant may elect to receive a lump sum payment, installment payments or partial withdrawals in an amount equal to the value of the participant's vested interest in their account either in a distributio n or a rollover. A participant may withdraw from their rollover account at any time. In-service withdrawals fro m a participant's vested account balance are available upon reaching age 59 ½. If a participant's account balance is greater than $1,000 but equal to or less than $5,000, the plan administrator can automatically rollove r your entire vested account balance into a traditional individual retirement account (IRA). If a participant' s account balance is less than $1,000, the plan administrator can distribute the en tire balance in a lump sum amount. Hardship withdrawals are available from a participant's account, with a minimum amount of $500, in order to meet a participant's immediate and heavy fina ncial need, as defined in the Plan document. | Forfeitures – At December 31, 2024 and 2023, forfeited nonvested accounts totaled $161,965 and $100,184, respectively. Forfeited balances of terminated participants are used to reduce future Company c ontributions or pay Plan expenses. During the year ended December 31, 2024, forfeitures totaling $85,217 were used to reduce Company contributions or pay Plan expenses. | The Plan invests in various investment securities. Inv estment securities are exposed to various risks such as interest rate, market, and credit risk. Due to the level of risk associated with certain investment securities, it is at least reasonably possible that changes in the values of investment securities will o ccur in the near term and that such changes could materially affect partic ipants' account balances and the amounts reported in the Statements of Net Assets Available for Benefits. STEWARD HEALTH CARE 401(k) RETIREMENT SAVINGS PLAN NOTES TO FINANCIAL STATEMENTS Page 13 6.TAX STATUS The Plan has adopted a prototype plan and relies on the prototype plan's opinion letter fro m the IRS dated June 30, 2020. The Plan has not applied for a determina tion letter from the IRS s pecific for the Plan. The Plan has been amended since the date of the opinion letter. However, the plan administrator believes that the Pl an is designed and is current ly being operated in complia nce with the applicable requirement s of the Code. Therefore, no provision for income taxes has been included in the Plan's financial statements. Accounting principles generally accepted in the Unite d States of America require Plan management to evaluate tax positions taken by the Plan and recognize a ta x liability if the Plan has taken an uncertain position that more likely than not would be sustained up on examination by the IRS. The Plan is subject to rout ine audits by taxing jurisdictions; however, there are curr ently no audits for any tax periods in progress. 7.PLAN TERMINATION On December 30, 2024, the Plan Sponsor approved the termination of the Plan effective Dece mber 31, 2024. All participants became 1 00% vested in all of their accounts upon termination. Participants in the Plan had until April 29, 2025, to w ithdraw their funds from the Plan. Any participant balances remaining in th e Plan after this date were rolled over to an IRA. Liquidati on of all plan assets is expected during the 2025 plan year. 8.PARTY- IN-INTEREST TRANSACTIONS Certain Plan investments are managed by Fidelity. Fidelity is the trustee of th e Plan and, therefore, these transactions qualify as party-in-interest transactions. Notes receiva ble from participants also qualify as party- in-interest transactions. Fidelity provides cert ain administrative services to the Plan pursuant to a Master Plan Serv ices Agreement (MSA) between the Comp any and Fidelity. Fidelity recei ves revenue from mutual fund service providers for services Fidel ity provides to the funds. This revenue is used to offset certain amounts owed to Fidelity fo r its administrative service s to the Plan. If the revenue received by Fidelity from such mutu al fund service providers exceeds the amount owed under the MSA, Fidelity remits the excess to t he Plan's trust on a quarterly basis. Such amounts may be appl ied to pay plan administrative expenses or all ocated to the acc ounts of the participants. During the plan year ended December 31, 2024, the a mount remitted to the Plan tota led $1,094,099, which is in cluded in other income on the Statement of Changes in Net Assets Available for Benefits in Liquidation. | The Company may also make a discretionary matching co ntribution to participants, at the discretion of the Company. To be eligible for a discretionary matching contribution, participants must be employed on the last day of the Plan year and work at least 1,000 hours of serv ice during the Plan year. There were no discretionary matching contributions for the plan years ended Decem ber 31, 2024 and 2023. Cont ributions are subject to certain Internal Revenue Service (IRS) limitations. | Total employer contributions for the year ended December 31, 2024 was $4,972,542. STEWARD HEALTH CARE 401(k) RETIREMENT SAVINGS PLAN NOTES TO FINANCIAL STATEMENTS | Participant Accounts – Each participant's account is credited with the participant's contribution, the Company's matching contributions, if any, and actual earnings thereon. Allocations are base d on participant earnings, acc ount balances, or specific participant transactions, as defined. The benefit to which a participant is entitled is the benefit that can be provided from the particip ant's vested account. Vesting – Participants are immediately vested in their contri butions and the Company's contributions plus actual earnings thereon. Certain participants eligible under a collective bargaini ng agreement or participants that transferred to the Plan from other qualified plans may have different vesting terms as defined in the plan agreement. Notes Receivable from Participants – | Participants may borrow from their fund accounts a minimum of $1,000 up to a maximum of $50,000 or 50% of their vested account balance, whiche ver is less. Loans are required to be repaid within five years unless the loan is to be used for the purchase of a primary resi dence in which case the plan administrator may permit a loan term up to 15 years. Participants may not have more than 3 loans outstanding at any time. The loans are secured by the balance in the participant's account and bear interest at the prime rate plus 1%, as defined. Principal and interest is paid ratably through payroll deductions. Payment of Benefits – Upon termination of service, retirement, disability or d eath, a participant may elect to receive a lump sum payment, installment payments or partial withdrawals in an amount equal to the value of the participant's vested interest in their account either in a distributio n or a rollover. A participant may withdraw from their rollover account at any time. In-service withdrawals fro m a participant's vested account balance are available upon reaching age 59 ½. If a participant's account balance is greater than $1,000 but equal to or less than $5,000, the plan administrator can automatically rollove r your entire vested account balance into a traditional individual retirement account (IRA). If a participant' s account balance is less than $1,000, the plan administrator can distribute the en tire balance in a lump sum amount. Hardship withdrawals are available from a participant's account, with a minimum amount of $500, in order to meet a participant's immediate and heavy fina ncial need, as defined in the Plan document. | Forfeitures – At December 31, 2024 and 2023, forfeited nonvested accounts totaled $161,965 and $100,184, respectively. Forfeited balances of terminated participants are used to reduce future Company c ontributions or pay Plan expenses. During the year ended December 31, 2024, forfeitures totaling $85,217 were used to reduce Company contributions or pay Plan expenses. | The Plan invests in various investment securities. Inv estment securities are exposed to various risks such as interest rate, market, and credit risk. Due to the level of risk associated with certain investment securities, it is at least reasonably possible that changes in the values of investment securities will o ccur in the near term and that such changes could materially affect partic ipants' account balances and the amounts reported in the Statements of Net Assets Available for Benefits. STEWARD HEALTH CARE 401(k) RETIREMENT SAVINGS PLAN NOTES TO FINANCIAL STATEMENTS Page 13 6.TAX STATUS The Plan has adopted a prototype plan and relies on the prototype plan's opinion letter fro m the IRS dated June 30, 2020. The Plan has not applied for a determina tion letter from the IRS s pecific for the Plan. The Plan has been amended since the date of the opinion letter. However, the plan administrator believes that the Pl an is designed and is current ly being operated in complia nce with the applicable requirement s of the Code. Therefore, no provision for income taxes has been included in the Plan's financial statements. Accounting principles generally accepted in the Unite d States of America require Plan management to evaluate tax positions taken by the Plan and recognize a ta x liability if the Plan has taken an uncertain position that more likely than not would be sustained up on examination by the IRS. The Plan is subject to rout ine audits by taxing jurisdictions; however, there are curr ently no audits for any tax periods in progress. 7.PLAN TERMINATION On December 30, 2024, the Plan Sponsor approved the termination of the Plan effective Dece mber 31, 2024. All participants became 1 00% vested in all of their accounts upon termination. Participants in the Plan had until April 29, 2025, to w ithdraw their funds from the Plan. Any participant balances remaining in th e Plan after this date were rolled over to an IRA. Liquidati on of all plan assets is expected during the 2025 plan year. 8.PARTY- IN-INTEREST TRANSACTIONS Certain Plan investments are managed by Fidelity. Fidelity is the trustee of th e Plan and, therefore, these transactions qualify as party-in-interest transactions. Notes receiva ble from participants also qualify as party- in-interest transactions. Fidelity provides cert ain administrative services to the Plan pursuant to a Master Plan Serv ices Agreement (MSA) between the Comp any and Fidelity. Fidelity recei ves revenue from mutual fund service providers for services Fidel ity provides to the funds. This revenue is used to offset certain amounts owed to Fidelity fo r its administrative service s to the Plan. If the revenue received by Fidelity from such mutu al fund service providers exceeds the amount owed under the MSA, Fidelity remits the excess to t he Plan's trust on a quarterly basis. Such amounts may be appl ied to pay plan administrative expenses or all ocated to the acc ounts of the participants. During the plan year ended December 31, 2024, the a mount remitted to the Plan tota led $1,094,099, which is in cluded in other income on the Statement of Changes in Net Assets Available for Benefits in Liquidation.",1,"To be eligible for a discretionary matching contribution, participants must be employed on the last day of the Plan year and work at least 1,000 hours of serv ice during the Plan year.",,,general_match,1,"The Company may also make a discretionary matching co ntribution to participants, at the discretion of the Company.",0,0,,0,vesting mentioned,high
MCMILLAN OFFICE INC 401(K) PROFIT SHARING PLAN & TRUST,MCMILLAN OFFICE INC 401(K) PROFIT SHARING PLAN & TRUST_2024.pdf,,0,,,,,0,,0,0,,0,,low
NETSPARK IP & TELECOM LLC 401(K) PROFIT SHARING PLAN & TRUST,NETSPARK IP & TELECOM LLC 401(K) PROFIT SHARING PLAN & TRUST_2024.pdf,,0,,,,,0,,0,0,,0,,low
"COMFORT ZONE ENTERPRISES, INC. 401(K) PLAN","COMFORT ZONE ENTERPRISES, INC. 401(K) PLAN_2024.pdf",,0,,,,,0,,0,0,,0,,low
"BERKELEY EMERGENCY MEDICAL GROUP, INC. PROFIT SHARING 401(K) PLAN","BERKELEY EMERGENCY MEDICAL GROUP, INC. PROFIT SHARING 401(K) PLAN_2024.pdf",,0,,,,,0,,0,0,,0,,low
"GUARANTY SERVICE GROUP, INC 401(K) SAVINGS PLAN","GUARANTY SERVICE GROUP, INC 401(K) SAVINGS PLAN_2024.pdf","Brookfield, Wisconsin May 16, 2025 Guaranty Service Group, Inc. 401(k) Savings Plan Statements of Net Assets Available for Benefits December 31, 2024 and 2023 2024 2023 INVESTMENTS AT FAIR VALUE Mutual funds 6,282,048 $ 6,839,112 $ Common/collective trust 439,447 542,122 TOTAL INVESTMENTS AT FAIR VALUE 6,721,495 7,381,234 NOTE RECEIVABLE FROM PARTICIPANT 5,735 9,442 EMPLOYEE CONTRIBUTIONS RECEIVABLE - 7,639 EMPLOYER CONTRIBUTIONS RECEIVABLE - 2,155 NET ASSETS AVAILABLE FOR BENEFITS 6,727,230$ 7,400,470 $ The accompanying notes are an integral part of these statements. 4 Guaranty Service Group, Inc. 401(k) Savings Plan Statements of Changes in Net Assets Available for Benefits For The Years Ended December 31, 2024 and 2023 2024 2023 ADDITIONS TO NET ASSETS ATTRIBUTED TO Employee elective deferral contributions 331,319 $ 726,209 $ Employee rollover contributions 50,579 27,909 Employer matching contributions 96,286 184,378 Net appreciation in fair value of investments 732,094 1,107,996 Dividends and interest income from investments 137,137 153,790 Interest income from a note receivable from a participant 437 712 TOTAL ADDITIONS 1,347,852 2,200,994 DEDUCTIONS FROM NET ASSETS ATTRIBUTED TO Benefits to participants 1,987,719 2,611,778 Administrative expenses 33,373 39,204 TOTAL DEDUCTIONS 2,021,092 2,650,982 NET CHANGES (673,240) (449,988) NET ASSETS AVAILABLE FOR BENEFITS Beginning of year 7,400,470 7,850,458 End of year 6,727,230 $ 7,400,470 $ The accompanying notes are an integral part of these statements. 5 Guaranty Service Group, Inc. 401(k) Savings Plan Notes to Financial Statements December 31, 2024 and 2023 | Accounting estimates - The preparation of financial statements in conf ormity with accounting principles generally accepted in the United States of America (""GAAP"") requires management to make estimates and assumptions that affect certain reported amounts and disclosures. Actual results could differ from those estimates. Subsequent events - The financial statements include management's evaluation of the events and transactions occurring subsequent to December 31, 2024 through May 16, 2025, which is the date the financial statements were available to be issued. Risks and uncertainties - The plan invests in various investments. Inve stments are exposed to various risks such as interest rate, market, and credit risks. Due to the level of risk associated with certain investments, it is at least reasonab ly possible that changes in the values of in vestments will occur in the near term and that such changes could materially affect participants' account balances and the amounts reported in the statements of net assets available for benefits. Key parties of the plan - Guaranty Service Group, Inc. is the plan s ponsor, employer and the plan administrator. Guaranty Closing and Title Service Inc and Andrew Law Office s SC are participating employers in the plan. Prior to May 2023, Info-Pro Lender Services Inc., Info Pro Insurance Services LLC and Information Professional CO were also participating employers in the plan. The plan entered into an agreement with The Vanguard Group, Inc. (""Vanguard"") whereby Vanguard provides retirement plan recordkeeping servic es to the plan. Vanguard outsources all such services to Ascensus Trust Company and Ascensus LLC, acting as t he agent for Ascensus Trust Company. The two Ascensus entities are collectively referred to as ""Ascensus"". Ascensus is the directed trustee that holds custody of plan assets, the third party administrator that mainta ins plan documents, tax counsel that performs various compliance tests and recordkeeper that maintains investment and participant records. Spectrum Investment Advisors is the plan's investment advisor. Two officers of the pl an sponsor are limited trustees. In May 2023, the plan sponsor entered into a business transaction which resulted in significant employee terminations by Guaranty Service Group, Inc, which caused a partial plan te rmination. Impacted participants were given the option to rollover their account balance or leave their balances in the plan (the same as any terminated employee). The partial plan termination required that all participants who terminated in 2023 become fully vested in all previous employer contributions and related earnings. Investments - The plan sponsor determines the investments available to plan participants. The participants allocate their contributions and transfer existing balances among the av ailable investment options. Earnings, including the net appreciation (depreciation) in fair value of investments bought, sold and held during the years, are reflected in the statements of changes in net assets available for benefits. Participants should refer to the investment account summaries and prospectuses for more information. | General - The plan was adopted effective January 1, 1989 as a defined contribution plan with a 401(k) salary deferral arrangement. It is subject to the provisions of the Employ ee Retirement Income Security Act of 1974 (""ERISA"") and subsequent amendments. | Eligibility - Employees are eligible to make elective deferral contributions and receive employer discretionary matching contributions immediately upon hire. Contributions - Contributions are recorded in the year in which eligible compensation is paid. Contributions to the plan can be made in the following ways: | a. Participants may contribute a percentage of their compensation subject to certain limitations (elective deferral contributions). The plan also permits Roth elective deferral contributions. | c. Employer matching contributions may be made at the di scretion of the plan sponsor's board of directors. The current employer match program, effective for 2024 and 2023, is funded in conjunction with each payroll and is equal to 30% of a participant's contribution into the plan , up to 15% of the participant's eligible compensation contributed as elective deferral contributions. Participant accounts - Earnings, including the fair value appreciation (depreciation), are allocated to participant accounts on a daily basis based upon the performance of the investment op tions selected. Each participant's account is credited with the participant's elective deferral and rollover contributi ons and an allocation of the employer's contributions. Participants are allowed to change their investment options on a daily basis and change their deferral percentage each pay period. | Vesting - Participants are always 100% vested in their elective deferral contributions, rollover contributions, and related earnings. Participants become 20% vested in their employer contributions and related earnings upon one full year of service. The participant then vests at the rate of 20% for each year thereafter. Upon death, disability or attainment of early retirement age (defined as 55) while employed with employer, participants become 100% vested. | Forfeitures - Forfeited nonvested accounts may be used to redu ce employer contributions or pay administrative expenses. Forfeitures used to pay administrative expenses we re $2,000 in 2024. Forfeitures used to reduce employer contributions were $16,000 in 2023. Unapplied forfeitures were $5,000 and $2,000 as of December 31, 2024 and 2023. | Note receivable from a participant - Participants can take out loans against their accounts with the approval of the plan administrator. The minimum loan amount is $1,000 and the maximum amount is the lesser of one-half of the participant's vested account balance, or $50,000. Participants may not have more than one loan outstanding at any given time. The repayment term generally cannot exceed 5 years except when the loan is for the purchase of a principal residence. As of December 31, 2024, there was one note receivable from a participant outstanding with a repayment term of June 2026 with an interest rate at 5.75%. The note receivable from the participant is valued at its unpaid principal balance plus any accrued but unpaid interest, which approximates fair value. Guaranty Service Group, Inc. 401(k) Savings Plan Notes to Financial Statements December 31, 2024 and 2023 | 4. TERMINATION OF PLAN Although it has not expressed any intent to do so, the plan sponsor has the right to terminate the plan subject to the provisions of ERISA. In the event of plan termination, participants would become 100% vested in their employer contributions and related earnings.",1,"401(k) Savings Plan Statements of Changes in Net Assets Available for Benefits For The Years Ended December 31, 2024 and 2023 2024 2023 ADDITIONS TO NET ASSETS ATTRIBUTED TO Employee elective deferral contributions 331,319 $ 726,209 $ Employee rollover contributions 50,579 27,909 Employer matching contributions 96,286 184,378 Net appreciation in fair value of investments 732,094 1,107,996 Dividends and interest income from investments 137,137 153,790 Interest income from a note receivable from a participant 437 712 TOTAL ADDITIONS 1,347,852 2,200,994 DEDUCTIONS FROM NET ASSETS ATTRIBUTED TO Benefits to participants 1,987,719 2,611,778 Administrative expenses 33,373 39,204 TOTAL DEDUCTIONS 2,021,092 2,650,982 NET CHANGES (673,240) (449,988) NET ASSETS AVAILABLE FOR BENEFITS Beginning of year 7,400,470 7,850,458 End of year 6,727,230 $ 7,400,470 $ The accompanying notes are an integral part of these statements.",,15%,general_match,1,Participants may contribute a percentage of their compensation subject to certain limitations (elective deferral contributions).,0,0,Eligibility - Employees are eligible to make elective deferral contributions and receive employer discretionary matching contributions immediately upon hire,0,vesting mentioned,high
"ALKON AND LEVINE, P.C. 401(K) PROFIT SHARING PLAN","ALKON AND LEVINE, P.C. 401(K) PROFIT SHARING PLAN_2024.pdf",,0,,,,,0,,0,0,,0,,low
"WHITE HAWK, INC. 401(K) PLAN","WHITE HAWK, INC. 401(K) PLAN_2024.pdf",,0,,,,,0,,0,0,,0,,low
"JANS DELIVERY SERVICE, INC 401(K) PLAN","JANS DELIVERY SERVICE, INC 401(K) PLAN_2024.pdf",,0,,,,,0,,0,0,,0,,low
EAGLE RESEARCH CORP. 401(K) PLAN,EAGLE RESEARCH CORP. 401(K) PLAN_2024.pdf,,0,,,,,0,,0,0,,0,,low
"401(K) PROFIT SHARING PLAN FOR EMPLOYEES OF CITY LUMBER, INC.","401(K) PROFIT SHARING PLAN FOR EMPLOYEES OF CITY LUMBER, INC._2024.pdf",,0,,,,,0,,0,0,,0,,low
WEBER INSURANCE 401(K) PLAN,WEBER INSURANCE 401(K) PLAN_2024.pdf,,0,,,,,0,,0,0,,0,,low
"KRISHNAN COMPANY, P.C. CPA 401(K) PROFIT SHARING PLAN","KRISHNAN COMPANY, P.C. CPA 401(K) PROFIT SHARING PLAN_2024.pdf",,0,,,,,0,,0,0,,0,,low
NICHE HEALTHCARE STRATEGIC ADV 401(K) PROFIT SHARING PLAN & TRUST,NICHE HEALTHCARE STRATEGIC ADV 401(K) PROFIT SHARING PLAN & TRUST_2024.pdf,,0,,,,,0,,0,0,,0,,low
"GHERARDI & MOORE, P.A. 401(K) PROFIT SHARING PLAN","GHERARDI & MOORE, P.A. 401(K) PROFIT SHARING PLAN_2024.pdf",,0,,,,,0,,0,0,,0,,low
"RON PFAFF ELECTRIC, INC. 401(K) RETIREMENT PLAN AND TRUST","RON PFAFF ELECTRIC, INC. 401(K) RETIREMENT PLAN AND TRUST_2024.pdf",,0,,,,,0,,0,0,,0,,low
"KINETICA PARTNERS, LLC. 401(K) PLAN","KINETICA PARTNERS, LLC. 401(K) PLAN_2024.pdf",,0,,,,,0,,0,0,,0,,low
"GM PROPERTY RESTORATION, INC. 401(K) PLAN","GM PROPERTY RESTORATION, INC. 401(K) PLAN_2024.pdf",,0,,,,,0,,0,0,,0,,low
TRINITY OAKS CHRISTIAN ACADEMY 401(K) PLAN,TRINITY OAKS CHRISTIAN ACADEMY 401(K) PLAN_2024.pdf,,0,,,,,0,,0,0,,0,,low
MATTHEW C BARNHART FA 401(K) PROFIT SHARING PLAN,MATTHEW C BARNHART FA 401(K) PROFIT SHARING PLAN_2024.pdf,,0,,,,,0,,0,0,,0,,low
"CENTRAL FLORIDA FRESH FOODS, INC. 401(K) PROFIT SHARING PLAN","CENTRAL FLORIDA FRESH FOODS, INC. 401(K) PROFIT SHARING PLAN_2024.pdf",,0,,,,,0,,0,0,,0,,low
MIROMAR DEVELOPMENT CORPORATION 401(K) PLAN,MIROMAR DEVELOPMENT CORPORATION 401(K) PLAN_2024.pdf,"Tampa, Florida June 27, 2025 Miromar Development Corporation 401(k) Plan Statements of Net Assets Available for Benefits (Modified Cash Basis) As of December 31, 2024 and 2023 2024 2023 Investments, at fair value: Mutual funds 8,612,158$ 7,619,525$ Money market fund 378,715 341,376 Common collective funds 59,525 74,447 Total investments, at fair value 9,050,398 8,035,348 Receivables: Notes receivable from participants 89,152 100,369 Net assets available for benefits 9,139,550$ 8,135,717$ The accompanying notes are an integral part of these financial statements. P a g e | 4 Miromar Development Corporation 401(k) Plan Statement of Changes in Net Assets Available for Benefits (Modified Cash Basis) For the Year Ended December 31, 2024 Additions to net assets attributed to: Investment income: Net appreciation in fair value of investments 952,365 $ Dividends and interest 393,330 Net investment income 1,345,695 Interest income on notes receivable from participants 6,372 Contributions: Participant 717,486 Employer 233,164 Rollover 5,349 Total contributions 955,999 Total additions 2,308,066 Deductions from net assets attributed to: Benefits paid to participants 1,293,950 Administrative expenses 10,283 Total deductions 1,304,233 Net increase 1,003,833 Net assets available for benefits Beginning of year 8,135,717 End of year 9,139,550$ The accompanying notes are an integral part of this financial statement. P a g e | 5 Miromar Development Corporation 401(k) Plan Notes to Financial Statements December 31, 2024 and 2023 P a g e | 6 Note A – Description of Plan The following description of the Miromar Development Corporation 401(k) Plan (the ""Plan"") provides only general information. Participants should refer to the Plan document for a more complete description of the Plan's provisions. General The Plan is a defined contribution plan covering all employees of Miromar Development Corporation and its participating employers (collectively, the ""Company"" or ""Employer"") who have completed 3 months of service and are at least 21 years of age with the exception of leased employees, union workers, and nonresident aliens. Employees enter the Plan beginning the first day of each month. The Plan was formed and adopted on June 1, 2008 , last amended February 2, 2024 , and is subject to the provisions of the Employee Retirement Income Security Act of 1974 (""ERISA""). The Plan was amended effective February 2, 2024 for additions to the Plan's permissible investment options. Administration of the Plan The Plan is administered by the Company . Fidelity Management Trust Company (the ""Custodian"") maintains the Plan's accounting records and holds and manages the Plan assets. Contributions are held by the Custodian , who invest cash received, interest and dividend income, as direct ed by the participant, and make distrib utions to participants . Contributions Participants may contribute up to 90% of pretax annual compensation, as defined in the Plan, subject to Internal Revenue Code ( ""IRC"") limitations. The maximum participant deferral for the year ended December 31, 2024 was $23,000. A participant who has attained the age of 50 may also make catch up contributions, subject to Internal Revenue Service (""IRS"") limitations of $ 7,500 for the year ended December 31, 2024 . Participants direct the investment of their contributions and Employer contributions into various investment options offered by the Plan. The Plan includes an automatic enrollment provision whereby all newly eligible employees are automatically enrolled in the Plan unless they affirmatively elect not to participate in the Plan. Automatically enrolled participants have their deferral set at 3% of eligible compensation and their contributions invested in a target date fund until changed by the participant. The salary deferral percentage will be automatically increased annually by 1% up to a maximum of 6% unless participants elect a different deferral percentage or decline to participate in the Plan. Under the terms of the Plan, the Company may make discretionary matching contributions to the Plan. During the year ended December 31, 2024 , the Company made matching contributions equal to 50% of elective deferrals not to exceed 3% of the eligible compensation. The statement of changes in net assets available for benefits (modified cash basis) for the year ended December 31, 2024 includes a matching contribution of $233,164 which was based on employee contributions made during the 202 3 plan year and was contributed to the Plan in February 202 4. The Company may also make discretionary profit -sharing contributions . During the year ended December 31, 2024 , there were no discretionary profit -sharing contributions made . Participants must be employed in the last year of the Plan to be eligible for matching and profit -sharing contributions. Participant Accounts Each participant's account is credited with the participant's contribution and the Company's matching contributions and profit sharing and performance sharing amounts, if applicable. Each participant's account shall be allocated earnings, gains, expenses, and losses with respect to the investments of the participant's account. Allocations of Plan earnings or losses are based on each participant's investment fund balance in proportion to the total investment fund balance. Miromar Development Corporation 401(k) Plan Notes to Financial Statements December 31, 2024 and 2023 P a g e | 7 Note A – Description of Plan (continued) Vesting Vesting is based on years of service. Participants are immediately vested in their voluntary contributions and actual earnings thereon. A participant is fully vested in Employer matching and non -elective contributions upon retirement, death, or total and permanent disability or after three years of credited service as follows: | Years of Service Vesting Percentage Less than 3 0% 3 or more 100% Notes Receivable from Participants Participants may borrow from their fund accounts a minimum of $1,000 up to a maximum equal to the lesser of $50,000 or 50% of their account balance. Loan transactions are treated as a transfer to (from) the investment fund from (to) the participant notes receivable. Loan terms can be up to five years, with the exception of the purchase of house in which the loan term can exceed the five year limit. These loans are collateralized by the balance in the participant's account and bear interest at prevailing rates as determined by the Plan Administrator. Principal and interest are paid by payroll deduction in substantially equal payments over the life of the loan, with payments not less frequently than weekly. Notes receivable from participants are measured at their unpaid principal balances plus any accrued but unpaid interest. The Plan Administrator shall consider a loan in default if any scheduled repayment remains unpaid as of the last business day of the calendar quarter following the calendar quarter in which a loan is initially considered past due. In the event of a default, death, disability, or termination of employment, the entire outstanding principal and accrued interest shall be immediately due and payable. If the entire outstanding loan is not repaid, the vested account balance will be reduced by the remaining outstanding balance of the loan. Distribution of Benefits On termination of service due to death, disability, or retirement, a participant may elect to receive a lump -sum cash payment, installments, or, upon retirement, in installments based upon the participant's life expectancy at the time of retirement. A participant at age 59 ½ may also make withdraw als from the Plan. Hardship withdrawals are permitted under the Plan. Forfeitures Forfeitures occur when corrections are made to participant Employer contributions and related earnings. Forfeited balances are used to reduce future Employer contributions or administrative expenses. During the year ended December 31, 2024 , approximately $1 3,000 of forfeitures were utilized by the Plan . As of December 31, 2024 and 2023 , forfeited non -vested accounts totaled approximately $ 19,000 and $ 8,000, respectively . Plan Termination Although it has not expressed any intent to do so, the Company has the right under the Plan to discontinue its contributions at any time and terminate the Plan subject to the provisions of ERISA. In the event of termination of the Plan, each participant's account will become fully vested and nonforfeitable. All appropriate accounting provisions of the Plan will continue to apply until the accounts of all participants have been distributed. Miromar Development Corporation 401(k) Plan Notes to Financial Statements December 31, 2024 and 2023 P a g e | 8 Note B – Summary of Significant Accounting Policies Basis of Presentation The accompanying financial statements are presented on the modified cash basis of accounting. Certain additions and the related assets are recognized when received rather than when earned and certain deductions are recognized when paid rather than when the obligation is incurred. The modified cash basis of accounting is a comprehensive basis of accounting other than accounting principles generally accepted in the United States of America. Use of Estimates The preparation of financial statements may require management to make estimates and assumptions that affect the reported amounts of net assets available for benefits (modified cash basis) and the changes in net assets available for benefits (modified cash basis) and disclosur e. Valuation of Investments The Plan's investments are stated at fair value. Fair value is the price that would be received to sell an asset or paid to transfer a liability in an orderly transaction between market participants at the measurement date. The Plan's management determines the valuation policies utilizing information provided by the Custodian . Purchases and sales of securities are recorded on a trade date basis. Interest income is recorded on the accrual basis. Dividends are recorded on the ex -dividend date. Payment of Benefits Benefits are recorded when paid. Administrative Expenses Certain expenses of maintaining the Plan are paid by the Plan, unless otherwise paid by the Employer . Expenses that are paid by the Employer are excluded from these financial statements. Fees related to the administration of notes receivable from participants are charged directly to the participant's account and are included in administrative expenses. Investment -related expenses are included in net appreciation of fair value of investments. Fair Value Measurements The Financial Accounting Standards Board has established a framework for measuring fair value in ASC 820, Fair Value Measurements . That framework provides a fair value hierarchy that prioritizes the inputs to valuation techniques used to measure fair value. The hierarchy gives the highest priority to unadjusted quoted prices in active markets for identical assets or liabilities (level 1 measurements) and the lowest priority to unobservable inputs (level 3 measurements). The three levels of the fair value hierarchy are described below:",1,"Under the terms of the Plan, the Company may make discretionary matching contributions to the Plan.",50%,90%,general_match,1,"Contributions Participants may contribute up to 90% of pretax annual compensation, as defined in the Plan, subject to Internal Revenue Code ( ""IRC"") limitations.",0,1,,0,vesting mentioned,high
OLLION 401(K) PLAN,OLLION 401(K) PLAN_2024.pdf,"See Independent Auditors' Report and the Notes to Financial Statements - 5 - 2024 2023 Investments, at fair value 12,451,560 $ 12,407,476 $ Notes receivable from participants 169,194 128,067 Total Assets 12,620,754 12,535,543 Net Assets Available for Benefits 12,620,754 $ 12,535,543 $AssetsStatement of Net Assets Available for BenefitsOllion 401(k) Plan December 31, 2024 and 2023 See Independent Auditors' Report and the Notes to Financial Statements - 6 -2024 Additions Net increase in fair value of investments 1,625,768 $ Dividends and other interest income 214,755 Interest income on notes receivable from participants 13,193 Contributions Employer 564,018 Participant 1,620,026 Rollover 161,886 Total contributions 2,345,930 Total Additions 4,199,646 Deductions Benefits paid to participants 4,065,194 Administrative expenses 49,241 Total Deductions 4,114,435 Net increase in net assets 85,211 $ Net Assets Available for Benefits at Beginning of Year 12,535,543 Net Assets Available for Benefits at End of Year 12,620,754 $ Ollion 401(k) Plan Statement of Changes in Net Assets Available for Benefits Year ended December 31, 2024 Ollion 401(k) Plan Notes to Financial Statements December 31, 2024 and 2023 See Independent Auditors' Report and the Notes to Financial Statements - 7 -NOTE 1 – DESCRIPTION OF THE PLAN The following description of the Plan provides only general information. Participants should refer to the Plan agreement for a more complete description of the Plan's provisions. General – The Ollion 401(k) Plan (the Plan)(formerly known as 2nd Watch 401(k) Plan) is a defined contribution plan covering all full-time employees of Ollion, Inc. (the Company) who are not temporary, seasonal, interns, contractors or leased employees. Employees are eligible for Plan participation on the first day of the month after completing one month of employment. Part-time, temporary, or seasonal employees become eligible to participate in the Plan after completing one year of service with at least 1,000 hours of service during such period. Employees are automatically enrolled to defer 3% of their compensation into a target date mutual fund based upon the employee's age, unless another percentage or investments are designated or an election not to defer is made. The Plan was effective January 1, 2015 and amended September 1, 2023. The Plan is subject to the provisions of the Employee Retirement Income Security Act of 1974 (ERISA). Contributions – Participants are permitted to make salary deferral contributions of up to 100% to the Plan, as defined by the Plan. Participants who have attained the age of 50 before the end of the Plan year are eligible to make catch-up contributions up to the annual limit determined by the Internal Revenue Code (IRC). Participants may also contribute amounts representing distributions from other qualified retirement plans and may direct the investment of their contributions into various options offered by the Plan. Effective September 1, 2023, the Company may make discretionary matching contributions to the Plan. For the period ended December 31, 2024 and 2023, the Company matched 100% of participant deferrals up to 3% of compensation. Participants' Accounts – Each participant's account is credited with the participant's contribution and Plan earnings. The accounts are set up in participant-directed, individual accounts administered by the plan custodian. Contributions and earnings or losses are credited to the accounts as the amounts are received by the custodian. The benefit to which a participant is entitled is the benefit that can be provided from the participant's account. Vesting – Participants are immediately 100% vested in all participant and employer contributions, plus actual earnings thereon. Investment Options – Participants direct the investment of their contributions into selected investment products offered by the Plan custodian. The investment options include fixed income accounts, and various income, growth, value, blend, and international mutual fund accounts. Participants may change their investment options daily. Payment of Benefits – Upon termination of service due to death, disability, retirement or separation, a participant may elect to receive either a lump-sum distribution immediately after termination or may defer distribution to a later date if certain criteria are met. Ollion 401(k) Plan Notes to Financial Statements December 31, 2024 and 2023 See Independent Auditors' Report and the Notes to Financial Statements - 8 -For terminated participants with an accrued benefit between $1,000 and $5,000, the Plan may distribute a lump-sum amount without participant consent to an IRA set up for the participant. Participants with an accrued benefit of $1,000 or less will receive a lump-sum amount equal to the value of his or her vested account on a distribution date following separation from services. The distribution date will be the earliest administratively feasible date determined by the Plan administrator. Withdrawals from the Plan may also be made upon circumstances of financial hardship or upon the attainment of age 59 ½, in accordance with provisions specified in the Plan. Following a hardship withdrawal, participant's elective deferrals are suspended for a period of six months. Participant Loans – Participants may borrow from their accounts a minimum of $1,000 up to a maximum equal to the lesser of $50,000 or 50% of their vested account balance. The notes are secured by the balance in the participant's account and bear interest at a reasonable rate determined by the Plan Sponsor. Current interest rates range from 4.25% to 9.50%. Note repayments are made ratably through payroll deductions over a period not to exceed five years, unless the proceeds were used to purchase a primary residence, in which case the terms may not exceed thirty years. Participants are permitted to have up to two notes outstanding at any time provided they do not exceed the maximum dollar limit. Plan Termination – Although it has not expressed any intent to do so, the Sponsor has the right, under terms of the Plan, to terminate the Plan subject to the provisions of ERISA. NOTE 2 – SUMMARY OF SIGNIFICANT ACCOUNTING POLICIES Basis of Accounting – The financial statements are prepared on the accrual basis of accounting and in accordance with accounting principles generally accepted in the United States of America (U.S. GAAP). The Plan follows accounting principles set forth in FASB Accounting Standards Codification (ASC) 962, Plan Accounting – Defined Contribution Pension Plans. Use of Estimates in the Preparation of Financial Statements – The preparation of financial statements in conformity with U.S. GAAP requires the plan administrator to make estimates and assumptions that affect certain reported amounts and disclosures. Accordingly, actual results may differ from those estimates. Investment Valuation and Income Recognition – In accordance with FASB ASC 962, the Plan's investments are stated at fair value. Mutual funds held by the Plan are valued at fair value based on the daily closing price as reported by the funds. All of the mutual funds are open-ended and are registered with the Securities and Exchange Commission. These mutual funds are required to publish their daily net asset value (NAV) and to transact at that price. The common/collective trusts are valued at the NAV of units held by the Plan. The NAV, as provided by the trustees, is used as a practical expedient to estimate fair value. The NAV is based on the fair value of the underlying investments held by the fund less its liabilities. The practical Ollion 401(k) Plan Notes to Financial Statements December 31, 2024 and 2023 See Independent Auditors' Report and the Notes to Financial Statements - 9 -expedient is not used when it is determined to be probable that the fund will sell the investment for an amount different than the reported NAV. Purchases and sales of securities are recorded on a trade-date basis. Interest income is recorded on an accrual basis. Dividends are recorded on the ex-dividend date. Net appreciation (depreciation) includes the Plan's gains and losses on investments bought and sold as well as held during the year. During the year ended December 31, 2024, the Plan's investments, including net gains and losses on investments sold during the year, increased in fair value by $1,625,768. All investments are participant directed. Plan Administration Costs – The Company pays certain expenses associated with the administration of the Plan. Fees paid by the Plan include loan setup and maintenance fees, distribution fees, overnight check processing fees, and asset-based fees. These fees are paid out of the participant's account balance and are included in administrative expenses in the statement of changes in net assets available for benefits. Investment related expenses paid to investment advisors and others described in each fund prospectus or other published documents are deducted by the investment funds or accounts prior to the allocation of the Plan's investment earnings activity and are therefore included in net appreciation/depreciation of fair value of investments in the Statement of Changes in Net Assets Available for Benefits. Notes Receivable from Participants – Notes receivable from participants are measured at their unpaid principal balance plus any accrued unpaid interest. If a participant ceases to make loan repayments and the plan administrator deems the loan to be in default, the participant loan balance is reduced, and a benefit payment is recorded. No allowance for credit losses has been recorded as of December 31, 2024. Payment of benefits – Benefits are recorded when paid. Subsequent Events – Management has evaluated, for potential recognition or disclosure in the financial statements, subsequent events that have occurred through April 21, 2025, which is the date that the financial statements were available to be issued. NOTE 3 – INFORMATION CERTIFICATION The Plan Administrator has elected the method of compliance permitted by ERISA Section 103(a)(3)(C). As permitted under such election, no independent auditing procedures were performed with respect to the information certified as complete and accurate by the Plan's trustee, Delaware Charter Guarantee & Trust Company d/b/a Principal Trust Company (Principal). Principal has certified its statement of accounts as of December 31, 2024, and for the year ended December 31, 2024. The statement of accounts includes the beginning and ending balances of investments held, notes receivable from participants, and detail of transactions during the period, including investment earnings and interest income on notes receivable from participants. Ollion 401(k) Plan Notes to Financial Statements December 31, 2024 and 2023 See Independent Auditors' Report and the Notes to Financial Statements - 10 -NOTE 4 – INCOME TAX STATUS The Plan has adopted a prototype format and is relying on the prototype sponsor's IRS determination letter for qualification. In the prototype sponsor's tax determination letter dated June 30, 2020, the Internal Revenue Service stated that the Plan, as then designed, was in compliance with the applicable requirements of the IRC. The Plan administrator believes the Plan is currently designed and being operated in compliance with the applicable requirements of the Internal Revenue Code. U.S. GAAP requires plan management to evaluate tax positions taken by the Plan and recognize a tax liability (or asset) if the Plan has taken an uncertain position that more likely than not would not be sustained upon examination. The plan administrator has analyzed the tax positions taken by the Plan, and has concluded that as of December 31, 2024, there are no uncertain positions taken or expected to be taken that would require recognition of a liability (or asset) or disclosure in the financial statements. The Plan is subject to routine audits by taxing jurisdictions; however, there are no audits for any tax periods in progress. NOTE 5 – FAIR VALUE MEASUREMENTS Fair value accounting guidance establishes a framework for measuring fair value, which provides a fair value hierarchy that prioritizes the inputs to valuation techniques used to measure fair value. The hierarchy gives the highest priority to unadjusted quoted prices in active markets for identical assets or liabilities (Level 1 measurements) and the lowest priority to unobservable inputs (Level 3 measurements). The three levels of the fair value hierarchy are described below: Level 1Inputs to the valuation methodology are unadjusted quoted prices for identical assets or liabilities in active markets that the plans have the ability to access. Level 2Inputs to the valuation methodology other than quoted prices included in Level 1 are observable for the asset or liability, each directly or indirectly, and include: -Quoted prices for similar assets or liabilities in active markets; -Quoted prices for identical or similar assets or liabilities in inactive markets; -Inputs other than quoted prices that are observable for the asset or liability; and -Inputs that are derived principally from or corroborated by observable market data by correlation or other means. If the asset or liability has a specified (contractual) term, the Level 2 input must be observable for substantially the full term of the asset or liability. Ollion 401(k) Plan Notes to Financial Statements December 31, 2024 and 2023 See Independent Auditors' Report and the Notes to Financial Statements - 11 -Level 3Inputs to the valuation methodology are unobservable and significant to the fair value measurement. The asset or liability's fair value measurement level within the fair value hierarchy is based on the lowest level of any input that is significant to the fair value measurement. Valuation techniques used need to maximize the use of observable inputs and minimize the use of unobservable inputs. There have been no changes in the methodologies used as of December 31, 2024. The methods described above could produce a fair value calculation that is not indicative of net realizable value or reflective of future fair values. Furthermore, while the Plan administrator believes these valuation methods are appropriate, the use of different methodologies or assumptions could result in different fair value measurements at the reporting date. Common and collective trusts (CCTs) - Investments in CCTs are valued at the net asset value (NAV) of units of a bank collective trust. NAV is a readily determinable fair value and is the basis for current transactions. The unit value of each of these funds is determined on a daily basis. Units are issued and redeemed at their unit value. Net investment income and realized and unrealized gains and losses on investments are not distributed to participants but are reflected in the unit value. There are no advance notice requirements nor unfunded commitments. Registered investment company funds - Valued at the daily closing price as reported by the fund. Registered investment company funds held by the Plan are registered with the Securities and Exchange Commission. These funds are required to publish their daily NAV and to transact at that price. The registered investment company funds held by the Plan are deemed to be actively traded. The fair value measurements for the Plan's investments at December 31, 2024 and 2023 are: December 31, 2024 Fair Value Level 1 Level 2 Level 3 Common collective trusts 829,954 $ - $ 829,954 $ - $ Registered investment company funds 11,621,606 11,621,606 - - Investments at Fair Value 12,451,560 $ 11,621,606 $ 829,954 $ - $ December 31, 2023 Fair Value Level 1 Level 2 Level 3 Common collective trusts 330,877 $ - $ 330,877 $ - $ Registered investment company funds 12,076,599 12,076,599 - - Investments at Fair Value 12,407,476 $ 12,076,599 $ 330,877 $ - $ Type of Fair-Value Measurement Ollion 401(k) Plan Notes to Financial Statements December 31, 2024 and 2023 See Independent Auditors' Report and the Notes to Financial Statements - 12 -NOTE 6 – RISKS AND UNCERTAINTIES The Plan invests in various investment securities. Investment securities are exposed to various risks such as interest rate, market, and credit risks. Due to the level of risk associated with certain investment securities, it is at least reasonably possible that changes in the value of investment securities will occur in the near term and that such changes could materially affect participants' account balances, and the amounts reported in the statement of net assets available for benefits. NOTE 7 – RELATED PARTY AND PARTY-IN-INTEREST TRANSACTIONS Certain Plan investments are shares of mutual funds by the plan custodian or affiliates as defined by the Plan. Also, as described in Note 2, the Plan paid certain expenses related to Plan operations and investment activity to various service providers. These transactions are exempt party-in-interest transactions under ERISA. See Independent Auditors' Report and the Notes to Financial Statements - 13 - (a)(b) Identity of Issue, Borrower, Lessor, or Similar Party(c) Description of Investment Including Maturing Date, Rate of Interest, Collateral, and Par or Maturity Value(d) Cost(e) Current Value The American Funds Registered Investment Company Am Fds Bond Fd of the America Fd $ - 80,477 American Century Investments Registered Investment Company Am Century SmallCap Growth Fd 49,328 Blackrock Registered Investment Company Blackrock Health Sciences Opps Fd 156,048 Blackrock Registered Investment Company Blackrock Technology Opps Fd 559,454 Blackrock Registered Investment Company Blackrock Inflation Prot Bd Fd 3,598 Fidelity Registered Investment Company Fidelity Emerg Mkt Index Fd 24,867 Fidelity Registered Investment Company Fidelity Frdm Income Fd 203,178 Fidelity Registered Investment Company Fidelity Frdm Idx 2010 Fd 11,125 Fidelity Registered Investment Company Fidelity Frdm Idx 2015 Fd 12,974 Fidelity Registered Investment Company Fidelity Frdm Idx 2025 Fd 156,588 Fidelity Registered Investment Company Fidelity Frdm Idx 2030 Fd 541,552 Fidelity Registered Investment Company Fidelity Frdm Idx 2035 Fd 778,582 Fidelity Registered Investment Company Fidelity Frdm Idx 2040 Fd 1,898,200 Fidelity Registered Investment Company Fidelity Frdm Idx 2045 Fd 1,485,094 Fidelity Registered Investment Company Fidelity Frdm Idx 2050 Fd 804,846 Fidelity Registered Investment Company Fidelity Frdm Idx 2055 Fd 978,359 Fidelity Registered Investment Company Fidelity Frdm Idx 2060 Fd 797,881 Fidelity Registered Investment Company Fidelity Frdm Idx 2065 Fd 330,154 Fidelity Registered Investment Company Fidelity International Idx Fd 116,221 Fidelity Registered Investment Company Fidelity Mid Cap Idx Fd 138,917 Fidelity Registered Investment Company Fidelity Real Estate Idx Fd 83,516 Fidelity Registered Investment Company Fidelity Sm Cap Idx Fd 21,945 Fidelity Registered Investment Company Fidelity US Bond Idx Fd 262,499 Fidelity Registered Investment Company Fidelity 500 Idx Fd 1,916,866 JP Morgan Funds Registered Investment Company JP Morgan Govt Bd Fd 17,087 JP Morgan Funds Registered Investment Company JP Morgan Mid Cp Growth Fd 123,972 PGIM Registered Investment Company PGIM High Yield Fd 68,278 Great Gray Trust Common Collective Trust GGT Large Cap Growth Fd 636,115 Great Gray Trust Common Collective Trust GGT Small Cap Value III Fd 40,581 Great Gray Trust Common Collective Trust GGT Large Cap Value Fd 20,295 Great Gray Trust Common Collective Trust GGT Mid Cap Value Fund II 101,512 *Principal Global Trust Common Collective Trust Principal Stable Value 31,451 *Participant Loans Maturities thru 2029, Interest rates from 4.25% - 9.50% 169,194 $ - $ 12,620,754 *Denotes party-in-interestOllion 401(k) Plan EIN #35-2429290 – Plan # 001 SCHEDULE H, LINE 4i–SCHEDULE OF ASSETS (Held at End of Year) December 31, 2024 SCHEDULE H, line 4i - SCHEDULE OF ASSETS (HELD AT END OF YEAR) (E) Current Value(D) Cost(C) rate of interest, collateral, par or maturity value.Description of investment including maturity date,(B) lessor or similar party.Identity of issuer, borrower,SCHEDULE H, line 4i - SCHEDULE OF ASSETS (HELD AT END OF YEAR) (A) F051TF CGS2339 PLAN ID 6-31657 00 03/18/25 OLLION 401(K) PLAN EIN 35 2429290 PLAN NUMBER 001 PLAN YEAR 01/01/2024 TO 12/31/2024 Registered Investment Company The American Funds Am Fds Bd Fd of Am R6 Fd $ 0.00 $ 80,477.20 Registered Investment Company American Century Investments American Century SC Gr R6 Fd $ 0.00 $ 49,327.48 Registered Investment Company BlackRock BlackRock Hlth Sci Ops K Fd $ 0.00 $ 156,048.01 Registered Investment Company BlackRock BlackRock Tech Opport K Fd $ 0.00 $ 559,453.59 Registered Investment Company BlackRock BLACKROCK INFL PRO BD K FD $ 0.00 $ 3,597.69 Registered Investment Company Fidelity Investments Fidelity Emerg Mkt Index Fund $ 0.00 $ 24,867.26 Registered Investment Company Fidelity Investments Fidelity Frdm Idx Inc Ins Prem $ 0.00 $ 203,177.84 Registered Investment Company Fidelity Investments Fidelity Frdm Idx 2010 Ins Pre $ 0.00 $ 11,125.19 Registered Investment Company Fidelity Investments Fidelity Frdm Idx 2015 Ins Pre $ 0.00 $ 12,974.26 Registered Investment Company Fidelity Investments Fidelity Frdm Idx 2025 Ins Pre $ 0.00 $ 156,587.93 Registered Investment Company Fidelity Investments Fidelity Frdm Idx 2030 Ins Pre $ 0.00 $ 541,552.15 Registered Investment Company Fidelity Investments Fidelity Frdm Idx 2035 Ins Pre $ 0.00 $ 778,582.47 Registered Investment Company Fidelity Investments Fidelity Frdm Idx 2040 Ins Pre $ 0.00 $ 1,898,200.14 Registered Investment Company Fidelity Investments Fidelity Frdm Idx 2045 Ins Pre $ 0.00 $ 1,485,094.39 Registered Investment Company Fidelity Investments Fidelity Frdm Idx 2050 Ins Pre $ 0.00 $ 804,846.25 SCHEDULE H, line 4i - SCHEDULE OF ASSETS (HELD AT END OF YEAR) (E) Current Value(D) Cost(C) rate of interest, collateral, par or maturity value.Description of investment including maturity date,(B) lessor or similar party.Identity of issuer, borrower,SCHEDULE H, line 4i - SCHEDULE OF ASSETS (HELD AT END OF YEAR) (A) F051TF OLLION 401(K) PLAN EIN 35 2429290 PLAN NUMBER 001 PLAN YEAR 01/01/2024 TO 12/31/2024 Registered Investment Company Fidelity Investments Fidelity Frdm Idx 2055 Ins Pre $ 0.00 $ 978,359.35 Registered Investment Company Fidelity Investments Fidelity Frdm Idx 2060 Ins Pre $ 0.00 $ 797,880.70 Registered Investment Company Fidelity Investments Fidelity Frdm Idx 2065 Ins Pre $ 0.00 $ 330,154.47 Registered Investment Company Fidelity Investments Fidelity International Idx Fd $ 0.00 $ 116,220.62 Registered Investment Company Fidelity Investments Fidelity Mid Cp Index Fund $ 0.00 $ 138,916.78 Registered Investment Company Fidelity Investments Fidelity Real Est Index Fund $ 0.00 $ 83,515.86 Registered Investment Company Fidelity Investments Fidelity Sm Cap Index Fund $ 0.00 $ 21,944.53 Registered Investment Company Fidelity Investments Fidelity US Bond Index Fund $ 0.00 $ 262,498.89 Registered Investment Company Fidelity Investments Fidelity 500 Index Fund $ 0.00 $ 1,916,865.89 Registered Investment Company JP Morgan Funds JP Morgan Govt Bond R6 Fund $ 0.00 $ 17,087.31 Registered Investment Company JP Morgan Funds JP MORGAN MID CAP GROWTH R6 FD $ 0.00 $ 123,971.90 Common/Collective Trust GREAT GRAY TRUST COMPANY LARGE CAP GROWTH FUND II R1 FD $ 0.00 $ 636,114.71 Common/Collective Trust GREAT GRAY TRUST COMPANY LARGE CAP VALUE R1 FUND $ 0.00 $ 20,295.46 Common/Collective Trust GREAT GRAY TRUST COMPANY MID CAP VALUE FUND II CLASS R1 $ 0.00 $ 101,511.67 Common/Collective Trust * Principal Global Investors Trust Co Principal Stable Value Z Fund $ 0.00 $ 31,451.00 SCHEDULE H, line 4i - SCHEDULE OF ASSETS (HELD AT END OF YEAR) (E) Current Value(D) Cost(C) rate of interest, collateral, par or maturity value.Description of investment including maturity date,(B) lessor or similar party.Identity of issuer, borrower,SCHEDULE H, line 4i - SCHEDULE OF ASSETS (HELD AT END OF YEAR) (A) F051TF CGS2339 PLAN ID 6-31657 00 03/18/25 OLLION 401(K) PLAN EIN 35 2429290 PLAN NUMBER 001 PLAN YEAR 01/01/2024 TO 12/31/2024 Registered Investment Company PGIM Investments PGIM High Yield R6 Fund $ 0.00 $ 68,277.61 Common/Collective Trust GREAT GRAY TRUST COMPANY SMALL CAP VALUE III CL R1 FUND $ 0.00 $ 40,580.91 Range of Interest Rates * Participant Loans Rates Range From 4.25% To 9.50% $ 0.00 $ 169,194.00",1,"Effective September 1, 2023, the Company may make discretionary matching contributions to the Plan.",,3% of compensation,general_match,0,,0,0,Employees are eligible for Plan participation on the first day of the month after completing one month of employment,0,vesting mentioned,high
CWP 401(K) PLAN,CWP 401(K) PLAN_2024.pdf,,0,,,,,0,,0,0,,0,,low
"GROW DESIGN AND DEVELOPMENT, INC. 401(K) PLAN","GROW DESIGN AND DEVELOPMENT, INC. 401(K) PLAN_2024.pdf",,0,,,,,0,,0,0,,0,,low
"COOK COGGIN ENGINEERS, INC. 401(K) RETIREMENT PLAN","COOK COGGIN ENGINEERS, INC. 401(K) RETIREMENT PLAN_2024.pdf",,0,,,,,0,,0,0,,0,,low
"ROARING SCORPION VENDING, INC. 401(K) PROFIT SHARING PLAN","ROARING SCORPION VENDING, INC. 401(K) PROFIT SHARING PLAN_2024.pdf",,0,,,,,0,,0,0,,0,,low
MICHELLE AND ROGER CORPORATION 401(K) PROFIT SHARING PLAN,MICHELLE AND ROGER CORPORATION 401(K) PROFIT SHARING PLAN_2024.pdf,,0,,,,,0,,0,0,,0,,low
TACOMANIA INC 401(K) PROFIT SHARING PLAN & TRUST,TACOMANIA INC 401(K) PROFIT SHARING PLAN & TRUST_2024.pdf,,0,,,,,0,,0,0,,0,,low
ALATUS AEROSYSTEMS 401(K) PLAN,ALATUS AEROSYSTEMS 401(K) PLAN_2024.pdf,"The accompanying notes are an integral part of these financial statements. 4 April 30, December 31, 2024 2023 ASSETS Investments, at fair value - $ 14,280,336$ Receivables: Notes receivable from participants - 73,271 Other employer contributions - 55,198 - 128,469 NET ASSETS AVAILABLE FOR BENEFITS - $ 14,408,805$ | In June 2023, the Plan Administrative Committee approved a resolution to terminat e the Plan effective July 15, 2023. In connection with the Plan termination, the Plan was frozen to new entrants, all contributions and loan repayments ceased, and all employees became 100% vested in their accounts. Plan assets were distributed in full during the final period ended April 30, 2024. | Participant Accounts Each participant's account was credited with the participant's contributions and the Company 's discretionary matching and profit -sharing contributions and qualified nonelective contributions . Participant accounts were charged with an allocation of administrative expenses that were paid by the Plan. Allocations were based on participant earnings, account balances, or specific participant transactions, as defined. The benefit to which a participant was entitled was the benefit that c ould be provided from the participant's vested account. | Vesting Participants were vested immediately in their contributions , plus actual earnings thereon. Vesting in the Company's discretionary matching and profit -sharing contribution portion of their accounts was based on years of continuous service. A participant was 100% vested after three years of credited service. Effective with the plan termination amendment on July 15, 2023, all participants became 100% vested in their accounts. | Participants could borrow from their fund account s a minimum of $ 1,000 up to a maximum equal to the lesser of $ 50,000 or 50% of their vested account balance. The loans were secured by the balance in the participant's account . The loan interest rate was set at 2% above the prime rate, as defined. Principal and interest were paid ratably through payroll deductions. | Payment of Benefits On termination of service due to death, disability, retirement , or other reasons, a participant could elect to receive either a lump -sum amount or a partial payment equal to the value of the vested interest in the participant's account. | In-Service Withdrawals Participants who were at least 59- ½ years of age were entitled to receive a distribution of all or any portion of their vested account balance, excluding earnings. Hardship withdrawals, which met a hardship purpose of immediate and heavy financial need, were permitted as provided in the plan agreement. Such amounts could be drawn from a participant's vested account balance and could be subjected to certain income tax penalties. | Forfeited Accounts At December 31, 2023, forfeited nonvested accounts totaled $ 57,917. Forfeited nonvested accounts could be used to pay administrative expenses or to reduce employer contributions. During the final period ended April 30, 2024, forfeited nonvested accounts of approximately $54,000 were used to pay administrative expenses and approximately $5,000 of forfeited nonvested accounts were used to reduce other employer contributions . There were no forfeited nonvested accounts at April 30, 2024. | Net assets available for benefits per the financial statements 14,408,805$ Less other employer contribution receivable as of December 31, 2023 (55,198) Net assets available for benefits per the Form 5500 14,353,607$ The following is a reconciliation of net decrease per the financial statements for the final period ended April 30, 2024 to the Form 5500: | Net decrease per the financial statements (14,408,805)$ Add other employer contributions as of December 31, 2023 55,198 Net loss per the Form 5500 (14,353,607)$",0,,,,general_match,0,| Participant Accounts Each participant's account was credited with the participant's contributions and the Company 's discretionary matching and profit -sharing contributions and qualified nonelective contributions .,1,0,,0,vesting mentioned,medium
"LIQUID ROBOTICS, INC. 401(K) RETIREMENT SAVINGS PLAN","LIQUID ROBOTICS, INC. 401(K) RETIREMENT SAVINGS PLAN_2024.pdf","Liquid Robotics, Inc. 401(k) Retirement Savings Plan See accompanying notes. 6 Statements of Net Assets Available for Benefits December 31, 2024 and 2023 2024 2023 ASSETS Investments, at fair value Mutual funds 17,288,947 $ 14,854,421 $ Collective investment fund 754,779 661,019 Total investments at fair value 18,043,726 15,515,440 Receivables Participant contributions 26,003 23,212 Employer contributions 44,915 46,854 Notes receivable from participants 128,705 114,298 Total receivable 199,623 184,364 NET ASSETS AVAILABLE FOR BENEFITS 18,243,349 $ 15,699,804 $ | Liquid Robotics, Inc. 401(k) Retirement Savings Plan 8 Notes to Financial Statements Note 1 – Description of the Plan The following description of the Liquid Robotics, Inc. 401(k) Retirement Savings Plan (the Plan) provides only general information. Participants should refer to the Plan document for a more complete description of the Plan's provisions. General – The Plan is a defined contribution 401(k) and Profit Sharing plan covering all eligible employees of Liquid Robotics, Inc. (the Company) . Employees who are not part of an excluded class become eligible to participate on the first day of t he month following their attainment of age 21. The Plan is subject to the provisions of the Employee Retirement Income Security Act of 1974 (ERISA), as amended. Administration – Fidelity Management Trust Company (Fidelit y) is the custodian and trustee of the Plan. Contributions – Contributions to the Plan are in the form of salary reductions which participants have elected to defer in lieu of current compensation. Partic ipants may elect to contribute, subject to statutory limitations, up to 80% of their eligible compensati on. Participants age 50 or older are allowed to make catch-up contributions. Participants may elect to chan ge contribution percentages to be effective the first of the month after the request is received or as so on as administratively possible. The allocation of both their contributions and employer contributions to the funds may be changed at any time and become effective on the day of the change or the next business day based on the day and time the request for a change is made in relation to the stock market clos e of business. The Plan allows active employees to contribute to the Plan from pre-tax compensation, a fter-tax compensation for Roth contributions, or a combination of both. The Plan also a ccepts certain rollover contributions. The Company may make discretionary employer matching contributions to the Plan for those participants who are making deferral contributions. During 2024, the Company made employer matching contributions as follows: a 100% match of the first 3% of eligible compensation deferred by each participant and a 50% match of each participant's deferrals of the next 4% of eligible compensation. Under the terms of the Plan and as determined by the Company's Board of Direct ors, the Company also may make discretionary profit sharing contributions to the Plan for those em ployees who are employed by the Company as of the last day of the plan year and have completed two months of service with the Company. The Company has not made any profit-sharing contri butions to the Plan since inception. Participant accounts – Individual accounts are maintained for each Plan participant. Each participant's account is credited with the participant's contributi ons, the Company's contributions, and allocations of Plan earnings (losses) from the funds in which the ac count is invested, and charged with an allocation of certain administrative and investm ent-related expenses and participant-s pecific charges, if applicable. Allocations are based on participant earnings, account bal ances, or specific participant transactions, as defined by the Plan document. The benefit to which a par ticipant is entitled is the benefit that can be provided from the participant's vested account. | Liquid Robotics, Inc. 401(k) Retirement Savings Plan Notes to Financial Statements 9 Vesting – Participants are fully vested in their rollover and elective contributions and employer matching contributions including accumulated earnings. Any pr ofit-sharing contributions and earnings thereon are vested according to the following schedule: Years of Serv ice Vested % Less than 1 0% 1 25% 2 50% 3 70% 4 100% Forfeitures – Forfeitures are the nonvested portions of a participant's account that are lost upon termination of employment. Forfeitures occur when a par ticipant receives a distribution of his or her entire vested account or, if the participant does not receive a distribution, after five consecutive one-year breaks in service. Forfeitures are retained in the Plan and may be used to reduce future Company contributions or pay administrative expenses. As of December 31, 2024 and 2023, forfeited non-vested accounts totaled $690 and $679, respectively. During the year ended December 31, 2024, no forfeitures were used to reduce Company contributions or pay administrative expenses. Withdrawals – Participants may elect to withdraw all or a por tion of their vested balance at any time on or after the day they attain age 59-1/2. If a participant is under age 59-1/2, withdrawals are subject to certain hardship rules as provided by the Plan. Employer matching and vested profit-sharing contributions may be fully withdrawn upon termination of employment. Wi thdrawals of rollover cont ributions can be made at any time. Notes receivable from participants – Participants are permitted to borrow a minimum of $1,000 up to a maximum of the lesser of $50,000 or 50% of their to tal vested account balance at the time of the loan issuance and may have only one loan outstanding at any time. Loans may be further limited in accordance with Plan provisions. The interest rate on new loans is set every month at prime plus 1% as reported by Thomson Reuters as of the close of busi ness on the last business day of the calendar month immediately preceding the date of the loan. Interest rates on outstanding loans ranged from 4.25% to 9.50% at December 31, 2024, with loans maturing at various dates through December 2029. Benefit payments – Upon termination of service, a participant may elect to receive a distribution of their vested account balance in the form of a lump su m payment, partial payments, installment payments, direct rollover to another qualified plan or individual retirement account. A participant may also defer distribution until a later date, provided th e vested account balance exceeds $7,000. Note 2 – Summary of Significant Accounting Policies Basis of accounting – The accompanying financial statements have been prepared in accordance with accounting principles genera lly accepted in the United States of America (GAAP). Use of estimates – The preparation of financial statem ents in conformity with GAAP requires management to make estimates and assumptions that affect the reported amounts of assets and liabilities and changes therein and the disclosure of contingent assets and liabilities. Actual results could differ from those estimates. | Liquid Robotics, Inc. 401(k) Retirement Savings Plan Notes to Financial Statements 12 Note 4 – Information Certified by the Trustee The Plan administrator has elected the method of compliance permitted by 29 CFR 2520.103-8 of the Department of Labor's (DOL's) Rules and Regulations for Reporting and Disclosure under ERISA. Accordingly, Fidelity has certified the co mpleteness and accuracy of the following: 1. Investments at fair value and notes receivable from participants as reflected in the accompanying statements of net assets available for benefits as of December 31, 2024 and 2023 2. Investment income and interest income on notes receivable from participants as reflected in the accompanying statement of changes in net as sets available for benefits for the year ended December 31, 2024 3. Information contained in the supplemental schedule of assets (held at end of year) Note 5 – Tax Status The Plan is based on a non-standardized pre-appr oved defined contribution plan that received a favorable opinion letter dated June 30, 2020, in which the Internal Revenue Service stated that the pre- approved plan, as then designed, was compliant with the applicable requirements of the Internal Revenue Code (IRC). The Plan has been amended since the date of the opinion letter, however, the Plan administrator believes that the Plan is designed an d currently being operated in compliance with the applicable requirements of the IRC. Therefore, the Plan administrator believes the Plan's tax-exempt status has not been affected, and no provision for inco me taxes has been included in the Plan's financial statements. Note 6 – Plan Termination Although it has not expressed any intent to do so, the Company has the right to terminate the Plan and discontinue its contributions at any time, subject to t he provisions of ERISA. If the Plan is terminated, amounts allocated to a participant's account become fully vested. Note 7 – Party-in-Interest Transactions The Plan invested in shares of mutual and collecti ve trust funds managed by affiliates of Fidelity. Therefore, these transactions qualify as exempt party-in-interest transactions.",1,The Company may make discretionary employer matching contributions to the Plan for those participants who are making deferral contributions.,100%,80%,partial_match,0,"General – The Plan is a defined contribution 401(k) and Profit Sharing plan covering all eligible employees of Liquid Robotics, Inc.",0,1,become eligible to participate on the first day of t he month following their attainment of age 21,0,vesting mentioned,high
"SOS PRESCOTT, INC. 401(K) PLAN","SOS PRESCOTT, INC. 401(K) PLAN_2024.pdf",,0,,,,,0,,0,0,,0,,low
RED CLOVER CANOPIES INC 401(K) PLAN,RED CLOVER CANOPIES INC 401(K) PLAN_2024.pdf,,0,,,,,0,,0,0,,0,,low
"BORINQUEN MEMORIAL PARKS, INC. 401(K) PLAN","BORINQUEN MEMORIAL PARKS, INC. 401(K) PLAN_2024.pdf",,0,,,,,0,,0,0,,0,,low
A&Y HOLDING INC. 401(K) PLAN,A&Y HOLDING INC. 401(K) PLAN_2024.pdf,,0,,,,,0,,0,0,,0,,low
FSP 401(K) PLAN,FSP 401(K) PLAN_2024.pdf,,0,,,,,0,,0,0,,0,,low
BROADMOOR-ALGOMA 401(K) PLAN,BROADMOOR-ALGOMA 401(K) PLAN_2024.pdf,,0,,,,,0,,0,0,,0,,low
HERMAN SMITH & CO LTD 401(K) PROFIT SHARING PLAN & TRUST_,HERMAN SMITH & CO LTD 401(K) PROFIT SHARING PLAN & TRUST__2024.pdf,,0,,,,,0,,0,0,,0,,low
"AMSALE ABERRA, LLC 401(K) PLAN","AMSALE ABERRA, LLC 401(K) PLAN_2024.pdf",,0,,,,,0,,0,0,,0,,low
"KIDNEY & HYPERTENSION CONSULTANTS, INC. 401(K) PROFIT SHARING PLAN","KIDNEY & HYPERTENSION CONSULTANTS, INC. 401(K) PROFIT SHARING PLAN_2024.pdf",,0,,,,,0,,0,0,,0,,low
VENTURE GOODS INC 401(K) PROFIT SHARING PLAN & TRUST,VENTURE GOODS INC 401(K) PROFIT SHARING PLAN & TRUST_2024.pdf,,0,,,,,0,,0,0,,0,,low
"METROPOLITAN DATA SOLUTIONS MANAGEMENT CO., INC. 401(K) PLAN","METROPOLITAN DATA SOLUTIONS MANAGEMENT CO., INC. 401(K) PLAN_2024.pdf",,0,,,,,0,,0,0,,0,,low
"CLANCY GROUP, INC. 401(K) PLAN","CLANCY GROUP, INC. 401(K) PLAN_2024.pdf",,0,,,,,0,,0,0,,0,,low
"APPLIED BUILDING SCIENCES, INC. 401(K) PLAN","APPLIED BUILDING SCIENCES, INC. 401(K) PLAN_2024.pdf",,0,,,,,0,,0,0,,0,,low
JAMES ALEXANDER & ASSOCIATES L 401(K) PROFIT SHARING PLAN & TRUST,JAMES ALEXANDER & ASSOCIATES L 401(K) PROFIT SHARING PLAN & TRUST_2024.pdf,,0,,,,,0,,0,0,,0,,low
"THE VILLAGE SALONS - ARBORETUM, INC. 401(K) PLAN","THE VILLAGE SALONS - ARBORETUM, INC. 401(K) PLAN_2024.pdf",,0,,,,,0,,0,0,,0,,low
OMEGA BOYS CLUB 401(K) PLAN,OMEGA BOYS CLUB 401(K) PLAN_2024.pdf,,0,,,,,0,,0,0,,0,,low
A & W HEALTHCARE MANAGEMENT LL 401(K) PROFIT SHARING PLAN & TRUST,A & W HEALTHCARE MANAGEMENT LL 401(K) PROFIT SHARING PLAN & TRUST_2024.pdf,,0,,,,,0,,0,0,,0,,low
WEBBER DEVELOPMENT COMPANY LLC 401(K) SAVINGS,WEBBER DEVELOPMENT COMPANY LLC 401(K) SAVINGS_2024.pdf,,0,,,,,0,,0,0,,0,,low
"DRIZAKE AUTOMOTIVE GROUP, INC. 401(K) PLAN","DRIZAKE AUTOMOTIVE GROUP, INC. 401(K) PLAN_2024.pdf",,0,,,,,0,,0,0,,0,,low
"BUSH, INC. 401(K) PROFIT SHARING PLAN","BUSH, INC. 401(K) PROFIT SHARING PLAN_2024.pdf","Net assets available for benefits Beginning of year 3,106,186 End of year $3,506,279 Bush Truck Leasing Inc. 401(k) Profit Sharing Plan and Trust Notes to the Financial Statements 71.Description of Plan The following description of the Bush Truck Leasing Inc. 401(k) Profit Sharing Plan and Trust (the Plan) provides only general information. Participants should refer to the plan agreement for a more complete description of the Plan's provisions. General The Plan is a defined contribution plan established effective January 1, 2001, as restated November 1, 2021. The Plan covers substantially all employees of Bush Truck Leasing, Inc., PTG Logistics Acquisition, LLC, and Bush Specialty Vehicles, Inc. (collectively, the Company) who have completed three months of service and attained the age of 21, excluding employees covered by a collective bargaining agreement, nonresident aliens, and residents of Puerto Rico. The Plan is subject to the provisions of the Employee Retirement Income Security Act of 1974, as amended (ERISA). The Plan Trustees is responsible for oversight of the Plan. The Investment Committee determines the appropriateness of the Plan's investment offerings, monitors investment performance and reports to the Plan Trustees. Contributions Each year, participants may contribute up to 100 percent of annual compensation (on a pre-tax or post- tax basis), as defined in the plan document, up to the maximum limits of the Internal Revenue Code (IRC). Participants who have attained age 50 before the end of the plan year are eligible to make catch- up contributions . Participants also may contribute amounts representing distributions from other qualified defined benefit or defined contribution plans (rollovers). Participants direct the investment of their contributions into various investment options offered by the Plan. The Plan allows for the Company to make a discretionary profit sharing contribution. The Company elected not to make a discretionary contribution during 2024. Contributions are subject to certain Internal Revenue Service (IRS) limitations. Participant accounts Each participant's account is credited with the participant's contributions , allocations of the Company's discretionary contributions and an allocation of the Plan's earnings. Participant accounts are charged with an allocation of administrative expenses that are paid by the Plan. Allocations are based on participant earnings, account balances, or specific participant transactions, as defined. The benefit to which a participant is entitled is the benefit that can be provided from the participant's vested account. Bush Truck Leasing Inc. 401(k) Profit Sharing Plan and Trust Notes to the Financial Statements 8Vesting Participants are immediately vested in all contributions plus actual earnings thereon. Notes receivable from participants Participants may borrow from their fund accounts a minimum of $1,000 up to a maximum equal to the lesser of $ 50,000 or 50% percent of their vested account balance. The loans are secured by the balance in the participant's account. The loan interest rate is set at 1 percent above the prime rate, as defined. Principal and interest are paid ratably through payroll deductions. Terms range from 1 month to 5 years for general purpose loans, but up to 10 years for the purchase of a principal residence years or greater for the purchase of a primary residence. Excess contributions refundable Amounts payable to participants for contributions in excess of amounts allowed by the IRS are recorded as a liability with a corresponding reduction to contributions. Payment of benefits On termination of service due to death, disability, or retirement, a participant may elect to receive either a lump sum amount equal to the value of the participant's vested interest in his or her account, or installment payments as provided in the plan document. For termination of service due to other reasons, a participant may receive the value of the vested interest in his or her account as a lump sum distribution. If a terminated participant's vested balance is less than or equal to $5,000, the amount may be automatically distributed in the form of a rollover or lump sum. A participant who incurs severance of employment and who will receive a distribution prior to age 62 or normal retirement age will receive an automatic rollover to an IRA if the distribution is greater than $1,000 and less than or equal to $5,000. If the distribution is less than $1,000, the participant will receive the distribution in the form of a lump sum cash payment. Additionally, prior to termination from employment, a participant may withdraw all or a portion of his or her vested account balance at their election upon reaching age 59½. The Plan allows hardship distributions if certain financial requirements are satisfied. Bush Truck Leasing Inc. 401(k) Profit Sharing Plan and Trust Notes to the Financial Statements 92.Summary of Accounting Policies Basis of Accounting",0,,,,,1,401(k) Profit Sharing Plan and Trust Notes to the Financial Statements 71.Description of Plan The following description of the Bush Truck Leasing Inc.,0,1,,1,vesting mentioned; collective bargaining mentioned,medium
YOUNG AND BORLIK ARCHITECTS IN 401(K) PROFIT SHARING PLAN & TRUST,YOUNG AND BORLIK ARCHITECTS IN 401(K) PROFIT SHARING PLAN & TRUST_2024.pdf,,0,,,,,0,,0,0,,0,,low
"NEAR HORIZON, INC. 401(K) PROFIT SHARING PLAN","NEAR HORIZON, INC. 401(K) PROFIT SHARING PLAN_2024.pdf",,0,,,,,0,,0,0,,0,,low
RAMCO SYSTEMS CORPORATION 401(K) PLAN,RAMCO SYSTEMS CORPORATION 401(K) PLAN_2024.pdf,,0,,,,,0,,0,0,,0,,low
FST TECHNICAL SERVICES 401(K) PLAN,FST TECHNICAL SERVICES 401(K) PLAN_2024.pdf,"FST TECHNICAL SERVICES 401(k) PLAN STATEMENTS OF NET ASSETS AVAILABLE FOR BENEFITS December 31, 2024 and 2023 2024 2023 ASSETS Investments, at fair value: Common/collective trust 272,816 $ 339,243 $ Mutual funds 12,974,880 9,285,167 Total investments 13,247,696 9,624,410 Receivables: Participant contributions - 56,491 Employer contributions - 17,892 Notes receivable from participants 342,494 220,243 Total receivables 342,494 294,626 NET ASSETS AVAILABLE FOR BENEFITS 13,590,190 $ 9,919,036 $ See Notes to Financial Statements -4- ADDITIONS Contributions: Participant 2,040,647 $ Employer 579,669 Rollovers 571,067 Total contributions 3,191,383 Interest income on notes receivable from participants 28,148 Investment income: Interest and dividends on investments 533,719 Net appreciation in fair value of investments 762,805 Total investment income 1,296,524 TOTAL ADDITIONS 4,516,055 DEDUCTIONS Benefits paid to participants 812,976 Administrative expenses 31,925 TOTAL DEDUCTIONS 844,901 NET INCREASE IN NET ASSETS AVAILABLE FOR BENEFITS 3,671,154 NET ASSETS AVAILABLE FOR BENEFITS, BEGINNING OF YEAR 9,919,036 NET ASSETS AVAILABLE FOR BENEFITS, END OF YEAR 13,590,190 $ Year Ended December 31, 2024STATEMENT OF CHANGES IN NET ASSETS AVAILABLE FOR BENEFITSFST TECHNICAL SERVICES 401(k) PLAN See Notes to Financial Statements -5- FST TECHNICAL SERVICES 401(k) PLAN NOTES TO FINANCIAL STATEMENTS | Effective January 1, 2023, the Plan was amended to allow Roth after-tax contributions. In addition, the discretionary employer matching contributions were amended to be made on a per pay period basis and a fixed formula equal to 50% of the first 6% of the participant's compensation deferred. | C. Participant accounts – Each participant's account is credited with the participant's contributions and the Company's discretionary matching contributions, if any. Realized and unrealized gains and losses, interest, and dividend income are adjusted based on participant account balances. Participant accounts are charged with an allocation of administrative expenses that are paid by the Plan. Allocations are based on participant earnings, account balances, or specific participant transactions, as defined. The benefit to which a participant is entitled is the benefit that can be provided from the participant's vested account. | D. Vesting – Participants are immediately vested in their contributions, plus actual earnings thereon. Vesting in Company contributions is based on years of service indicated in the table below. Notwithstanding the table below, a participant is fully vested upon reaching the Plan's normal retirement age of 65, death, or permanent disability. | E. Notes receivable from participants – Participants may borrow from their fund accounts a minimum of $500 up to a maximum equal to the lesser of $50,000 or 50% of their vested account balance. The notes are secured by the balance in the participant's account and bear interest at the prime rate plus 2%. The interest rate is established at the loan origination date and is fixed for the term of the loan. With certain exceptions, notes must be repaid within five years. Principal and interest is paid ratably through payroll deductions. | -7- (1) Plan description (continued) F. Distribution of benefits – Benefits begin at retirement age, termination of employment, total and permanent disability, or death of the participant. Distribution of benefits may be made in one lump sum or equal installment payments over a specified period of time. If a participant terminates employment other than by retirement, disability or death, the vested portion of the participant's account may be distributed upon employment termination and anytime thereafter. The Plan allows for in-service distributions if a participant reaches age 59½, and hardship distributions subject to Plan provisions. If a participant terminates employment and the participant's account balance does not exceed $5,000, the Plan administrator will authorize the benefit payment without the participant's consent. If the balance of the terminated participant's account is between $1,000 and $5,000, the Plan sponsor may authorize that the benefit payment be rolled into an individual retirement account in the participant's name. | G. Plan termination – Although the Company has not expressed an intention to do so, the Company has the right to terminate the Plan at any time, subject to the provisions of ERISA. In the event the Plan is terminated, participants' accounts shall become 100% vested. | H. Forfeitures – Forfeitures of non-vested accounts may be used to reduce employer matching contributions or pay plan expenses. Employer matching contributions were reduced by $47,950 in forfeitures for the year ended December 31, 2024. | 2024 2023 Net assets available for benefits as reported in the financial statements $ 13,590,190 $ 9,919,036 Less: Employer contributions receivable - (17,892) Less: Participant contributions receivable - (56,491) Net assets available for benefits as reported in the Form 5500 $ 13,590,190 $ 9,844,653 | Net increase in net assets available for benefits as reported in the financial statements before plan transfers $ 3,671,154 Employer contributions receivable at December 31, 2023 17,892 Participant contributions receivable at December 31, 2023 56,491 Net income per the Form 5500 $ 3,745,537",1,"In addition, the discretionary employer matching contributions were amended to be made on a per pay period basis and a fixed formula equal to 50% of the first 6% of the participant's compensation deferred.",,6%,general_match,0,,0,0,,0,vesting mentioned,high
"GULF COAST RESTAURANT GROUP, INC. 401(K) PLAN","GULF COAST RESTAURANT GROUP, INC. 401(K) PLAN_2024.pdf",,0,,,,,0,,0,0,,0,,low
EDNA LUMBER COMPANY 401(K) PROFIT SHARING PLAN,EDNA LUMBER COMPANY 401(K) PROFIT SHARING PLAN_2024.pdf,,0,,,,,0,,0,0,,0,,low
"BUCKEYE PACKAGING CO., INC. 401(K) AND PROFIT SHARING PLAN","BUCKEYE PACKAGING CO., INC. 401(K) AND PROFIT SHARING PLAN_2024.pdf",,0,,,,,0,,0,0,,0,,low
"NAPPI DISTRIBUTORS, INC. 401(K) PLAN","NAPPI DISTRIBUTORS, INC. 401(K) PLAN_2024.pdf","Participants may make pre-tax a nd/or post-tax salary reduction contri butions from 1% – 75% of their compensation up to the Internal Revenue Service (IRS) limit. The Company matches 75% of the first 4% of compen sation. The Company may also make discretionary contributions to the Plan; however, no such contri butions were made for the years ended December 31, 2024 and 2023. | Employees are automatically enrolled in the Plan once the Plan's eligibility requirements are met. Participants are initially enrolled at 4% of their elig ible compensation, unless th e participant affirmatively elects not to participate or elects a different deferral rate. Investment Options | Participants may elect to invest their contributions in any of the Plan's investment options. The options consist of various mutual funds as well as a collective trust fund. Employer contributions are invested in the same manner as the corresponding employee contributions. | Participants are permitted to make hardship withdrawals from their accounts provided they meet certain criteria and the withdrawals are approved by the Plan Administrator. Participants whose employment has terminated can take partial withdrawals for any porti on of their distributable vested interest in their account at any time. | Effective November 2024, the Plan adopted SECURE 2.0 Act provisions allowing penalty-free withdrawals of up to $5,000 per child for qualified bi rth or adoption events, up to $1,000 annually for emergency personal or family expe nses, and up to $22,000 for fede rally declared disasters. These distributions may be repaid within specified timef rames. Enhanced loan provisions and repayment flexibility are also available fo r disaster-affected participants. Vesting | Participants are immediately vested in their contri butions. Participants vest in employer contributions over a five-year period beginning in the second year of service at a rate of 20% per year and are 100% vested after the fifth year of service. Forfeitures | Forfeited nonvested accounts may be used to pay ad ministrative expenses under the Plan at any time. Any forfeitures not used to pay administrative e xpenses under the Plan shall be applied to reduce employer contributions for the immediately following Plan Year. Forfeitures used to reduce employer contributions and to pay administrative expenses were not material for the years ending December 31, 2024 and 2023. At December 31, 2024 and 2023, forfeited nonvested accounts included in net assets available for benefits were not material. Participant Accounts | Each participant's account is cr edited with the participant's contri butions, the Company's matching and discretionary contributions, an allocation of Plan ear nings and an allocation of administrative expenses. Plan earnings are allocated based upon participan t account balances. Administrative expenses are allocated to participant accounts based on the participant's relative account balances. Rollover Accounts | Employees may rollover into the Plan assets distribut ed as a vested interest upon their termination from a qualified defined benefit plan or qualified defined contribution plan in which they were formerly participants on or before the 60th day after the day that they received the distribution. Notes Receivable From Participants | Participants may also elect to borrow funds against th eir accounts. In no event shall the total of any such loan or loans to any participant, plus any prio r loans unpaid, exceed the lesser of (a) 50% of the participant's vested account balance or (b) $50,000. A participant may not request a loan of less than $1,000 and may not have more than two outstanding loans at one time. No loan shall be for a term exceeding 5 years unless the loan proceeds are used to acquire a primary residence. The loans are secured by the vested balance in the particip ant's account and bear interest at the Prime rate plus 1% at the time the loan is established. Principal and inter est are paid ratably through payroll deductions. | Although it has not expressed any intent to do so, the Company has the right under the Plan to discontinue its contributions at any time and to terminate the Pl an subject to the provisions of ERISA, as amended. In the event of Plan termination, participan ts will become 100% vested in their accounts. Upon termination of the Plan, the trustee, once no tified by the Company of the termination date, will distribute to each participant their account balance on that date in accordance with the terms of the Plan. | Contributions from participants are recorded in the year in which payroll deductions are made. Employer matching contributions are recorded in the same y ear as the corresponding participant contributions.",1,The Company matches 75% of the first 4% of compen sation.,75%,4%,general_match,1,The Company may also make discretionary contributions to the Plan;,0,0,eligibility requirements are met,0,vesting mentioned,high
"PETREE AND SEIBERT FAMILY DENTISTRY, P.C. 401(K) PLAN","PETREE AND SEIBERT FAMILY DENTISTRY, P.C. 401(K) PLAN_2024.pdf",,0,,,,,0,,0,0,,0,,low
HOME BUYS LLC 401(K) PROFIT SHARING PLAN & TRUST,HOME BUYS LLC 401(K) PROFIT SHARING PLAN & TRUST_2024.pdf,,0,,,,,0,,0,0,,0,,low
MOZAFFARI ENGINEERING 401(K) PROFIT SHARING PLAN AND TRUST,MOZAFFARI ENGINEERING 401(K) PROFIT SHARING PLAN AND TRUST_2024.pdf,,0,,,,,0,,0,0,,0,,low
"GENERAL EARTH, INC. DBA NOTHING BUNDT CAKES 401(K) PLAN","GENERAL EARTH, INC. DBA NOTHING BUNDT CAKES 401(K) PLAN_2024.pdf",,0,,,,,0,,0,0,,0,,low
"FLEUR DE LYS, INC 401(K) PLAN","FLEUR DE LYS, INC 401(K) PLAN_2024.pdf",,0,,,,,0,,0,0,,0,,low
"MONTAUK ENERGY HOLDINGS, LLC 401(K) PROFIT SHARING PLAN TRUST","MONTAUK ENERGY HOLDINGS, LLC 401(K) PROFIT SHARING PLAN TRUST_2024.pdf","Assets Investments Investments at fair value $13,587,034 $11,744,219 Investments at contract value 330,238 354,786 Total investments 13,917,272 12,099,005 Receivables Employer contributions - 7,936 Notes receivable from participants 318,839 252,564 Total receivables 318,839 260,500 Total assets 14,236,111 12,359,505 | Net assets available for benefits $14,236,111 $12,359,505 Montauk Energy Holdings, LLC 401(k) Profit Sharing Plan T rust Statement of Changes in Net Assets Available for Benefits Year Ended December 31, 2024 See notes to financial statements 6 Additions Investment income Interest and dividends $ 523,127 Net appreciation in fair value of investments 1,130,068 Total investment income 1,653,195 Contributions Participant contributions 1,128,843 Employer contributions 796,168 Rollovers 97,767 Total contributions 2,022,778 Other revenue 6,136 Interest income on notes receivable from participants 21,024 Total additions 3,703,133 | The Plan is a defined contribution plan established effective January 2, 2007, as restated January 1, 2022 . The Plan covers all employees, excluding collective bargaining (union) and nonresident alien employees, of Montauk Energy Holdings, LLC (the Company) who have completed one month of service and are age 18 or older . The Plan requires a participant to be employed as of year end to be eligible to receive employer contributions. The Plan is subject to the provisions of the Employee Retirement Income Security Act of 1974, as amended (ERISA). The Board of Directors is responsible for oversight of the Plan. The Plan's determines the appropriateness of the Plan's investment offerings, monitors investment performance and reports to the Plan's Board of Directors.investment committee Contributions | Each year, participants may contribute up to 92% of pretax annual compensation, as defined in the plan document, up to the maximum limits of the Internal Revenue Code (IRC). Participants also may designate all or a portion of their deferral contributions as after-tax contributions into a Roth account. Participants who have attained age 50 before the end of the plan year are eligible to make catch-up contributions . Participants also may contribute amounts representing distributions from other qualified defined benefit or defined contribution plans (rollover). Participants direct the investment of their contributions into various investment options offered by the Plan. The Company contributes 50% up to the first 4% of base compensation that a participant contributes to the Plan. Additional discretionary amounts may be contributed by the Company at the option of the Board of Directors. For the year ended December 31, 2024, there was a 3% nonelective safe-harbor contribution made to all eligible plan participants. Contributions are subject to certain Internal Revenue Service (IRS) limitations. Participant Accounts | Each participant's account is credited with the participant's contributions, Company matching contributions , allocations of the Company's safe harbor discretionary contributions and an allocation of the Plan's earnings. Participant accounts are charged with an allocation of administrative expenses that are paid by the Plan. Allocations are based on participant earnings, account balances, or specific participant transactions, as defined. The benefit to which a participant is entitled is the benefit that can be provided from the participant's vested account. Vesting | Participants are vested immediately in their contributions and the Company's safe harbor non-elective contributions plus actual earnings thereon. Vesting in the Company's matching contribution or elective discretionary contribution portions of their accounts is based on years of continuous service. A participant is 25% vested after one years of credited service and continues to vest in increments of 25% until 100% vested after four years of credited service. Montauk Energy Holdings, LLC 401(k) Profit Sharing Plan T rust Notes to Financial Statements December 31, 2024 and 2023 | Participants may borrow from their fund accounts a minimum of $1,000 up to a maximum equal to the lesser of $50,000 or 47.5% of their vested account balance. The loans are secured by 50% of the balance in the participant's account. The loan interest rate is set at 1% above the prime rate, as defined. Principal and interest are paid ratably through payroll deductions. Terms range from one to five years or greater for the purchase of a primary residence. Payment of Benefits | On termination of service due to death, disability, or retirement, a participant may elect to receive either a lump sum amount equal to the value of the participant's vested interest in his or her account, or installment payments as provided in the plan document. For termination of service due to other reasons, a participant may receive the value of the vested interest in his or her account as a lump sum distribution. Forfeited Accounts | At December 31, 2024 and 2023, forfeited nonvested accounts totaled $16,596 and $0, respectively. These accounts will be used to reduce future employer contributions, allocate to participant accounts, or to pay plan administrative expenses. During 2024, $35,000 was allocated to participant accounts from forfeited nonvested accounts, in accordance with plan provisions. | 8.Plan Termination Although it has not expressed any intent to do so, the Company has the right under the Plan to discontinue its contributions at any time and to terminate the Plan subject to the provisions of ERISA. In the event of plan termination, participants would become 100% vested in their employer contributions. | Net assets available for benefits per the financial statements $14,236,111 $12,359,505 Deemed distributed loans (89,477) (4,856) Employer contribution receivable - (7,936) Net assets available for benefits per Form 5500 $14,146,634 $12,346,713 The following is a reconciliation of the increase in net assets per the financial statements for the year ended December 31, 2024, to Form 5500: Increase in net assets per the financial statements $1,876,606 Deemed distributed loans (82,459) Deemed distributed loan interest (2,162) Prior year employer contribution receivable 7,936 Increase in net assets per Form 5500 $1,799,921 Montauk Energy Holdings, LLC 401(k) Profit Sharing Plan T rust Schedule H, Line 4(i) - Schedule of Assets (Held at End of Year) EIN: 32-0325360 Plan Number: 001 December 31, 2024 14(a) (b) Identity of Issue, Borrower, Lessor or Similar Party(c) Description of Investment Including Maturity Date, Rate of Interest, Collateral, Par or Maturity Value(d) Cost(e) Current Value",1,"Participant Accounts | Each participant's account is credited with the participant's contributions, Company matching contributions , allocations of the Company's safe harbor discretionary contributions and an allocation of the Plan's earnings.",,92%,safe_harbor_match,1,"Assets Investments Investments at fair value $13,587,034 $11,744,219 Investments at contract value 330,238 354,786 Total investments 13,917,272 12,099,005 Receivables Employer contributions - 7,936 Notes receivable from participants 318,839 252,564 Total receivables 318,839 260,500 Total assets 14,236,111 12,359,505 | Net assets available for benefits $14,236,111 $12,359,505 Montauk Energy Holdings, LLC 401(k) Profit Sharing Plan T rust Statement of Changes in Net Assets Available for Benefits Year Ended December 31, 2024 See notes to financial statements 6 Additions Investment income Interest and dividends $ 523,127 Net appreciation in fair value of investments 1,130,068 Total investment income 1,653,195 Contributions Participant contributions 1,128,843 Employer contributions 796,168 Rollovers 97,767 Total contributions 2,022,778 Other revenue 6,136 Interest income on notes receivable from participants 21,024 Total additions 3,703,133 | The Plan is a defined contribution plan established effective January 2, 2007, as restated January 1, 2022 .",0,1,,1,vesting mentioned; collective bargaining mentioned,high
"APOGEE INTEGRATION, LLC 401(K) PLAN","APOGEE INTEGRATION, LLC 401(K) PLAN_2024.pdf",,0,,,,,0,,0,0,,0,,low
"HHS, INC. 401(K) PLAN","HHS, INC. 401(K) PLAN_2024.pdf",,0,,,,,0,,0,0,,0,,low
"ENTHOUGHT, INC. 401(K) RETIREMENT PLAN","ENTHOUGHT, INC. 401(K) RETIREMENT PLAN_2024.pdf",,0,,,,,0,,0,0,,0,,low
"PER MGMT, INC. 401(K) PLAN_","PER MGMT, INC. 401(K) PLAN__2024.pdf",,0,,,,,0,,0,0,,0,,low
EVERCHARGE 401(K) PLAN,EVERCHARGE 401(K) PLAN_2024.pdf,"2024 2023 (Audited) (Unaudited) Assets: Investments, at fair value: Mutual funds $ 6,015,907 $ 3,556,365 Cash, non-interest-bearing 52,197 35,470 Receivables: Participant contributions - 39,700 Company contributions - 20,456 Notes receivable from participants 20,128 27,932 20,128 88,088 Total assets 6,088,232 3,679,923 Liabilities: Due to broker for securities purchased 51,832 1,523 Net assets available for benefits $ 6,036,400 $ 3,678,400 EverCharge 401(k) Plan Statements of Net Assets Available for Benefits As of December 31, 2024 and 2023 See accompanying notes. 5 Additions to net assets attributable to: Contributions: Participant $ 1,235,578 Company 734,659 Rollover 136,570 2,106,807 Interest income on notes receivable from participants 1,320 Investment income: Net realized and unrealized appreciation in fair value of investments 471,713 Interest and dividends 122,804 594,517 Total additions 2,702,644 Deductions from net assets attributable to: Benefits paid to participants 339,192 Plan expenses 5,452 Total deductions 344,644 2,358,000 Net assets available for benefits: Beginning of year 3,678,400 End of year $ 6,036,400 EverCharge 401(k) Plan Statement of Changes in Net Assets Available for Benefits For the Year Ended December 31, 2024 Net increase See accompanying notes. 6 EverCharge 401(k) Plan | Participants may contribute up to 100 percent of annual compensation in pre-tax or Roth deferrals , as defined in the plan document and allowed by law . Participants may also roll over amounts representing distributions from other qualified plans. The Plan permits catch-up contributions for participants who have attained age 50 by the end of the plan year. The Plan also provides for automatic election of participant contributions at a rate of 3 percent of compensation. Participants may affirmatively elect a different contribution percentage or elect not to defer into the Plan. The Company makes a matching contribution equal to 100 percent of participant deferrals up to 5 percent of compensation under a safe harbor provision, as defined in the plan document. During 2024, the Company contributed $ 734,659 to the Plan. | Each participant's account is credited with the participant's contribution, allocations of the Company's contribution, if applicable, and the Plan's earnings and losses . The benefit to which a participant is entitled is the benefit that can be provided from the participant's vested account . Participants direct the investment of their accounts into various investment options offered by the Plan. | d. Vesting Participants are immediately vested in their contributions and the Company's safe harbor contributions plus actual earnings thereon. | Upon termination of employment due to termination of service, death, disability, or retirement, participants may elect to receive the value of their vested account balance in a lump-sum distribution. In-service withdrawal options are available to participants under certain circumstances. | Participants may borrow the lesser of $50,000 (reduced by the participant's highest outstanding loan balance during the 12- month period ending on the date of the loan) or 50 percent of their vested account balance. Loan terms range up to five years but may be extended if the proceeds are to be used for the purchase of a primary residence . The loans are secured by the balance in the participant's account and bear interest at 4.25 to 9.50 percent . Principal and interest are paid ratably through payroll deduct ions. | 2024 (Audited) 2023 (Unaudited) Net assets available for benefits per the financial statements $ 6,036, 400 $ 3,678,400 Participant contributions receivable - (39,700 ) Company contributions receivable - (20,456) Miscellaneous - 3 Net assets available for benefits per the Form 5500 $ 6,036,400 $ 3,618,247 | 2024 2023 (Audited) (Unaudited) Assets: Investments, at fair value: Mutual funds $ 6,015,907 $ 3,556,365 Cash, non-interest-bearing 52,197 35,470 Receivables: Participant contributions - 39,700 Company contributions - 20,456 Notes receivable from participants 20,128 27,932 20,128 88,088 Total assets 6,088,232 3,679,923 Liabilities: Due to broker for securities purchased 51,832 1,523 Net assets available for benefits $ 6,036,400 $ 3,678,400 EverCharge 401(k) Plan Statements of Net Assets Available for Benefits As of December 31, 2024 and 2023 See accompanying notes. 5 Additions to net assets attributable to: Contributions: Participant $ 1,235,578 Company 734,659 Rollover 136,570 2,106,807 Interest income on notes receivable from participants 1,320 Investment income: Net realized and unrealized appreciation in fair value of investments 471,713 Interest and dividends 122,804 594,517 Total additions 2,702,644 Deductions from net assets attributable to: Benefits paid to participants 339,192 Plan expenses 5,452 Total deductions 344,644 2,358,000 Net assets available for benefits: Beginning of year 3,678,400 End of year $ 6,036,400 EverCharge 401(k) Plan Statement of Changes in Net Assets Available for Benefits For the Year Ended December 31, 2024 Net increase See accompanying notes. 6 EverCharge 401(k) Plan | Participants may contribute up to 100 percent of annual compensation in pre-tax or Roth deferrals , as defined in the plan document and allowed by law . Participants may also roll over amounts representing distributions from other qualified plans. The Plan permits catch-up contributions for participants who have attained age 50 by the end of the plan year. The Plan also provides for automatic election of participant contributions at a rate of 3 percent of compensation. Participants may affirmatively elect a different contribution percentage or elect not to defer into the Plan. The Company makes a matching contribution equal to 100 percent of participant deferrals up to 5 percent of compensation under a safe harbor provision, as defined in the plan document. During 2024, the Company contributed $ 734,659 to the Plan. | Each participant's account is credited with the participant's contribution, allocations of the Company's contribution, if applicable, and the Plan's earnings and losses . The benefit to which a participant is entitled is the benefit that can be provided from the participant's vested account . Participants direct the investment of their accounts into various investment options offered by the Plan. | d. Vesting Participants are immediately vested in their contributions and the Company's safe harbor contributions plus actual earnings thereon. | Upon termination of employment due to termination of service, death, disability, or retirement, participants may elect to receive the value of their vested account balance in a lump-sum distribution. In-service withdrawal options are available to participants under certain circumstances. | Participants may borrow the lesser of $50,000 (reduced by the participant's highest outstanding loan balance during the 12- month period ending on the date of the loan) or 50 percent of their vested account balance. Loan terms range up to five years but may be extended if the proceeds are to be used for the purchase of a primary residence . The loans are secured by the balance in the participant's account and bear interest at 4.25 to 9.50 percent . Principal and interest are paid ratably through payroll deduct ions. | 2024 (Audited) 2023 (Unaudited) Net assets available for benefits per the financial statements $ 6,036, 400 $ 3,678,400 Participant contributions receivable - (39,700 ) Company contributions receivable - (20,456) Miscellaneous - 3 Net assets available for benefits per the Form 5500 $ 6,036,400 $ 3,618,247",1,"The Company makes a matching contribution equal to 100 percent of participant deferrals up to 5 percent of compensation under a safe harbor provision, as defined in the plan document.",,,safe_harbor_match,1,"6 EverCharge 401(k) Plan | Participants may contribute up to 100 percent of annual compensation in pre-tax or Roth deferrals , as defined in the plan document and allowed by law .",0,0,,0,vesting mentioned,high
DESTINO KIDS CORP. 401(K) PROFIT SHARING PLAN,DESTINO KIDS CORP. 401(K) PROFIT SHARING PLAN_2024.pdf,,0,,,,,0,,0,0,,0,,low
"CALF LAND, LLC 401(K) PROFIT SHARING PLAN","CALF LAND, LLC 401(K) PROFIT SHARING PLAN_2024.pdf",,0,,,,,0,,0,0,,0,,low
THE KIPPUR CORPORATION 401(K) PROFIT SHARING PLAN,THE KIPPUR CORPORATION 401(K) PROFIT SHARING PLAN_2024.pdf,,0,,,,,0,,0,0,,0,,low
"MG IT SERVICES, CORP. 401(K) PROFIT SHARING PLAN","MG IT SERVICES, CORP. 401(K) PROFIT SHARING PLAN_2024.pdf",,0,,,,,0,,0,0,,0,,low
"METAMORPHOSIS TEXAS, INC. 401(K) PROFIT SHARING PLAN","METAMORPHOSIS TEXAS, INC. 401(K) PROFIT SHARING PLAN_2024.pdf",,0,,,,,0,,0,0,,0,,low
"NICHOLAS E. NAHERNAK DDS, PC 401(K) PROFIT SHARING PL 816828","NICHOLAS E. NAHERNAK DDS, PC 401(K) PROFIT SHARING PL 816828_2024.pdf",,0,,,,,0,,0,0,,0,,low
"DIAMOND VENTURES, INC. 401(K) PLAN","DIAMOND VENTURES, INC. 401(K) PLAN_2024.pdf",,0,,,,,0,,0,0,,0,,low
"RESEARCH INTERNATIONAL, INC. 401(K) PLAN","RESEARCH INTERNATIONAL, INC. 401(K) PLAN_2024.pdf",,0,,,,,0,,0,0,,0,,low
UNIDEN AMERICA CORPORATION 401(K) RETIREMENT AND SAVINGS PLAN,UNIDEN AMERICA CORPORATION 401(K) RETIREMENT AND SAVINGS PLAN_2024.pdf,,0,,,,,0,,0,0,,0,,low
YPI 401(K) PLAN,YPI 401(K) PLAN_2024.pdf,,0,,,,,0,,0,0,,0,,low
PARKCREST DENTAL GROUP PSP_401(K),PARKCREST DENTAL GROUP PSP_401(K)_2024.pdf,,0,,,,,0,,0,0,,0,,low
"BLAIR PROPERTY MANAGEMENT, INC. 401(K) PLAN","BLAIR PROPERTY MANAGEMENT, INC. 401(K) PLAN_2024.pdf",,0,,,,,0,,0,0,,0,,low
DAVEJI LAKES LLC 401(K) PROFIT SHARING PLAN & TRUST,DAVEJI LAKES LLC 401(K) PROFIT SHARING PLAN & TRUST_2024.pdf,,0,,,,,0,,0,0,,0,,low
"BALLAST INVESTMENTS, LLC 401(K) PLAN","BALLAST INVESTMENTS, LLC 401(K) PLAN_2024.pdf",,0,,,,,0,,0,0,,0,,low
"SA CLEAN, INC. 401(K) PROFIT SHARING PLAN","SA CLEAN, INC. 401(K) PROFIT SHARING PLAN_2024.pdf",,0,,,,,0,,0,0,,0,,low
"LIB KOONTZ, INC. 401(K) PLAN","LIB KOONTZ, INC. 401(K) PLAN_2024.pdf",,0,,,,,0,,0,0,,0,,low
MBIA INC. EMPLOYEE 401(K) PLAN,MBIA INC. EMPLOYEE 401(K) PLAN_2024.pdf,"General and Contributions The MBIA In c. Employee 401(k) Plan (the ""Plan"") is a defined contribution plan for eligible employees of MBIA Inc. and Subsidiaries (the ""Company"" or ""Employer"") who are at least 21 years of age . Leased employees, temporary employees and employees classified as interns are not eligib le to participate in the Plan. Eligible participants may contribute up to 25% of their total eligible compensation into the Plan. Effective June 29, 2018, the MBIA Inc. Common Stock Fund was frozen and participants were no longer able to direct any future contributions or move money into this fund. The Plan offers a Roth 401(k) option. The Company matches employee contributions at the rate of 100% of each participant's contribution up to a maximum of 5% . Contributions are subject to certain limitations. E mployer matching contributions are made in the form of cash, where by participants may direct the C ompany match to an investment o f their choice excluding the MBIA Inc. Common Stock Fund as of June 29, 2018. T he Plan permits eligible employees to rollover funds from a pr evious employer's tax-qualified plan or tax -qualified individual retirement account. Effective November 12, 2024, new optional withdrawal and distribution provisions, all of which are exceptions to the additional tax on early distributions, were made available for inclus ion under the Plan. These options allow for emergency expense distributions of up to $1,000, allow domestic abuse victim distributions up to $10,000, allow for qualified birth or adoption distributions in an amount of up to $5,000 per child, allow for part icipants living in the area of a major FEMA declared disaster withdrawals up to $22,000 and allow access to earnings on elective deferral amounts for hardship withdrawals. The Plan is administered by the MBIA Inc. Investment Management Committee and t he Plan's assets are managed by Fidelity Management Trust Company (""Fidelity""), the investment advisor, trustee and custodian. The Plan is subject to the provisions of the Employee Retirement Income Security Act of 1974, as amended (""ERISA""). Participants should refer to the Summary Plan Description and Plan Document for specific information regarding Plan provisions. Vesting and Forfeitures Vesting in employer contributions begins after two years of service and full vesting is achieved after five years of service. The Plan's vesting methodology is based on an ""elapsed time"" methodology, which provides for employees to be credited with a number of years of service equal to the number of whole years (12 consecutive months) based on an employee's period of service starting with hire date with the Employer regardless of whether or not such periods of service were completed consecutively as allowed under the service spanning rule. Participants are fully vested in their salary deferred contributions at all times including Roth 401(k) contributions. Upon reaching the normal retirement date, death or becoming disabled, a participant will be entitled to receive benefit payments. Nonvested benefits remaining after termination of employment are forfeited upon the earlier of a distribution or five -year period break in service and generally may serve to pay the Plan's administrative expenses and to reduce future Company contributions. 7 MBIA INC. EMPLOYEE 401(k) PLAN NOTES TO FINANCIAL STATEMENTS (Continued) DECEMBER 31, 2024 AND 20 23 | Participant Accounts Each participant has an account which is credited with the Company's contribution, participant's contribution, and net results from the investment activities of the participant's account, reduced for any withdrawal activity and fees associated with certain participant initiated transactions and self- directed brokerage accounts. Upon retirement, disability, death or termination, a participant or beneficiary can elect to receive either a lump -sum dis tribution or installment distribution s. The benefit to which a participant is entitled is the benefit that can be provided from the participants' vested account. Notes Receivable from Participants A partici pant may borrow from his or her account a minimu m of $1,000 up to a maximum for all participant loans equal to the lesser of $50,000 reduced by the excess, if any, of the highest outstanding balance of loans from the Plan during the one -year period prior to the date of the loan over the current outstanding balance of loans or 50% of their vested account balance reduced by the then outstanding balance of any other loans that a participant received from the Plan. The Plan includes cross -plan loan service, which allows the Plan to take multiple plans maintained by the Company into consideration in calculating a participant's maximum loan available amount. This calculation combines the participant's vested account balances and outstanding loan balances across related plans. In addition, all loans across all plans will be aggregated in determining the highest loan balance over the past twelve months. Loan terms may range from 1 to 5 years, or longer for the purchase of a principal residen ce but not to exceed 10 years. The loa ns are collateralized by the vested account balance and bear a reasonable rate of interest as managed by Fidelity based on the interest rates charged for similar types of loans by other lenders. P rincipal and interest are paid ratably through semi -monthly payroll deductions or through direct payment from former employees. 2. Summary of Accounting Policies | Contributions Contributions from eligible participants and matching Company contributions are recorded in the month the related payroll deductions are made. | The Company has not expressed any intent to discontinue its contributions or terminate the Plan. However, it reserves the right to temporarily suspend contributions to or amend or terminate the Plan. Upon termination of the Plan, the accounts of all affected participants shall become fully vested, and the net assets of the Plan shall be distributed among the participants and beneficiaries of the Plan in proportion to their respective account balances, sub ject to the provisions of ERISA. 5. Investments The Plan's investment assets recorded at f air value have been categorized based upon a fair value hierarchy , as described in Note 2. The following tables set forth by level, within the fair value hierarchy, information about the Plan's assets measured at fair value as of December 31, 2024 and 2023: Assets at Fair Value as of December 31, 20 24",1,The Company matches employee contributions at the rate of 100% of each participant's contribution up to a maximum of 5% .,,25%,general_match,1,Eligible participants may contribute up to 25% of their total eligible compensation into the Plan.,0,0,,0,vesting mentioned,high
TRIBUTE ENERGY 401(K) PLAN,TRIBUTE ENERGY 401(K) PLAN_2024.pdf,,0,,,,,0,,0,0,,0,,low
JOVEE CORPORATION 401(K) PLAN,JOVEE CORPORATION 401(K) PLAN_2024.pdf,,0,,,,,0,,0,0,,0,,low
ATTENTIVE MOBILE 401(K) PLAN,ATTENTIVE MOBILE 401(K) PLAN_2024.pdf,,0,,,,,0,,0,0,,0,,low
ELDER BRAY & BANKLER 401(K) PLAN,ELDER BRAY & BANKLER 401(K) PLAN_2024.pdf,,0,,,,,0,,0,0,,0,,low
"FORGED TECHNICAL CONSULTING, INC. 401(K) PLAN","FORGED TECHNICAL CONSULTING, INC. 401(K) PLAN_2024.pdf",,0,,,,,0,,0,0,,0,,low
MAX Q CO. 401(K) PLAN,MAX Q CO. 401(K) PLAN_2024.pdf,,0,,,,,0,,0,0,,0,,low
6 WAGS INC. 401(K) PLAN,6 WAGS INC. 401(K) PLAN_2024.pdf,,0,,,,,0,,0,0,,0,,low
"CHARTIERS ENTERPRISES, INC. 401(K) AND EMPLOYEE STOCK OWNERSHIP PLAN","CHARTIERS ENTERPRISES, INC. 401(K) AND EMPLOYEE STOCK OWNERSHIP PLAN_2024.pdf",,0,,,,,0,,0,0,,0,,low
"ABBA TECHNOLOGIES, INC. 401(K) PROFIT SHARING PLAN","ABBA TECHNOLOGIES, INC. 401(K) PROFIT SHARING PLAN_2024.pdf",,0,,,,,0,,0,0,,0,,low
"MAROON HOLDINGS, LTD. 401(K) PLAN","MAROON HOLDINGS, LTD. 401(K) PLAN_2024.pdf",,0,,,,,0,,0,0,,0,,low
PETROTAL USA CORP 401(K) PROFIT SHARING PLAN & TRUST,PETROTAL USA CORP 401(K) PROFIT SHARING PLAN & TRUST_2024.pdf,,0,,,,,0,,0,0,,0,,low
FLERLAGE MARINE COMPANY 401(K) RETIREMENT PLAN,FLERLAGE MARINE COMPANY 401(K) RETIREMENT PLAN_2024.pdf,,0,,,,,0,,0,0,,0,,low
AMFINE CHEMICAL CORPORATION 401(K) PROFIT SHARING PLAN,AMFINE CHEMICAL CORPORATION 401(K) PROFIT SHARING PLAN_2024.pdf,,0,,,,,0,,0,0,,0,,low
"EDWARD L. BAKER ENTERPRISES, INC. 401(K) EMPLOYEE RETIREMENT PLAN","EDWARD L. BAKER ENTERPRISES, INC. 401(K) EMPLOYEE RETIREMENT PLAN_2024.pdf","2024 2023 ASSETS Investments (at fair value) $4,495,771 $3,833,693 E DWARD L. BAKER ENTERPRISES, INC. 401(k) EMPLOYEE RETIREMENT PLAN STATEMENTS OF NET ASSETS AVAILABLE FOR BENEFITS DECEMBER 31, 2024 AND 2023 The Accompanying Notes are an Integral Part of these Financial Statements. 5 2024 ADDITIONS Investment income: Net appreciation in fair value of investments $ 241,230 Interest and dividends 246,225 Total investment income 487,455 Contributions: Employer 169,940 Participant 342,973 Total contributions 512,913 Total additions 1,000,368 DEDUCTIONS Administrative fees 31,654 Benefit payments to participants 306,636 Total deductions 338,290 NET INCREASE 662,078 NET ASSETS AVAILABLE FOR BENEFITS: Beginning of year 3,833,693 End of year $ 4,495,771 EDWARD L. BAKER ENTERPRISES, INC. 401(k) EMPLOYEE RETIREMENT PLAN STATEMENT OF CHANGES IN NET ASSETS AVAILABLE FOR BENEFITS FOR THE YEAR ENDED DECEMBER 31, 2024 The Accompanying Notes are an Integral Part of these Financial Statements. 6 EDWARD L. BAKER ENTERPRISES, INC. 401(k) EMPLOYEE RETIREMENT PLAN NOTES TO FINANCIAL STATEMENTS DECEMBER 31, 2024 AND 2023 7 NOTE 1 - DESCRIPTION OF THE PLAN T he following description of the Edward L. Baker Enterprises, Inc. 401(k) Employee Retirement Plan (the Plan) provides only general information. Participants should refer to the Plan and Trust Agreement (Plan Document) for a more complete description of the Plan's provisions. General The Plan is a 401(k) profit sharing plan established on January 1, 2001. Employees of Edward L. Baker Enterprises, Inc. (Company or Plan Sponsor) are eligible to participate in the Plan once they have completed at least 1,000 hours of service within a 12-month period. Participants may enter the Plan on the first day of the Plan year quarter following their eligibility. The Plan is subject to the provisions of the Employee Retirement Income Security Act of 1974 (ERISA). Contributions Participants may make voluntary salary reductions (participant contributions) up to the maximum amount allowed by the IRS. For 2024 this deferral limit was $23,000. Participants may also rollover amounts from other qualified plans. Participants over the age of 50 are eligible for catch-up contributions and may defer an additional amount up to $7,500. The Company, at their discretion, may make employer matching contributions, an amount determined by resolution of the owner or other governing authority of the Company. During 2024, the Company made discretionary matching contributions of approximately $170,000. The Company, at their discretion, may make employer nonelective contributions, an amount determined by resolution of the owner or other governing authority of the Company. During 2024, the Company did not make discretionary employer nonelective contributions. Participant Accounts Individual accounts are maintained to record participant contributions, rollover contributions, discretionary employer matching contributions, employer nonelective contributions, and earnings thereon for each participant. The benefit to which a participant is entitled is the total benefit, which can be provided from the vested portion of these individual accounts. Vesting Upon entry into the Plan, participants are 100 percent vested in their salary deferral contributions, rollover contributions, and earnings thereon. Vesting for the discretionary matching contributions, employer nonelective contributions, and earnings thereon is based on years of service as follows: Years of Service Vesting Percentage 1 0% 2 0% 3 100% EDWARD L. BAKER ENTERPRISES, INC. 401(k) EMPLOYEE RETIREMENT PLAN NOTES TO FINANCIAL STATEMENTS DECEMBER 31, 2024 AND 2023 8 NOTE 1 - DESCRIPTION OF THE PLAN, CONTINUED Notes Receivable from Participants Loans are not permitted by the Plan. Payment of Benefits On termination of service due to death, disability, or retirement, a participant may request a distribution of their vested account balance from the Plan Administrator. Furthermore, upon approval of the Plan Administrator, participants may be entitled to take hardship distributions. Participants may elect to withdraw all, or a portion of their account while still employed, upon attainment of age 59 ½. Participants who have terminated employment and have a vested balance that is less than $5,000 will receive a lump sum distribution as soon as administratively feasible. Benefits are recorded when paid. Forfeited Accounts Forfeited accounts will be used to either pay Plan expenses or to reduce Company contributions. As of December 31, 2024 and 2023, the Plan had a forfeiture balance of approximately $2,000. During 2024, the Plan used approximately $2,000 in forfeitures to pay Plan expenses. No forfeitures were used to reduce Company contributions. Subsequent Event Management has evaluated subsequent events through April 18, 2025, the date the financial statements were available to be issued. NOTE 2 - SUMMARY OF SIGNIFICANT ACCOUNTING POLICIES B asis of Accounting The financial statements of the plan are prepared on the accrual basis of accounting in accordance with accounting principles generally accepted in the United States of America. Investment Valuation and Income Recognition Investments are reported at fair value. Fair value is the price that would be received to sell an asset or paid to transfer a liability in an orderly transaction between market participants at the measurement date. See Note 4 for discussion of fair value measurements. Purchases and sales of securities are recorded on a trade-date basis. Interest income is recorded on the accrual basis. Dividends are recorded on the ex-dividend date. Net appreciation includes the plan's gains and losses on investments bought and sold as well as held during the year. EDWARD L. BAKER ENTERPRISES, INC. 401(k) EMPLOYEE RETIREMENT PLAN NOTES TO FINANCIAL STATEMENTS DECEMBER 31, 2024 AND 2023 | 12 NOTE 5 – TAX STATUS The Company has adopted a pre-approved plan document that has received an opinion letter from the Internal Revenue Service (IRS) dated June 30, 2020 stating that the form of the preapproved plan document was in compliance with the applicable requirements of the Internal Revenue Code (IRC). The plan administrator believes the Plan is designed, and is currently being operated, in compliance with the applicable requirements of the IRC, and, therefore, believes that the plan is qualified, and the related trust is tax-exempt. Accounting principles generally accepted in the United States of America require plan management to evaluate tax positions taken by the plan and recognize a tax liability if the plan has taken an uncertain position that more likely than not would not be sustained upon examination by the IRS. The Plan administrator has analyzed the tax positions taken by the Plan, and has concluded that as of December 31, 2024 and 2023, there are no uncertain tax positions taken or expected to be taken that would require recognition of a liability (or asset) or disclosure in the financial statements. The Plan is subject to routine audits by taxing jurisdictions; however, there are currently no audits for any tax periods in progress. NOTE 6 – PLAN TERMINATION Although it has not expressed any intent to do so, the Company has the right under the Plan to discontinue their contributions at any time and to terminate the Plan subject to the provisions of ERISA. In the event of Plan termination, participants will become 100% vested in their accounts. NOTE 7 – PARTY-IN-INTEREST TRANSACTIONS Alerus Financial, N.A. held the assets, performed the recordkeeping, and Plan administration. Investment advising was provided by Renaissance Financial. Therefore, any investment or administrative fees paid during the year to them qualify as party-in-interest transactions.",1,"The Company, at their discretion, may make employer matching contributions, an amount determined by resolution of the owner or other governing authority of the Company.",,,general_match,0,"General The Plan is a 401(k) profit sharing plan established on January 1, 2001.",1,1,,0,vesting mentioned,high
MOST AMAZING! INC. 401(K) PLAN,MOST AMAZING! INC. 401(K) PLAN_2024.pdf,,0,,,,,0,,0,0,,0,,low
"TUTTLE MASONRY, INC. 401(K) PLAN","TUTTLE MASONRY, INC. 401(K) PLAN_2024.pdf",,0,,,,,0,,0,0,,0,,low
BERBERIAN ENTITIES 401(K) RETIREMENT PLAN,BERBERIAN ENTITIES 401(K) RETIREMENT PLAN_2024.pdf,,0,,,,,0,,0,0,,0,,low
"FIJI FITNESS, INC. 401(K) PLAN","FIJI FITNESS, INC. 401(K) PLAN_2024.pdf",,0,,,,,0,,0,0,,0,,low
BUCKEYES EXPRESS LUBE AND AUTOMOTIVE CORPORATION 401(K) PLAN,BUCKEYES EXPRESS LUBE AND AUTOMOTIVE CORPORATION 401(K) PLAN_2024.pdf,,0,,,,,0,,0,0,,0,,low
AETHER INVESTMENT PARTNERS LLC 401(K) PROFIT SHARING PLAN & TRUST,AETHER INVESTMENT PARTNERS LLC 401(K) PROFIT SHARING PLAN & TRUST_2024.pdf,,0,,,,,0,,0,0,,0,,low
WADDELL FAMILY CHIROPRACTIC 401(K),WADDELL FAMILY CHIROPRACTIC 401(K)_2024.pdf,,0,,,,,0,,0,0,,0,,low
PRIMAL SCREEN 401(K) PLAN,PRIMAL SCREEN 401(K) PLAN_2024.pdf,,0,,,,,0,,0,0,,0,,low
"WILLIAMS, INC. 401(K) PROFIT SHARING PLAN AND TRUST","WILLIAMS, INC. 401(K) PROFIT SHARING PLAN AND TRUST_2024.pdf",,0,,,,,0,,0,0,,0,,low
"THE PERINATAL CENTER, PLLC 401(K) PLAN","THE PERINATAL CENTER, PLLC 401(K) PLAN_2024.pdf",,0,,,,,0,,0,0,,0,,low
"DEPCO ENTERPRISES, LLC 401(K) PLAN","DEPCO ENTERPRISES, LLC 401(K) PLAN_2024.pdf",,0,,,,,0,,0,0,,0,,low
REPRODUCTIVE GYNECOLOGY LLC 401(K) PROFIT SHARING PLAN & TRUST_,REPRODUCTIVE GYNECOLOGY LLC 401(K) PROFIT SHARING PLAN & TRUST__2024.pdf,,0,,,,,0,,0,0,,0,,low
"MADISON LUMBER & HARDWARE, INC. 401(K) SAVINGS PLAN","MADISON LUMBER & HARDWARE, INC. 401(K) SAVINGS PLAN_2024.pdf",,0,,,,,0,,0,0,,0,,low
VISITPITTSBURGH 401(K) PLAN,VISITPITTSBURGH 401(K) PLAN_2024.pdf,,0,,,,,0,,0,0,,0,,low
FAMS CORPORATION 401(K) PLAN,FAMS CORPORATION 401(K) PLAN_2024.pdf,,0,,,,,0,,0,0,,0,,low
"CALAHAN PERIODONTICS, LLC 401(K) _ PROFIT SHARING PLAN","CALAHAN PERIODONTICS, LLC 401(K) _ PROFIT SHARING PLAN_2024.pdf",,0,,,,,0,,0,0,,0,,low
"BARRIER FREE LIVING, INC. 401(K) PLAN","BARRIER FREE LIVING, INC. 401(K) PLAN_2024.pdf","-4- 2024 2023 ASSETS: Cash - $ 13,597 $ Investments, at fair value: Mutual funds - 1,942,628 Collective trust - 245,178 Total investments - 2,187,806 Receivables: Employee contributions receivable - 8,468 Employer contributions receivable - 5,969 Notes receivable from participants - 18,303 Total receivables - 32,740 Total assets - 2,234,143 LIABILITIES - - NET ASSETS AVAILABLE FOR BENEFITS - $ 2,234,143 $ are an integral part of these statements. -5-BARRIER FREE LIVING, INC. 401(K) PLA N STATEMENTS OF NET ASSETS AVAILABLE FOR BENEFITS AS OF MAY 13, 2024 AND DECEMBER 31, 2023 The accompanying notes to financial statements ADDITIONS TO NET ASSETS ATTRIBUTED TO: Investment income - Net appreciation in fair value of investments 116,607 $ Dividends 1,086 Total investment income 117,693 Interest on participant loans 310 Total additions 118,003 DEDUCTIONS FROM NET ASSETS ATTRIBUTED TO: Transfer of assets to another plan 2,103,498 Benefit payments 234,377Plan expenses 14,271 Total deductions 2,352,146 Net decrease (2,234,143)NET ASSETS AVAILABLE FOR BENEFITS, AT DECEMBER 31, 2023 2,234,143 NET ASSETS AVAILABLE FOR BENEFITS, AT MAY 13, 2024 - $ The accompanying notes to financial statements are an integral part of this statement. -6-BARRIER FREE LIVING, INC. 401(K) PLAN STATEMENT OF CHANGES IN NET ASSETS AVAILABLE FOR BENEFITS FOR THE FIVE MONTH PERIOD ENDED MAY 13, 2024 BARRIER FREE LIVING, INC. 401(K) PLAN NOTES TO FINANCIAL STATEMENTS | The following description of the Barrier Free Living, Inc. 401(k) Plan (the ""Plan"") provides only general informati on. Participants should refer to the Plan document for a more complete descr iption of the Plan's provisions. Background - Barrier Free Living, Inc. (the ""Organization"") established the Plan on February 15, 2017. The Plan is a def ined contribution plan established to provide retirement benefits to employees meeting certain eligibility criteria. All employees were eligible to participate in the Plan upon employment. The Plan is subject to the provisions of the Employee Retirement Income Security Act of 1974 (""ERISA""). Trustee Transfer and Plan Termination - On October 25, 2023, the Board of Directors passed a resolution to authorize the replacement of Ascens us Trust Company. On January 2, 2024, the Organization entered into an agreement with Insper ity Retirement Services whereby the Organization wo uld become a covered entity under the Insperity 401(k) Plan. As of January 2024, participant and employer contributions were remitt ed to the Insperity 401(k) Plan. On May 13, 2024, all assets held in the Barrier Free Li ving, Inc. 401(k) Plan, including outstanding participant loans, were tr ansferred into the Insperity 401(k) Plan. The Barrier Free Living, In c. 401(k) Plan was then terminated. Plan Contributions - Participants could contribute pre-tax co mpensation, as defined in the Plan, and Roth elective deferrals subject to Internal Revenue Service (""IRS"") statutory limitations by means of payroll deductions. Participants who attained the age of fifty before the end of the Plan year were eligible to make catch-up contributions. Participants could also contribute amounts representing distributions from other qualified defined benefit or contribution plans. Participants directed the investm ent of the contributions into various investment options offered by the Plan. The Plan included an auto- enrollment provision wher eby all newly eligible employees are automatically enrolled in the Plan, unless they affirmatively elected not to participate, with a default deferral rate set at 5% of eligible compensation. Contributi ons were automatically invested in a designated target date fund if the participant does not make an election designation. The Organization could contribute a discr etionary matching contribution or profit sharing contribution for partici pants who have completed one year of service. | Vesting - | Participants were immediately vested in their contributions plus actual earnings, thereon. Rollover contri butions were always 100% vested. Vesting in the Organization's matching and profit sharing contributions, and related earnings, was based on vested levels over four years of continuous service. Participant Accounts - Each participant's account was credited with the participant's contributions, the Organization's matching and profit s haring contributions, Plan gains or losses and charged with an allocation of administrative expenses. Allocations were based on participant earnings or account balances, as defined. The benefit to which a partici pant was entitled was the benefit that could be provided from the participant's vested account. | Each participant could borrow up to 50% of their vested account balance, subject to a maximum of $50,000 and a minimum of $1,000. The CARES Act increased this amount to $100,000 or 100% of the vested balance for loans granted through Septem ber 23, 2020. Each loan was for a five-year period, unless it was for the purchase of a principal residence, in which case the loan could be for a reasonable period in excess of five years. The effective interest rate assumed was t he prime rate plus 1% (9.50% for the five month period ended May 13, 2024) . Loan repayments were deposited back into the participant's account through payroll deductions. The loans were secured by the participant's account. Payment of Benefits - | If a participant terminated employment with the Organization for any reason other than death, the parti cipant could elect to leave the vested account balance in the Plan until the normal retire ment date, if the account balance is greater than $1,000. If the account balance was less than $1,000, the participant would receive an involuntary cash-out payment in the form of a lump sum distribution. Upon retirement, the total value of a participant's account could be distributed in the form of a lump-sum or partial paym ent. Participants were required to begin distributions when the age of 72 was attained. Participants who were active employees could defer the distribution until April 1 of the year subsequent to termination of employment with the Organization. | In the case of death of a participant, the beneficiary designated by the participant was paid the deceased employee's vested account balance immediately, or in payments for up to five years from th e anniversary of the date of death. If the b eneficiary was the participa nt's spouse, payment of benefits could be deferred until they reac h the age of 72. Participants who reached the age of 73 during the y ear ended December 31, 2023 were required to begin distributions in 2024 in accordance with the SECURE 2.0 Act. Forfeitures - Participants who separate or withdraw from the Plan forfeited any amounts not vested with respect to the Organization's matc hing and profit sharing contributions. Forfeitures were transferred to a separate account and could be used to pay Plan expenses or reduce future matching or profit sharing contributions. | At May 13, 2024, there was no balance in the forfeiture account as these funds were included in the asset transfer. At December 31, 2023, forfeited non-vested accounts totaled $5,398. Forfeitures of $4,087 were used to pay plan expenses during the five month period ended May 13, 2024. | -4- 2024 2023 ASSETS: Cash - $ 13,597 $ Investments, at fair value: Mutual funds - 1,942,628 Collective trust - 245,178 Total investments - 2,187,806 Receivables: Employee contributions receivable - 8,468 Employer contributions receivable - 5,969 Notes receivable from participants - 18,303 Total receivables - 32,740 Total assets - 2,234,143 LIABILITIES - - NET ASSETS AVAILABLE FOR BENEFITS - $ 2,234,143 $ are an integral part of these statements. -5-BARRIER FREE LIVING, INC. 401(K) PLA N STATEMENTS OF NET ASSETS AVAILABLE FOR BENEFITS AS OF MAY 13, 2024 AND DECEMBER 31, 2023 The accompanying notes to financial statements ADDITIONS TO NET ASSETS ATTRIBUTED TO: Investment income - Net appreciation in fair value of investments 116,607 $ Dividends 1,086 Total investment income 117,693 Interest on participant loans 310 Total additions 118,003 DEDUCTIONS FROM NET ASSETS ATTRIBUTED TO: Transfer of assets to another plan 2,103,498 Benefit payments 234,377Plan expenses 14,271 Total deductions 2,352,146 Net decrease (2,234,143)NET ASSETS AVAILABLE FOR BENEFITS, AT DECEMBER 31, 2023 2,234,143 NET ASSETS AVAILABLE FOR BENEFITS, AT MAY 13, 2024 - $ The accompanying notes to financial statements are an integral part of this statement. -6-BARRIER FREE LIVING, INC. 401(K) PLAN STATEMENT OF CHANGES IN NET ASSETS AVAILABLE FOR BENEFITS FOR THE FIVE MONTH PERIOD ENDED MAY 13, 2024 BARRIER FREE LIVING, INC. 401(K) PLAN NOTES TO FINANCIAL STATEMENTS | The following description of the Barrier Free Living, Inc. 401(k) Plan (the ""Plan"") provides only general informati on. Participants should refer to the Plan document for a more complete descr iption of the Plan's provisions. Background - Barrier Free Living, Inc. (the ""Organization"") established the Plan on February 15, 2017. The Plan is a def ined contribution plan established to provide retirement benefits to employees meeting certain eligibility criteria. All employees were eligible to participate in the Plan upon employment. The Plan is subject to the provisions of the Employee Retirement Income Security Act of 1974 (""ERISA""). Trustee Transfer and Plan Termination - On October 25, 2023, the Board of Directors passed a resolution to authorize the replacement of Ascens us Trust Company. On January 2, 2024, the Organization entered into an agreement with Insper ity Retirement Services whereby the Organization wo uld become a covered entity under the Insperity 401(k) Plan. As of January 2024, participant and employer contributions were remitt ed to the Insperity 401(k) Plan. On May 13, 2024, all assets held in the Barrier Free Li ving, Inc. 401(k) Plan, including outstanding participant loans, were tr ansferred into the Insperity 401(k) Plan. The Barrier Free Living, In c. 401(k) Plan was then terminated. Plan Contributions - Participants could contribute pre-tax co mpensation, as defined in the Plan, and Roth elective deferrals subject to Internal Revenue Service (""IRS"") statutory limitations by means of payroll deductions. Participants who attained the age of fifty before the end of the Plan year were eligible to make catch-up contributions. Participants could also contribute amounts representing distributions from other qualified defined benefit or contribution plans. Participants directed the investm ent of the contributions into various investment options offered by the Plan. The Plan included an auto- enrollment provision wher eby all newly eligible employees are automatically enrolled in the Plan, unless they affirmatively elected not to participate, with a default deferral rate set at 5% of eligible compensation. Contributi ons were automatically invested in a designated target date fund if the participant does not make an election designation. The Organization could contribute a discr etionary matching contribution or profit sharing contribution for partici pants who have completed one year of service. | Vesting - | Participants were immediately vested in their contributions plus actual earnings, thereon. Rollover contri butions were always 100% vested. Vesting in the Organization's matching and profit sharing contributions, and related earnings, was based on vested levels over four years of continuous service. Participant Accounts - Each participant's account was credited with the participant's contributions, the Organization's matching and profit s haring contributions, Plan gains or losses and charged with an allocation of administrative expenses. Allocations were based on participant earnings or account balances, as defined. The benefit to which a partici pant was entitled was the benefit that could be provided from the participant's vested account. | Each participant could borrow up to 50% of their vested account balance, subject to a maximum of $50,000 and a minimum of $1,000. The CARES Act increased this amount to $100,000 or 100% of the vested balance for loans granted through Septem ber 23, 2020. Each loan was for a five-year period, unless it was for the purchase of a principal residence, in which case the loan could be for a reasonable period in excess of five years. The effective interest rate assumed was t he prime rate plus 1% (9.50% for the five month period ended May 13, 2024) . Loan repayments were deposited back into the participant's account through payroll deductions. The loans were secured by the participant's account. Payment of Benefits - | If a participant terminated employment with the Organization for any reason other than death, the parti cipant could elect to leave the vested account balance in the Plan until the normal retire ment date, if the account balance is greater than $1,000. If the account balance was less than $1,000, the participant would receive an involuntary cash-out payment in the form of a lump sum distribution. Upon retirement, the total value of a participant's account could be distributed in the form of a lump-sum or partial paym ent. Participants were required to begin distributions when the age of 72 was attained. Participants who were active employees could defer the distribution until April 1 of the year subsequent to termination of employment with the Organization. | In the case of death of a participant, the beneficiary designated by the participant was paid the deceased employee's vested account balance immediately, or in payments for up to five years from th e anniversary of the date of death. If the b eneficiary was the participa nt's spouse, payment of benefits could be deferred until they reac h the age of 72. Participants who reached the age of 73 during the y ear ended December 31, 2023 were required to begin distributions in 2024 in accordance with the SECURE 2.0 Act. Forfeitures - Participants who separate or withdraw from the Plan forfeited any amounts not vested with respect to the Organization's matc hing and profit sharing contributions. Forfeitures were transferred to a separate account and could be used to pay Plan expenses or reduce future matching or profit sharing contributions. | At May 13, 2024, there was no balance in the forfeiture account as these funds were included in the asset transfer. At December 31, 2023, forfeited non-vested accounts totaled $5,398. Forfeitures of $4,087 were used to pay plan expenses during the five month period ended May 13, 2024. | -4- 2024 2023 ASSETS: Cash - $ 13,597 $ Investments, at fair value: Mutual funds - 1,942,628 Collective trust - 245,178 Total investments - 2,187,806 Receivables: Employee contributions receivable - 8,468 Employer contributions receivable - 5,969 Notes receivable from participants - 18,303 Total receivables - 32,740 Total assets - 2,234,143 LIABILITIES - - NET ASSETS AVAILABLE FOR BENEFITS - $ 2,234,143 $ are an integral part of these statements. -5-BARRIER FREE LIVING, INC. 401(K) PLA N STATEMENTS OF NET ASSETS AVAILABLE FOR BENEFITS AS OF MAY 13, 2024 AND DECEMBER 31, 2023 The accompanying notes to financial statements ADDITIONS TO NET ASSETS ATTRIBUTED TO: Investment income - Net appreciation in fair value of investments 116,607 $ Dividends 1,086 Total investment income 117,693 Interest on participant loans 310 Total additions 118,003 DEDUCTIONS FROM NET ASSETS ATTRIBUTED TO: Transfer of assets to another plan 2,103,498 Benefit payments 234,377Plan expenses 14,271 Total deductions 2,352,146 Net decrease (2,234,143)NET ASSETS AVAILABLE FOR BENEFITS, AT DECEMBER 31, 2023 2,234,143 NET ASSETS AVAILABLE FOR BENEFITS, AT MAY 13, 2024 - $ The accompanying notes to financial statements are an integral part of this statement. -6-BARRIER FREE LIVING, INC. 401(K) PLAN STATEMENT OF CHANGES IN NET ASSETS AVAILABLE FOR BENEFITS FOR THE FIVE MONTH PERIOD ENDED MAY 13, 2024 BARRIER FREE LIVING, INC. 401(K) PLAN NOTES TO FINANCIAL STATEMENTS | The following description of the Barrier Free Living, Inc. 401(k) Plan (the ""Plan"") provides only general informati on. Participants should refer to the Plan document for a more complete descr iption of the Plan's provisions. Background - Barrier Free Living, Inc. (the ""Organization"") established the Plan on February 15, 2017. The Plan is a def ined contribution plan established to provide retirement benefits to employees meeting certain eligibility criteria. All employees were eligible to participate in the Plan upon employment. The Plan is subject to the provisions of the Employee Retirement Income Security Act of 1974 (""ERISA""). Trustee Transfer and Plan Termination - On October 25, 2023, the Board of Directors passed a resolution to authorize the replacement of Ascens us Trust Company. On January 2, 2024, the Organization entered into an agreement with Insper ity Retirement Services whereby the Organization wo uld become a covered entity under the Insperity 401(k) Plan. As of January 2024, participant and employer contributions were remitt ed to the Insperity 401(k) Plan. On May 13, 2024, all assets held in the Barrier Free Li ving, Inc. 401(k) Plan, including outstanding participant loans, were tr ansferred into the Insperity 401(k) Plan. The Barrier Free Living, In c. 401(k) Plan was then terminated. Plan Contributions - Participants could contribute pre-tax co mpensation, as defined in the Plan, and Roth elective deferrals subject to Internal Revenue Service (""IRS"") statutory limitations by means of payroll deductions. Participants who attained the age of fifty before the end of the Plan year were eligible to make catch-up contributions. Participants could also contribute amounts representing distributions from other qualified defined benefit or contribution plans. Participants directed the investm ent of the contributions into various investment options offered by the Plan. The Plan included an auto- enrollment provision wher eby all newly eligible employees are automatically enrolled in the Plan, unless they affirmatively elected not to participate, with a default deferral rate set at 5% of eligible compensation. Contributi ons were automatically invested in a designated target date fund if the participant does not make an election designation. The Organization could contribute a discr etionary matching contribution or profit sharing contribution for partici pants who have completed one year of service. | Vesting - | Participants were immediately vested in their contributions plus actual earnings, thereon. Rollover contri butions were always 100% vested. Vesting in the Organization's matching and profit sharing contributions, and related earnings, was based on vested levels over four years of continuous service. Participant Accounts - Each participant's account was credited with the participant's contributions, the Organization's matching and profit s haring contributions, Plan gains or losses and charged with an allocation of administrative expenses. Allocations were based on participant earnings or account balances, as defined. The benefit to which a partici pant was entitled was the benefit that could be provided from the participant's vested account. | Each participant could borrow up to 50% of their vested account balance, subject to a maximum of $50,000 and a minimum of $1,000. The CARES Act increased this amount to $100,000 or 100% of the vested balance for loans granted through Septem ber 23, 2020. Each loan was for a five-year period, unless it was for the purchase of a principal residence, in which case the loan could be for a reasonable period in excess of five years. The effective interest rate assumed was t he prime rate plus 1% (9.50% for the five month period ended May 13, 2024) . Loan repayments were deposited back into the participant's account through payroll deductions. The loans were secured by the participant's account. Payment of Benefits - | If a participant terminated employment with the Organization for any reason other than death, the parti cipant could elect to leave the vested account balance in the Plan until the normal retire ment date, if the account balance is greater than $1,000. If the account balance was less than $1,000, the participant would receive an involuntary cash-out payment in the form of a lump sum distribution. Upon retirement, the total value of a participant's account could be distributed in the form of a lump-sum or partial paym ent. Participants were required to begin distributions when the age of 72 was attained. Participants who were active employees could defer the distribution until April 1 of the year subsequent to termination of employment with the Organization. | In the case of death of a participant, the beneficiary designated by the participant was paid the deceased employee's vested account balance immediately, or in payments for up to five years from th e anniversary of the date of death. If the b eneficiary was the participa nt's spouse, payment of benefits could be deferred until they reac h the age of 72. Participants who reached the age of 73 during the y ear ended December 31, 2023 were required to begin distributions in 2024 in accordance with the SECURE 2.0 Act. Forfeitures - Participants who separate or withdraw from the Plan forfeited any amounts not vested with respect to the Organization's matc hing and profit sharing contributions. Forfeitures were transferred to a separate account and could be used to pay Plan expenses or reduce future matching or profit sharing contributions. | At May 13, 2024, there was no balance in the forfeiture account as these funds were included in the asset transfer. At December 31, 2023, forfeited non-vested accounts totaled $5,398. Forfeitures of $4,087 were used to pay plan expenses during the five month period ended May 13, 2024.",1,The Organization could contribute a discr etionary matching contribution or profit sharing contribution for partici pants who have completed one year of service.,,50%,general_match,0,The Organization could contribute a discr etionary matching contribution or profit sharing contribution for partici pants who have completed one year of service.,0,1,eligibility criteria,0,vesting mentioned,high
"REVSPRING, INC. 401(K) PLAN","REVSPRING, INC. 401(K) PLAN_2024.pdf","REVSPRING, INC. 401(K) PLAN Table of Contents Page Independent Auditors' Report 1 - 4 Financial Statements: Statements of Net Assets Available for Benefits 5 Statements of Changes in Net Assets Available for Benefits 6 Notes to the Financial Statements 7 - 14 Supplemental Schedule : Schedule H, line 4i - Schedule of Assets (Held at End of Year) 15 Independent Auditors' Report The Plan Investment Committee and Participants RevSpring, Inc. 401(k) Plan Scope and Nature of the ERISA Section 103(a)(3)(C) Audit We have performed audits of the financial statements of the RevSpring, Inc. 401(k) Plan (the ""Plan""), an employee benefit plan subject to the Employee Retirement Income Security Act of 1974 (""ERISA""), as permitted by ERISA Section 103(a)(3)(C) (""ERISA Section 103(a)(3)(C) audit""). The financial statements comprise the statements of net assets available for benefits as of December 31, 2024 and 2023 , and the related statements of changes in net assets available for benefits for the years then ended and the related notes to the financial statements. Management, having determined it is permissible in the circumstances, has elected to have the audits of the Plan's financial statements performed in accordance with ERISA Section 103(a)(3)(C) pursuant to 29 CFR 2520.103-8 of the Department of Labor's (""DOL"") Rules and Regulations for Reporting and Disclosure under ERISA. As permitted by ERISA Section 103(a)(3)(C), our audits need not extend to any statements or information related to assets held for investment of the plan (""investment information"") by a bank or similar institution or insurance carrier that is regulated, supervised, and subject to periodic examination by a state or federal agency, provided that the statements or information regarding assets so held are prepared and certified to by the bank or similar institution or insurance carrier in accordance with 29 CFR 2520.103-5 of the DOL's Rules and Regulations for Reporting and Disclosure under ERISA (""qualified institution""). Management has obtained certifications from a qualified institution as of and for the years ended December 31, 2024 and 2023 , stating that the certified investment information, as described in Note 3 to the financial statements, is complete and accurate. Opinion In our opinion, based on our audits and on the procedures performed as described in the Auditors' Responsibilities for the Audit of the Financial Statements section of our report the amounts and disclosures in the financial statements, other than those agreed to or derived from the certified investment information, are presented fairly, in all material respects, in accordance with accounting principles generally accepted in the United States of America (""GAAP""). the information in the financial statements related to assets held by and certified to by a qualified institution agrees to, or is derived from, in all material respects, the information prepared and certified by an institution that management has determined meets the requirements of ERISA Section 103(a)(3)(C). Basis for Opinion We conducted our audits in accordance with auditing standards generally accepted in the United States of America (""GAAS""). Our responsibilities under those standards are further described in the Auditors' Responsibilities for the Audit of the Financial Statements section of our report. We are required to be independent of the Plan and to meet our other ethical responsibilities, in accordance with the relevant ethical requirements relating to our audits. We believe that the audit evidence we have obtained is sufficient and appropriate to provide a basis for our ERISA section 103(a)(3)(C) audit opinion. Responsibilities of Management for the Financial Statements Management is responsible for the preparation and fair presentation of the financial statements in accordance with GAAP, and for the design, implementation, and maintenance of internal control relevant to the preparation and fair presentation of financial statements that are free from material misstatement, whether due to fraud or error. Management's election of the ERISA Section 103(a)(3)(C) audit does not affect management's responsibility for the financial statements. In preparing the financial statements, management is required to evaluate whether there are conditions or events, considered in the aggregate, that raise substantial doubt about the Plan's ability to continue as a going concern within one year after the date that the financial statements are issued or are available to be issued. Management is also responsible for maintaining a current plan instrument including all plan amendments, administering the Plan, and determining that the Plan's transactions that are presented and disclosed in the financial statements are in conformity with the Plan's provisions, including maintaining sufficient records with respect to each of the participants, to determine the benefits due or which may become due to such participants. Auditors' Responsibilities for the Audit of the Financial Statements Except as described in the Scope and Nature of the ERISA Section 103(a)(3)(C) Audit section of our report, our objectives are to obtain reasonable assurance about whether the financial statements as a whole are free from material misstatement, whether due to fraud or error, and to issue an auditors' report that includes our opinion. Reasonable assurance is a high level of assurance but is not absolute assurance and therefore is not a guarantee that an audit conducted in accordance with GAAS will always detect a material misstatement when it exists. The risk of not detecting a material misstatement resulting from fraud is higher than for one resulting from error, as fraud may involve collusion, forgery, intentional omissions, misrepresentations, or the override of internal control. Misstatements are considered material if there is substantial likelihood that, individually or in the aggregate, they would influence the judgment made by a reasonable user based on the financial statements. In performing an audit in accordance with GAAS, we: Exercise professional judgment and maintain professional skepticism throughout the audit. Identify and assess the risks of material misstatement of the financial statements, whether due to fraud or error, and design and perform audit procedures responsive to those risks. Such procedures include examining, on a test basis, evidence regarding the amounts and disclosures in the financial statements. Obtain an understanding of internal control relevant to the audit in order to design audit procedures that are appropriate in the circumstances, but not for the purpose of expressing an opinion on the effectiveness of the Plan's internal control. Accordingly, no such opinion is expressed. Evaluate the appropriateness of accounting policies used and the reasonableness of significant accounting estimates made by management, as well as evaluate the overall presentation of the financial statements. Conclude whether, in our judgment, there are conditions or events, considered in the aggregate, that raise substantial doubt about the Plan's ability to continue as a going concern for a reasonable period of time. Our audits did not extend to the certified investment information, except for obtaining and reading the certifications, comparing the certified investment information with the related information presented and disclosed in the financial statements, and reading the disclosures relating to the certified investment information to assess whether they are in accordance with the presentation and disclosure requirements of GAAP. Accordingly, the objective of an ERISA Section 103(a)(3)(C) audit is not to express an opinion about whether the financial statements as a whole are presented fairly, in all material respects, in accordance with GAAP. We are required to communicate with those charged with governance regarding, among other matters, the planned scope and timing of the audits, significant audit findings, and certain internal control-related matters that we identified during the audits. Other Matter - Supplemental Schedule Required by ERISA The supplemental schedule of assets (held at end of year) as of December 31, 2024 is presented for the purposes of additional analysis and is not a required part of the financial statements but is supplementary information required by the DOL's Rules and Regulations for Reporting and Disclosure under ERISA. Such information is the responsibility of management and was derived from and relates directly to the underlying accounting and other records used to prepare the financial statements. The information included in the supplemental schedule, other than that agreed to or derived from the certified investment information, has been subjected to auditing procedures applied in the audits of the financial statements and certain additional procedures, including comparing and reconciling such information directly to the underlying accounting and other records used to prepare financial statements or to the financial statements themselves, and other additional procedures in accordance with GAAS. For information included in the supplemental schedule that agreed to or is derived from the certified investment information, we compared such information to the related certified investment information. In forming our opinion on the supplemental schedule, we evaluated whether the supplemental schedule, other than the information agreed to or derived from the certified investment information, including its form and content, is presented in conformity with the DOL's Rules and Regulations for Reporting and Disclosure under ERISA. In our opinion the form and content of the supplemental schedule, other than the information in the supplemental schedule that agreed to or is derived from the certified investment information, is presented in all material respects, in conformity with the DOL's Rules and Regulations for Reporting and Disclosure under ERISA. the information in the supplemental schedule related to assets held by and certified to by a qualified institution agrees to, or is derived from, in all material respects, the information prepared and certified by an institution that management determined meets the requirements of ERISA Section 103(a)(3)(C). Brentwood, Tennessee July 1, 2025 REVSPRING, INC. 401(K) PLAN Statements of Net Assets Available for Benefits December 31, 2024 and 2023 2024 2023 Assets: Investments, at fair value: Money market fund $ 16,535 $ 8,676 Mutual funds 59,561,548 48,486,064 Collective trust fund 1,950,832 1,416,941 Total investments, at fair value 61,528,915 49,911,681 Receivables: Notes receivable from participants 672,256 550,192 Plan Sponsor contributions 214,394 130,180 Total receivables 886,650 680,372 Net assets available for benefits $62,415,565 $50,592,053 See accompanying notes to the financial statements. 5 REVSPRING, INC. 401(K) PLAN Statements of Changes in Net Assets Available for Benefits Years ended December 31, 2024 and 2023 2024 2023 Additions to net assets attributed to: Net change resulting from investment activity : Net appreciation in fair value of investments $ 6,152,304 $ 6,293,194 Interest and dividend income 2,248,962 1,275,864 Net change resulting from investment activity 8,401,266 7,569,058 Interest income from notes receivable from participants 39,051 31,685 Contributions: Plan Sponsor 2,027,831 1,867,082 Participants 5,341,637 4,696,582 Rollovers 271,716 381,770 Total contributions 7,641,184 6,945,434 Total additions 16,081,501 14,546,177 Deductions from net assets attributed to: Benefits paid 4,091,972 2,393,819 Administrative expenses 166,017 125,109 Total deductions 4,257,989 2,518,928 Net increase 11,823,512 12,027,249 Net assets available for benefits at beginning of year 50,592,053 38,564,804 Net assets available for benefits at end of year $62,415,565 $50,592,053 See accompanying notes to the financial statements. 6 REVSPRING, INC. 401(K) PLAN Notes to the Financial Statements December 31, 2024 and 2023 (1) Description of plan The following description of the RevSpring, Inc. 401(k) Plan (the ""Plan"") provides only general information. Participants should refer to the Plan agreement for a more complete description of the Plan's provisions. (a) General The Plan is a defined contribution plan covering substantially all employees of RevSpring, Inc. (the ""Company"" or ""Plan Sponsor"") who have completed one month of service and are age 21 or older. The Plan is subject to the provisions of the Employee Retirement Income Security Act of 1974, as amended (""ERISA""). (b) Contributions Participants may voluntarily make qualified retirement contributions to the Plan which are deductible by the participants for federal income tax purposes under Section 401(k) of the Internal Revenue Code (""IRC""). Participants may also elect to make contributions on an after- tax basis in the form of Roth contributions. Additionally, participants may also contribute amounts representing distributions from other qualified defined benefit or defined contribution plans. At any time, a participant may elect a deferral amount between 1% and 100% of his or her annual compensation. Participants direct the investment of their contributions into various investment options offered by the Plan. The Plan Sponsor may make discretionary matching contributions as determined annually by the Plan Sponsor's Board of Directors. For 2024 and 2023 , the Plan Sponsor matched an amount equal to 50% of each participant's contributions up to 6% of compensation. Plan Sponsor and participant contributions may not exceed the maximum amount deductible for federal income tax purposes. The Company's discretionary matching contributions totaled $2,027,831 and $1,867,082 for the years ended December 31, 2024 and 2023 . The Plan also provides that the Plan Sponsor may contribute a profit-sharing contribution each year in an amount authorized by the Plan Sponsor's Board of Directors. There were no profit-sharing contributions made by the Plan Sponsor during 2024 or 2023 . (c) Participant accounts Each participant's account is credited (charged) with the participant's contributions, and allocations of Plan Sponsor contributions, investment earnings (losses), and administrative expenses. Allocations are based on participant compensation or account balances as defined in the plan agreement. The benefit to which a participant is entitled is the benefit that can be provided from the participant's vested account. Each participant has the ability to direct the investment of their contributions and Plan Sponsor contributions into various investment options offered by the Plan. 7 REVSPRING, INC. 401(K) PLAN Notes to the Financial Statements December 31, 2024 and 2023 (d) Vesting Participants are immediately vested in their elective deferrals plus actual earnings or losses thereon. Vesting in Plan Sponsor contributions is based on years of service. Participants are 20% vested after one year of service and an additional 40% in years two and three until the participant becomes fully vested after three years of service. (e) Notes receivable from participants Participants may borrow from their fund accounts up to a maximum equal to the lesser of $50,000 or 50% of their vested account balance. The loans are secured by the balances in the participants' accounts and bear interest at fixed rates ranging from 4.25% to 9.50%, which are commensurate with local prevailing rates as determined quarterly by the Plan administrator. Principal and interest are collected ratably through payroll deductions. (f) Payment of benefits On termination of service due to death, permanent disability, or retirement, a participant will receive a lump-sum payment equal to his or her entire account balance. For termination of service due to other reasons, a participant will be entitled to receive only the vested interest in his or her account as a lump-sum distribution. (g) Forfeited accounts Forfeitures are created when participants terminate employment prior to becoming fully vested in the Plan Sponsor contribution portion of their accounts. Forfeitures are used to pay Plan administrative expenses or to reduce Plan Sponsor contributions to the Plan. Forfeitures of approximately $38,000 and $32,000 were used to reduce Plan Sponsor contributions and to pay Plan administrative expenses during 2024 and 2023 , respectively. Forfeited nonvested accounts totaled approximately $133,000 and $70,000 at December 31, 2024 and 2023 , respectively. (h) Hardship withdrawals The Plan permits distributions in the event of a hardship, as defined in the plan agreement. These distributions are taxable and subject to a tax penalty equal to 10% of the hardship distribution amount if the participant is younger than age 59½. Hardship withdrawals are limited to the participant's deferral contributions. 8 REVSPRING, INC. 401(K) PLAN Notes to the Financial Statements December 31, 2024 and 2023 (i) Administrative expenses Certain expenses of maintaining the Plan are paid directly by the Plan Sponsor and are excluded from these financial statements. Expenses of maintaining the Plan and expenses related to the administration of notes receivable from participants are paid from Plan assets and are included in administrative expenses. Certain fees incurred by the Plan for the investment management services are netted within net appreciation in the fair value of investments. (j) Plan termination Although it has not expressed any intent to do so, the Plan Sponsor has the right under the Plan to discontinue its contributions at any time and to terminate the Plan subject to the provisions of ERISA. In the event of Plan termination, participants will become 100% vested in their accounts. (2) Summary of significant accounting policies (a) Basis of accounting The financial statements of the Plan are prepared under the accrual basis of accounting. (b) Investment valuation and income recognition Investments are stated at fair value. Fair value is the price that would be received to sell an asset or paid to transfer a liability in an orderly transaction between market participants at the measurement date. The Plan administrator determines the Plan's valuation policies utilizing information provided by the investment advisors and Fidelity Management Trust Company (""Fidelity""). See Note 4 for discussion of fair value measurements. Purchases and sales of securities are recorded on a trade-date basis. Interest income is recorded on the accrual basis. Dividend income is recorded on the ex-dividend date. Net appreciation includes the Plan's gains and losses on investments bought and sold, as well as held, during the year. (c) Notes receivable from participants Notes receivable from participants are measured at their unpaid principal balances plus any accrued but unpaid interest. Delinquent participant notes are reclassified as distributions based upon the terms of the plan document. (d) Payment of benefits Benefits are recorded when paid. 9 REVSPRING, INC. 401(K) PLAN Notes to the Financial Statements December 31, 2024 and 2023 (e) Use of estimates The preparation of financial statements in conformity with accounting principles generally accepted in the United States of America (""GAAP"") requires management to make estimates and assumptions that affect the reported amounts of net assets available for benefits and changes therein, and disclosure of contingent assets and liabilities. Actual results could differ from those estimates. (f) Events occurring after reporting date The Plan Sponsor has evaluated events and transactions that occurred between December 31, 2024 , and July 1, 2025 , which is the date that the financial statements were available to be issued, for possible recognition or disclosure in the financial statements. (3) Certified information Certain information related to investments and notes receivable from participants disclosed in the accompanying financial statements and supplemental schedule, including the fair (or contract) value of investments and notes receivable from participants held at December 31, 2024 and 2023 , and net appreciation in fair value of investments , interest and dividend income for the years ended December 31, 2024 and 2023 , was obtained or derived from information supplied to the plan administrator and certified as complete and accurate by Fidelity. (4) Fair value measurements Financial Accounting Standards Board (""FASB"") Accounting Standards Codification (""ASC"") 820, Fair Value Measurement , provides the framework for measuring fair value. That framework provides a fair value hierarchy that prioritizes the inputs to valuation techniques used to measure fair value. The hierarchy gives the highest priority to unadjusted quoted prices in active markets for identical assets or liabilities (Level 1 measurements) and the lowest priority to unobservable inputs (Level 3 measurements). The three levels of the fair value hierarchy under FASB ASC 820 are described below: Level 1 -Inputs to the valuation methodology are unadjusted quoted prices for identical assets or liabilities in active markets that the Plan has the ability to access. 10 REVSPRING, INC. 401(K) PLAN Notes to the Financial Statements December 31, 2024 and 2023 Level 2 -Inputs to the valuation methodology include: Quoted prices for similar assets or liabilities in active markets; Quoted prices for identical or similar assets or liabilities in inactive markets; Inputs other than quoted prices that are observable for the asset or liability; Inputs that are derived principally from or corroborated by observable market data by correlation or other means. If the asset or liability has a specified (contractual) term, the Level 2 input must be observable for substantially the full term of the asset or liability. Level 3 -Inputs to the valuation methodology are unobservable and significant to the fair value measurement. The asset's or liability's fair value measurement level within the fair value hierarchy is based on the lowest level of any input that is significant to the fair value measurement. Valuation techniques used need to maximize the use of observable inputs and minimize the use of unobservable inputs. The following is a description of the valuation methodologies used for assets measured at fair value. There have been no changes in the methodologies used at December 31, 2024 or 2023 . (i) Mutual funds : Valued at the net asset value (""NAV"") of shares held by the Plan at year end based on quoted prices in an active market. (ii) Money market fund : Valued based on the funds' reported closing NAV as of the last business day of the plan year. The funds are deemed to be actively traded. The methods described above may produce a fair value calculation that may not be indicative of net realizable value or reflective of future fair values. Furthermore, while the Plan's management believes its valuation methods are appropriate and consistent with other market participants, the use of different methodologies or assumptions to determine fair value of certain financial instruments could result in a different fair value measurement at the reporting date. 11 REVSPRING, INC. 401(K) PLAN Notes to the Financial Statements December 31, 2024 and 2023 The following tables set forth by level, within the fair value hierarchy, the Plan's assets at fair value as of December 31, 2024 and 2023 : Fair Value Measurements as of December 31, 2024 using the following inputs Level 1 Level 2 Level 3 Total Mutual funds $59,561,548 $ - $ - $59,561,548 Money market fund 16,535 - - 16,535 Total assets in the fair value hierarchy $59,578,083 $ - $ - 59,578,083 Investment measured at NAV as a practical expedient (a)1,950,832 Investments at fair value$61,528,915 Fair Value Measurements as of December 31, 2023 using the following inputs Level 1 Level 2 Level 3 Total Mutual funds $48,486,064 $ - $ - $48,486,064 Money market fund 8,676 - - 8,676 Total assets in the fair value hierarchy $48,494,740 $ - $ - 48,494,740 Investment measured at NAV as a practical expedient (a)1,416,941 Investments at fair value$49,911,681 (a) One investment is are measured at NAV as a practical expedient as of December 31, 2024 and 2023 to estimate fair value and, therefore, have not been classified in the fair value hierarchy. The fair value amounts presented in these tables are intended to permit reconciliation of the fair value hierarchy to the line items presented in the statements of net assets available for benefits. 12 REVSPRING, INC. 401(K) PLAN Notes to the Financial Statements December 31, 2024 and 2023 The following table describes the investment for which the fair value is measured using NAV as a practical expedient as of December 31, 2024 and 2023 , respectively. There are no participant redemption restrictions for this investment. Redemption Fair Value Fair Value Unfunded Frequency (if Redemption Description 12/31/2024 12/31/2023 Commitments currently eligible) Notice Period Collective trust fund $1,950,832 $1,416,941 n/a Daily n/a (5) Income tax status The Plan Sponsor adopted a non-standardized pre-approved profit-sharing plan, which received a favorable opinion letter from the Internal Revenue Service (""IRS"") on June 30, 2020, which stated that the pre-approved plan was designed in accordance with the applicable sections of the IRC. The Plan itself has not received a determination letter from the IRS stating that the Plan is qualified under Section 401(a) of the IRC. However, the plan administrator believes that the Plan is designed, as amended, and is currently being operated in compliance with the applicable requirements of the IRC and is therefore, qualified and exempt from taxation. GAAP requires plan management to evaluate tax positions taken by the Plan and recognize a tax liability or asset if the Plan has taken an uncertain position that more likely than not would not be sustained upon examination by the IRS. The plan administrator has analyzed the tax positions taken by the Plan, and has concluded that as of December 31, 2024 and 2023 , there are no uncertain positions taken or expected to be taken that would require recognition of a liability or asset or disclosure in the financial statements. The Plan is subject to routine audits by taxing jurisdictions; however, there are currently no audits in progress. (6) Related party and party-in-interest transactions Certain investments are managed by Fidelity and, therefore, these transactions qualify as party- in-interest transactions under ERISA. The Plan also holds notes receivable from participants which qualify as party-in-interest transactions. As described in Note 1, the Plan paid expenses to various service providers which also qualify as party-in-interest transactions. 13 REVSPRING, INC. 401(K) PLAN Notes to the Financial Statements December 31, 2024 and 2023 (7) Reconciliation of financial statements to Form 5500 The following is a reconciliation of net assets available for benefits per the financial statements to the Form 5500 as of December 31, 2024 and 2023 : 2024 2023 Net assets available for benefits per the financial statements $62,415,565 $50,592,053 Plan Sponsor contributions receivable (214,394) (130,180) Net assets available for benefits per the Form 5500 $62,201,171 $50,461,873 The following is a reconciliation of the change in net assets available for benefits per the financial statements to the Form 5500 for the year ended December 31, 2024 and 2023 : 2024 2023 Change in net assets available for benefits per the financial statements $11,823,512 $12,027,249 Plan Sponsor contributions receivable (84,214) (130,180) Change in net assets available for benefits per the Form 5500 $11,739,298 $11,897,069 (8) Risks and uncertainties The Plan utilizes various investment instruments. Investment securities, in general, are exposed to various risks, such as interest rate, credit, and overall market volatility. Due to the level of risk associated with certain investment securities, it is reasonably possible that changes in the values of investment securities will occur in the near term and that such changes could materially affect the amounts reported in the statements of net assets available for benefits. 14 REVSPRING, INC. 401(K) PLAN EIN 20-2675614 , PLAN No. 002 Schedule H, line 4i - Schedule of Assets (Held at End of Year) December 31, 2024 (a) (b) (c) (d) (e) Description of Investment, Including Identity of Issue, Maturity Date, Rate of Borrower, Lessor, Interest, Collateral, Current or Similar Party Par or Maturity Value Cost Value * Money market fund - Fidelity Government Money Market ** $ 16,535 Mutual Funds : Allspring Special Small Cap Value Fund ** 333,604 American Funds Target Retirement Date 2010 R6 Fund ** 1,188,622 American Funds Target Retirement Date 2015 R6 Fund ** 5,109 American Funds Target Retirement Date 2020 R6 Fund ** 369,607 American Funds Target Retirement Date 2025 R6 Fund ** 2,697,513 American Funds Target Retirement Date 2030 R6 Fund ** 3,515,833 American Funds Target Retirement Date 2035 R6 Fund ** 3,431,674 American Funds Target Retirement Date 2040 R6 Fund ** 6,271,159 American Funds Target Retirement Date 2045 R6 Fund ** 4,480,799 American Funds Target Retirement Date 2050 R6 Fund ** 3,113,154 American Funds Target Retirement Date 2055 R6 Fund ** 3,825,674 American Funds Target Retirement Date 2060 R6 Fund ** 1,756,741 American Funds Target Retirement Date 2065 R6 Fund ** 419,363 American Funds New World Fund Class R-6 ** 571,940 Cohen & Steers Real Estate Securities Fund Z ** 112,749 * Fidelity Mid Cap index Fund ** 2,847,474 * Fidelity Strategic Income Z Fund ** 893,301 * Fidelity Small Cap Index Fund ** 936,397 * Fidelity 500 Index Fund ** 6,891,337 Invesco Discovery Fund Class R6 ** 39,206 Invesco Discovery Mid Cap Growth Fund R6 ** 1,269,015 Janus Henderson Balanced Fund Class N ** 1,871,386 JP Morgan Large Cap Growth Fund Class R6 ** 3,504,092 JP Morgan Corporate Bond Fund Class R6 ** 328,975 PIMCO Real Return Fund Institutional Class ** 120,823 PIMCO StockPlus International Fund ** 1,768,749 Putnam Large Cap Value Fund Class R6 ** 652,011 T. Rowe Price U.S. Equity Research Fund ** 4,904,585 Victory Sycamore Established Value Fund Value R6 ** 1,440,656 Total mutual funds 59,561,548 * Collective trust fund - Fidelity Stable Value Fund ** 1,950,832 * Notes receivable from participants Interest rates ranging from 4.25% to 9.50%, with maturity dates through March 2032 - 672,256 Total $62,201,171 * Represents a party-in-interest. ** Not required for participant directed plans. The above data is based upon information which has been certified as complete and accurate by Fidelity Management Trust Company. 15",1,The Plan Sponsor may make discretionary matching contributions as determined annually by the Plan Sponsor's Board of Directors.,,6% of compensation,general_match,1,The Plan also provides that the Plan Sponsor may contribute a profit-sharing contribution each year in an amount authorized by the Plan Sponsor's Board of Directors.,0,1,after one year of service,0,vesting mentioned,high
"REGENCY TRANSPORTATION, INC. 401(K) PLAN","REGENCY TRANSPORTATION, INC. 401(K) PLAN_2024.pdf",,0,,,,,0,,0,0,,0,,low
IAERO AIRWAYS 401(K) PLAN_,IAERO AIRWAYS 401(K) PLAN__2024.pdf,"5 2024 2023 Assets Investments, at fair value - $ 15,077,784 $ Employee matching contributions receivable - 86,079 Employer matching contributions receivable - 60,919 Notes receivable from participants - 317,008 Net assets available for benefits - $ 15,541,790 $ | The Plan includes an auto-enrollment provision whereby all newly eligible participants are automatically enrolled at a deferral rate of 4% unless they affirmatively elect not to participate. The Plan also automatically increases the contribution rate each year of participating by 1% each year to a maximum of 10%. | Effective January 1, 2024, the Plan was amended to allow safe harbor matching contributions equal to 100% of the first 5% of the participant's salary deferred contributions to the Plan. The Company made safe harbor matching contributions of $652,848 for the period January 1, 2024 through August 19, 2024. iAERO AIRWAYS 401(k) PLAN | 8 Continued The Company may also make discretionary matching contributions to the Plan in amounts determined by the Company. The Company did not make any discretionary matching contributions to the Plan for the period January 1, 2024 through August 19, 2024. | Participants direct the investment of both their individual contributions plus their share of employer contributions into the various investment options offered by the Plan. The Company's contributions are allocated in the same manner as that of the participant's elective contributions. | Each participant's account is credited with the participant's contributions and employer contributions as well as plan earnings. Participant accounts are charged with an allocation of administrative expenses that are paid by the Plan. Allocations are based on participant earnings, account balances, or specific participant transactions, as defined. The benefit to which a participant is entitled is the benefit that can be provided from the participant's vested account. | Participants may borrow from their fund accounts a minimum of $1,000 up to a maximum of the lesser of $50,000 or 50 percent of their vested account balance, subject to certain Department of Labor and IRS requirements. The loans are secured by the balance in the participant's account. The loan interest rate is set at a rate commensurate with local prevailing rates as determined by the plan administrator. Principal and interest is paid ratably through payroll deductions each pay period. | On termination of service, participants with vested account balances of $5,000 or less are subject to involuntary cash-outs, in which automatic distribution of their account balance will occur without direct consent unless they elect a rollover. Participants whose vested account balances exceed $5,000 may elect a lump sum distribution or a rollover of their account balance to another qualified account. Additionally, they may also elect to defer the distribution of their plan balance. Participants who elect to have their benefit payments deferred continue to share in allocations of investment income and losses but do not share in subsequent allocations of employer contributions. Special rules apply to distributions due to death, disability, and retirement. Participants should refer to the full plan document for details. | The Plan allows for in-service distributions upon attainment of age 59 1/2 for all deferral contributions, vested employer matching contributions, and rollover contributions for any reason. The Plan also allows for in-service distributions prior to attainment of the Plan's normal retirement age due to financial hardship, as defined in the plan document, from vested account balances. | Vesting | Participants are immediately vested in their contributions (deferrals and rollovers) and earnings thereon. Vesting in Company matching contributions is based on years of continuous service and become 100% vested after one full year of credited service. Participants also become 100% vested upon death, disability, attainment of normal retirement age, or if the Plan is terminated. iAERO AIRWAYS 401(k) PLAN | Forfeitures can be used to offset plan administration expenses or reduce employer contributions. Unallocated forfeiture balances as of August 19, 2024 and December 31, 2023 were $-0- and $134,974, respectively. Forfeitures of $125,647 and $5,079 were used to reduce employer contributions and offset plan administrative expenses, respectively, during the period January 1, 2024 through August 19, 2024. Additionally, the Plan Sponsor allocated the Plan's remaining forfeiture balance of $15,963 to active participants prior to plan termination on August 19, 2024 after all remaining employer contributions were funded and final plan expenses were paid. | On April 5, 2024, in conjunction with the aforementioned bankruptcy filing, the Plan Sponsor made the decision to terminate the Plan. Participant's balances became 100% vested as of the effective date of the plan termination. Participants had the option of withdrawing their balances as a cash distribution or a rollover into an individual retirement account. The Plan's assets were distributed in full effective August 19, 2024.",1,"5 2024 2023 Assets Investments, at fair value - $ 15,077,784 $ Employee matching contributions receivable - 86,079 Employer matching contributions receivable - 60,919 Notes receivable from participants - 317,008 Net assets available for benefits - $ 15,541,790 $ | The Plan includes an auto-enrollment provision whereby all newly eligible participants are automatically enrolled at a deferral rate of 4% unless they affirmatively elect not to participate.",,5%,safe_harbor_match,0,,0,0,,0,vesting mentioned,high
AKVALLEY CARE CO. 401(K) PLAN,AKVALLEY CARE CO. 401(K) PLAN_2024.pdf,,0,,,,,0,,0,0,,0,,low
GBC FUND MANAGEMENT LLC 401(K) PROFIT SHARING PLAN & TRUST,GBC FUND MANAGEMENT LLC 401(K) PROFIT SHARING PLAN & TRUST_2024.pdf,,0,,,,,0,,0,0,,0,,low
"MASSACHUSETTS HEALTH & HOSPITAL ASSOCIATION, INC. 401(K) PLAN","MASSACHUSETTS HEALTH & HOSPITAL ASSOCIATION, INC. 401(K) PLAN_2024.pdf",,0,,,,,0,,0,0,,0,,low
BLUEWATER SYSTEMS INC 401(K) PLAN,BLUEWATER SYSTEMS INC 401(K) PLAN_2024.pdf,,0,,,,,0,,0,0,,0,,low
"SAN-J INTERNATIONAL, INC. EMPLOYEES_ 401(K) PLAN","SAN-J INTERNATIONAL, INC. EMPLOYEES_ 401(K) PLAN_2024.pdf",,0,,,,,0,,0,0,,0,,low
SUPERIOR NATIONAL BANK 401(K) & PROFIT SHARING PLAN,SUPERIOR NATIONAL BANK 401(K) & PROFIT SHARING PLAN_2024.pdf,"Statements of Net Assets Available for Benefits 2024 2023 Investments at fair value 26,108,442$ 23,143,266$ Fully benefit-responsive investment contract with an insurance company at contract value 1,217,697 1,761,927 Total investments 27,326,139 24,905,193 Receivables Employer contribution 377,344 468,117 Notes receivable from participants 179,264 136,637 Total receivables 556,608 604,754 Net assets available for benefits 27,882,747$ 25,509,947$ SUPERIOR NATIONAL BANK 401(k) & PROFIT SHARING PLAN ASSETSDecember 31 Investments The accompanying notes are an integral part of these financial statements. 5 Statement of Changes in Net Assets Available for Benefits Year Ended December 31, 2024 Additions to net assets attributed to Investment income Net appreciation in fair value of investments 4,102,688 $ Dividend and interest income 433 Total investment income 4,103,121 Interest income - notes receivable from participants 12,285 Contributions Employer 743,459 Participant 1,099,152 Rollover 39,108 Total contributions 1,881,719 Total additions 5,997,125 Deductions from net assets attributed to Benefits paid to participants 3,567,277 Administrative expenses 97,111 Total deductions 3,664,388 Net change in net assets available for benefits 2,332,737 40,063 Net assets available for benefits Beginning of year 25,509,947 End of year 27,882,747$ SUPERIOR NATIONAL BANK 401(k) & PROFIT SHARING PLAN Transfer from other qualified plan The accompanying notes are an integral part of these financial statements. 6 1. DESCRIPTION OF THE PLAN The following description of Superior National Bank 401(k) & Profit Sharing Plan (the ""Plan"") provides only general information. Participants should refer to th e Plan agreement for a more com plete description of the Plan's provisions. General Empower Trust Company, LLC (the ""Custodian"" or ""Empower""), is the custodian and recordkeeper of the Plan. The Company is the administrato r of the Plan (the ""Plan Administrato r""). The Custodian holds all assets of the Plan in accordance with the service provider co ntract with the Company. The 401k/Profit Sharing Plan Investment Committee is responsible for oversight of the Plan and the appropriateness of the Plan's investment offerings and monitors investment performance.The Plan is a defined contribution plan c overing substantially all employees of Superior National Bank (the ""Company"") who have completed at least one hour of eligible service during the first two consecutive months of employment and are age eighteen or older. Employees who are union employees, non-resident aliens, or leased or co-op employees are not eligible employees. The Plan i s subject to the provisions of the Employee Retirement Income Se curity Act of 1974 (""ERISA""). Each year participants may contribute up to 100% of a nnual compensation as defined in the Plan subject to certain IRS limitations. Participants who have attained age 50 before the end o f the Plan year are eligible to make catch up contributions. Participants may also contribute amounts representing distributions from other qualified defined benefit or defined contribution plans (rollover). The Plan includes an auto- enrollment provision whereby all newly eligible employees are aut omatically enrolled in the Plan unless they affirmatively elect not to contribute to the Plan. A utomatically enrolled parti cipants have their deferral rate set at 6% of eligible compensation and their contri butions invested in a designated balanced fund until changed by the participant. Partic ipant deferral rates automatica lly increase at a rate of 1% of eligible compensation per year to a maximum of 10% of eligible compensation. The Company makes a safe harbor contribution of 3% of eligible compensation for all pa rticipating eligible employees. The Company, at its discretion, may make an additional profit sharing contribution to the Plan at an amount equal to a percentage of each participant's e ligible compensation. The profit shar ing contribution for the year ended December 31, 2024 was 1% of eligible compensation, a s defined, for most employees except those grandfathered in under a pre-existing plan agreement, for which it was 12% of eligible compensation.Participants direct the inves tment of contributions into various investment options, including a self-directed brokerage account, offered by the Plan. ContributionsSUPERIOR NATIONAL BANK 401(k) & PROFIT SHARING PLAN Notes to Financial Statements 7 SUPERIOR NATIONAL BANK 401(k) & PROFIT SHARING PLAN Notes to Financial Statements Participants may borrow from their accounts, a min imum of $1,000 up to a maximum equal to the lesser of $50,000 or 50% of their account balance. The resulting no tes receivable are secured by the balances in the participants' accounts and bear interest at rates ranging from 4.25% to 9.50%, which are commensurate with local prevailing rates at the time the notes were issued, as determined qua rterly, and are set at 1% above the prime rate, as defined. Principal and inte rest is collected ratably through payroll deductions.Notes Receivable from ParticipantsParticipants are immediately vested in their 401(k) vo luntary contributions an d safe harbor matching contributions, plus actual earnings thereon. Vesting in the Company profit sharing contributions is based on years of continuous service. A parti cipant is 100% vested after five years of credited service, with graduated vesting starting at 25% after two years of continuous service.VestingEach participant's account is credited with the participant's contributions and the Company's safe harbor matching contributions (when made) and an allocation of (a) the Company's profit sharing contribution (when made), and (b) Plan earnings and charged with an allocation of administrative expenses, if any.Participants who initiate a loan or benefit payment are charged a fee for that transaction. Allocations arebased on participant compensation, account balances or specific participant transactions, as defined. Thebenefit to which a participant is entitled is the benefit that can be provided from the participant's vestedaccount.Participant Accounts If a participant is not fully vested on their termination date, the nonvested amount of the account is forfeited. Forfeitures are used to reduce future employer cash contributions or used to pay Plan expenses.Employer cash contributions were reduced by $6,048 from forfeited nonvested accounts during 2024. At December 31, 2024 and 2023, forfeited nonvested accounts totaled $54,549 a nd $4,511, respectively. Forfeited AccountsUpon termination of service due to deat h, disability, financial hardship, re tirement or any other distributive event, as defined in the Plan agreement, participants or their beneficiaries may receive an amount equal to the value of the participant's vested interest in their account in a lump-sum payment or in variousinstallment annuities. The Plan also allows distributions on attainment of 59 1/2 years of age equal to thevalue of the participant's vested interest in their account.Payment of Benefits 8 SUPERIOR NATIONAL BANK 401(k) & PROFIT SHARING PLAN Notes to Financial Statements 2. SUMMARY OF SIGNIFICAN T ACCOUNTING POLICIES Purchases and sales of securities are recorded on a trade-date basis. Interest income is recorded on the accrual basis. Dividends ar e recorded on the ex-dividend date. The net change in fair value of investments includes the Plan's aggregate gains and losses on investments bought and sold as well as held during theyear. Notes receivable from participants are measured at their unpaid principal balance plus any accrued but unpaid interest. Related fees are recorded as administrative expenses and are expensed when they areincurred. If a participant ceases to make loan repayments and the Plan Administrator deems the notereceivable to be in default, the participant note receivable is reduced and a benefit payment is recorded.Notes Receivable from ParticipantsBasis of Accounting Benefit payments to participan ts are recorded when paid.Benefits Paid to ParticipantsParticipant contributions are recorded when withhe ld from compensation. Emp loyer contributions are recorded in the period in which they become ob ligations of the Company.ContributionsInvestments are reported at fair value, except for the fully benefit-responsive investment contract, which is reported at contract value. Contract value is the relevant measure for the portion of the net assets availablefor benefits of a defined contribution plan attributab le to fully benefit-respon sive investment contracts because contract value is the amount participants norm ally would receive if they we re to initiate permitted transactions under the terms of the contracts. Fair value is the price that would be received to sell an assetor paid to transfer a liability in an o rderly transaction bet ween market participan ts at the measurement date. The 401K/Profit Sharing Plan Investment Committe e determines the Plan's val uation policies utilizing information provided by the investment advisor and custodian. See Note 4 for discussion of fair valuemeasurements.Investment Valuation and Income RecognitionThe preparation of financial statements in accordance with GAAP requires Plan management to make estimates and assumptions that affe ct the reported amounts of assets and liabilities and changes therein, and disclosure of contingent asse ts and liabilities. Actual results could differ from those estimates.Use of EstimatesThe financial statements of the Plan are prepared on the accrual basis of accounting in accordance with accounting principles generally accepted in the United States of America (""GAAP""). 9 SUPERIOR NATIONAL BANK 401(k) & PROFIT SHARING PLAN Notes to Financial Statements 3. 4. Level 1: Level 2: Inputs to the valuation methodology include:Certain information related to investments and not es receivable from partic ipants disclosed in the accompanying financial statements and the ERISA-required supplemental schedule, including investments and notes receivable from participants held at De cember 31, 2024 and 2023, and net change in fair value of investments, interest and dividends, and interest income on notes receivable from participants for the yearended December 31, 2024, was obtained by managemen t and agreed to and derived from information certified as complete and accurate by Empower Annuity Insurance Company of America. FAIR VALUE MEASUREMENTSThe framework for measurin g fair value provides a fair value hierarch y that prioritizes the in puts to Inputs to the valuation methodology are unadjusted quoted prices for identical assets or liabilities in active markets that the Plan ha s the ability to access. • quoted prices for similar assets or liabilities in active markets; • inputs other than quoted prices that are observable for the asset or liability; and by correlation or other means. If the asset or liability has a specified (c ontractual) term, the Level 2 input must be observable for substant ially the full term of the asset or liability.CERTIFIED INVESTMENTS • inputs that are derived principally from or corroborated by observable market data• quoted prices for identical or similar assets or liabilities in inactive markets;Administrative Expenses Subsequent Events In preparing these financial statements, Plan management has evaluated, for potential recognition or disclosure, significant events or transactions that occurred during the period subsequent to the most recentstatement of net assets available for benefits presented herein, through the date these financial statementswere available to be issued.The Plan's administrative expense s are paid either by the Plan or the Company, as provided by the Plan agreement. Certain administrat ive expenses, including an alloca tion of salaries related to Plan administration, and audit and legal costs, are pa id by the Company and qualify as party-in-interest transactions which are exempt from prohibited transaction rules. Expenses that are paid directly by the Company are excluded from these financial statements. Fees for custodial and record keeping services arepaid by the Plan. Participants are ch arged directly for loan fees and fees related to certain distribution types. 10 SUPERIOR NATIONAL BANK 401(k) & PROFIT SHARING PLAN Notes to Financial Statements Level 3: Level 1 Level 2 Level 3 Other (1) Total Mutual funds 21,649,788 $ - $ - $ - $ 21,649,788 $ Collective investment trusts - - - 2,782,394 2,782,394 - 118,251 - - 118,251 74,990 74,990 - 300,000 - - 300,000 Common stocks 761,014 - - - 761,014 Exchange traded funds 361,987 - - - 361,987 Other assets - 60,018 - - 60,018 22,772,789$ 553,259 $ - $ 2,782,394 $ 26,108,442$ The asset's or liability's fair value measurement level wi thin the fair value hierarchy is based on the lowest level of any input that is significant to the fair valu e measurements. Valuation techniques used need to maximize the use of observable inputs and minimize the use of unobservable inputs. The following is a description of the valuation method ologies used for assets measured at fair value. There have been no changes in the methodologies used at December 31, 2024 and 2023. Self-directed brokerage accounts: These accounts primarily consist of common stocks and exchange traded funds that are valued on the basis of readily determinable market pric es (Level 1) and interest bearing cash, corporate debt instruments, and certificates of deposits (Level 2). Corporate debt Inputs to the valuation methodology are unobservable and significant to the fair value measurement. accounts 2024 Total investments at fair valueThe following tables set forth, by level within the fair value hierarchy, the Plan's investments measured at fair value at December 31: Self-directed brokerage Certificates of deposits instrumentsInterest bearing cashMutual funds: Shares held in mutual funds are valued at the daily closing price as reported by the fund. Mutual funds held by the Plan are open-end mutual funds that are registered with the Securities andExchange Commission (""SEC""). These funds are required to publish their daily Net Asset Value (""NAV"")and to transact at that price. The mutual funds held by the Plan are deemed to be actively traded. Collective investment trusts (""CIT""): Valued at the NAV of units of a collective trust fund, is classified as ""other"" and is not assigned a level in the fair value hierarchy. The NAV as provided by the trustee of the CIT, is used as the practical expedient to estimate fair value. The NAV is based on the fair value of theunderlying investments held by the fund less its liabilities. This practical expedient would not be used if itis determined to be probable that the fund will sell the investment for an amount different from thereported NAV. Participant transactions (purchases and sales) may occur daily. 11 SUPERIOR NATIONAL BANK 401(k) & PROFIT SHARING PLAN Notes to Financial Statements Level 1 Level 2 Level 3 Other (1) Total Mutual funds 19,138,061 $ - $ - $ - $ 19,138,061 $ Collective investment trusts - - - 2,844,517 2,844,517 - 60,286 - - 60,286 - 200,310 - - 200,310 693,718 - - - 693,718 206,374 - - - 206,374 20,038,153$ 260,596 $ - $ 2,844,517 $ 23,143,266$ Fair Unfunded Redemption Redemption Value Commitment Frequency Notice Period $ 2,782,394 $ - Daily 12 months Fair Unfunded Redemption Redemption Value Commitment Frequency Notice Period $ 2,844,517 $ - Daily 12 months Collective investment trusts2024 2023Investment TypeInvestment TypeThe following tables set forth additional disclosures for the fair value measurement of investments in certain entities that calculate NAV per share (or its equivalent) as of December 31:(1) Certain investments are measured at NAV per share (or its equivalent) on a non-active market and have not been classified in the fair value hierarchy and are p resented in the column titled ""Other"" above. The fair value amounts presented in these tables are intended to p ermit reconciliation of the fair value hierarchy to the line items presented in the statements of net assets available for benefits. The availability of observable market d ata is monitored to assess the approp riate classification of financial instruments within the fair value hierarchy. Chang es in economic conditions or model-based valuation techniques may require the transfer of financial instruments from one fair value level to another. Plan management evaluates the significance of transfers between levels based upon the nature of the financialinstrument and size of the transfer relative to total net assets available for benefits. There were no transfers of assets into or out of Level 3 in 2024.Total investments2023 Self-directed brokerage accounts Exchange traded fundsInterest bearing cash Certificates of depositsCommon stocks Collective investment trustsat fair value 12 SUPERIOR NATIONAL BANK 401(k) & PROFIT SHARING PLAN Notes to Financial Statements 5. 1) 2)3)4)5)Amendments to the Plan documents (includi ng complete or partial Plan termination or merger with another plan), Changes to the Plan's prohibition on competing investment options or deletion of equitywash provisions,Bankruptcy of the Plan sponsor or other Plan sponsor events (for example, divestitures orspin-offs of a subsidiary) that cause a significant withdrawal from the Plan, Premature terminatio n of the contract. The Plan has entered into a traditio nal fully benefit-responsive guaranteed investment contract with Empower Annuity Insurance Company of America (""Empower Annuity"") and Empower Trust Company, LLC, with a balance of $1,217,697 and $1,761,927, at Dece mber 31, 2024 and 2023, respectively. Empower Annuity maintains the contributions in a general account. The account is credited with earnings on theunderlying investments and charged for participant wit hdrawals and administrative expenses. The issuer is contractually obligated to repay the principal and a sp ecified interest rate that is guaranteed to the Plan. The crediting rate is based on a formula established by the contract issuer but may not be less than 0%. Thecrediting rate is reviewed on a quarterly basis for resetting. The guaranteed investment contract does notpermit the insurance comp any to terminate the agreement prio r to the scheduled maturity date. This contract meets the fully benefit-responsive investment contract criteria and therefore is reported atcontract value. Contract value is the relevant measure for fully benefit-responsive investment contractsbecause this is the amount received by participants if they were to initiate permitted transactions under theterms of the Plan. Contract value, as reported to the Plan by Empower Annuity, represents contributionsmade under the contract, plus earnings, less partic ipant withdrawals, and administrative expenses. Participants may ordinarily direct the withdrawal or transfer of all or a portion of their investment at contract value. The Plan's ability to receive amounts due is depe ndent on the issuer's ability to meet its financial obligations. The issuer's ability to meet its contractual obligations may be affected by future economic and regulatory developments. Certain events might limit the ability of the Plan to tra nsact at contract value with the issuer. Such events include: T h ef a i l u r eo ft h et r u s tt o qualify for exemption from federal income taxes or any required prohibited transaction exemption under ERISA, or; Plan management does not believe there are any events pr obable of occurring that might limit the ability of the Plan to transact at contract value with the contr act issuers and that also would limit the ability of the Plan to transact at contract value with the participants.INVESTMENT CONTRACT WITH INSURANCE COMPANY 13 SUPERIOR NATIONAL BANK 401(k) & PROFIT SHARING PLAN Notes to Financial Statements 1) 2)3)4) 6. 7. 8.US GAAP requires Plan management to evaluate and recognize a tax liabilit y (or asset) if the Plan has taken an uncertain position that more likely than not would not be sustained upon examination by the IRS. While the Plan may be subject to routine audits by taxing juri sdictions, there are currently no audits for any tax periods in progress. PLAN TERMINATIONAlthough it has not expressed any intent to do so, the Company has the right under the Plan to discontinue its contributions at any time and to terminate the Plan subject to the provisions of ERISA. In the event ofPlan termination, participants would become 100% vested in their employer contributions.RELATED PARTY AND PARTY- IN-INTEREST TRANSACTIONS Certain Plan investments are in funds and accounts that are managed by Empower, Empower Annuity, or their subsidiaries and affiliates. Participant loan and distribution processing fees are paid to Empower byparticipants. The Plan paid for third party administra tor fees and investment advisory which qualify as party- in-interest transactions. The Plan also issues loans to participants which are secured by the vested balanceof the participants' accounts. Certain management fees in the form of an expense ratio charged to eachinvestment option are paid by the Plan and deducted fro m earnings on investments. These transactions are party-in-interest transactions, which are ex empt from prohibited transaction rules. In addition, certain events allow the issuer to terminate the contract with the Plan and settle at an amountdifferent from contract value. Such events include: A material amendment to the agreemen t without the consen t of the issuer. A material misrepresentation, or;A breach of material obligation under the contract, The Plan uses a prototype plan document sponsored by Pension Consultants Co., Inc. The prototype plan document has received an opinion letter from the IR S dated November 30, 2020, stating that the written form of the underlying prototype plan document is qualified under Section 401(a) of the Internal Revenue Code (the ""Code"") and that any employer adopting this form of the plan will be considered to have a planqualified under Section 401(a) of the Code. The Plan is r equired to operate in conformity with the Code to maintain its qualification. The Plan Administrator believes the Plan is being operated in compliance with the applicable requirements of the Code and, therefore, believes that the Plan is qualified and the related trustis tax-exempt.An uncured violation of the Plan's investmen t guidelines, TAX STATUS 14 SUPERIOR NATIONAL BANK 401(k) & PROFIT SHARING PLAN Notes to Financial Statements 9. 10. RISKS AND ECONOMIC UNCERTAINTIES The Plan invests in various investment securities wit h the underlying assets consisting of any combination of stocks, bonds, fixed income securities, and other investm ent securities. Investment securities are exposed to various risks, such as interest rate, market and credit risks. Market risks include global events which could impact the value of investment securities, such as a pandemic or international conflict. Due to the level ofinterest rate, market, and credit risks inherent with ce rtain of the Plan's investment securities, it is at least reasonably possible that changes in the fair values of investment securities will occur in the near term andthat such changes could materially affect particip ants' account balances and the amounts reported in the statements of net assets available for benefits and changes in net assets available for benefits.     DELINQUENT PARTICIPANT CONTRIBUTIONS During the Plan year ended December 31, 2024, a partici pants contributions totaling $15, including $0.10 related to lost earnings, were not remitted to the Plan within the period prescribed by DOL regulations. These transactions constitute prohibited transacti ons as defined by ERISA. The contributions and related lost earnings were remi tted to the Plan during 2024. 15 ERISA-Required Supplemental Schedules 16 Contributions Total Fully Corrected Corrected Outside o f Under VFCP Voluntary and Fiduciary Contributions Prohibited Contributions Correction Pending Transaction Not Program Correction Exemption Corrected (VFCP) in VFCP 2002-51 - $ 15 $ - $ - $ Repayments November 29, 2024SUPERIOR NATIONAL BANK 401(k) & PROFIT SHARING PLAN Plan #001 EIN 38-1084525 Participant Contributions are included: Participant LoanSchedule H, Line 4a - Schedule of Delinquent Participant Contribution s Check Here if Late to the PlanFor the Year Ended December 31, 2024 Total That Constitutes Nonexempt Prohibited TransactionsTransferred Late 17 EIN 38-1084525 (c) Description of Investment, (b) Identity of Issue, In cluding Maturity Date, Borrower, Lessor, or Rate of Interest, Collateral, (e) Current (a) Similar Party Par or Maturity Value Value Mutual funds JPMorgan JPMorgan Large Cap Growth R6 6,014,374 $ American Funds American Funds 2030 Target Date Retirement R6 3,773,249 Fidelity Fidelity 500 Index 2,710,965 American Funds American Funds 2025 Target Date Retirement R6 1,294,724 American Funds American Funds 2040 Target Date Retirement R6 1,148,631 American Funds American Funds 2045 Target Date Retirement R6 1,016,972 American Funds American Funds New Perspective R6 709,194 American Funds American Funds 2010 Target Date Retirement R6 632,289 MFS MFS Mid Cap Growth R6 559,388 American Funds American Funds 2035 Target Date Retirement R6 553,985 American Funds American Funds 2055 Target Date Retirement R6 442,640 American Funds American Funds 2050 Target Date Retirement R6 441,473 Fidelity Fidelity Mid Cap Index 409,623 American Funds American Funds American Balanced R6 398,008 Victory Victory Core Plus Intermediate Bond R6 367,088 American Funds American Funds 2060 Target Date Retirement R6 315,317 PGIM PGIM High-Yield R6 137,475 American Funds American Funds Fundamental Investors R6 123,044 American Funds American Funds 2065 Target Date Retirement R6 133,647 Fidelity Fidelity Total Market Index 116,878 Fidelity Fidelity Small Cap Index 76,824 American Funds American Funds 2020 Target Date Retirement R6 62,836 American Funds American Funds Inflation Linked BD R6 59,166 Fidelity Fidelity Total International Index 58,766 Clearbridge Clearbridge Small Cap Growth IS 45,131 American Funds American Funds Smallcap World R6 28,425 Fidelity Fidelity Real Estate Index 10,313 American Century American Century Emerging Markets R6 9,363 T otal mutual funds 21,649,788 (continued)SUPERIOR NATIONAL BANK 401(k) & PROFIT SHARING PLAN Schedule H, Line 4i - Schedule of Assets (Held at End of Year) December 31, 2024 Plan #001 18 EIN 38-1084525 (c) Description of Investment, (b) Identity of Issue, In cluding Maturity Date, Borrower, Lessor, or Rate of Interest, Collateral, (e) Current (a) Similar Party Par or Maturity Value ValueSUPERIOR NATIONAL BANK 401(k) & PROFIT SHARING PLAN Schedule H, Line 4i - Schedule of Assets (Held at End of Year) December 31, 2024 Plan #001 Collective investment trusts Great Gray Large Cap Value Fund Class R1 2,063,169 $ Great Gray Small Cap Value Fund II Fee Class R1 408,832 Great Gray Europacific Growth Trust R1 255,518 Great Gray Mid Cap Value Fee Class R1 43,916 Great Gray International Growth Fund II Fee Class R1 10,623 Great Gray International Stock R1 336 2,782,394 Self-directed brokerage 1,676,260 Total investments at fair 26,108,442 contract with an insurance company * Empower Annuity Empower Investments Fixed Account - Series Class III; maturity dateJune 30, 2025, 1.95% interest as of December 31, 2024 1,217,697 * Notes receivable from participants 179,264 collateral participant account balances Total 27,505,403 $ (a) An asterisk in this column identifies a person known to be a party-in-interest.Interest rates from 4.25% - 9.50%,Fully benefit-respon sive investment Total collective investment trusts 19 )RUP   3DJH 2  3a3ODQDGPLQLVWUDWRU¶VQDPHDQGDGGUHVV X6DPHDV3ODQ6SRQVRU ABCDEFGHI ABCDEFGHI ABCDEFGHI ABCDEFGHI ABCDEFGHI ABCDEFGHI ABCDEFGHI c/o ABCDEFGHI ABCDEFGHI ABCDEFGHI ABCDEFGHI ABCDEFGHI ABCDEFGHI ABCDEFGHI 123456789 ABCDEFGHI ABCDEFGHI ABCDE 123456789 ABCDEFGHI ABCDEFGHI ABCDE CITYEFGHI ABCDEFGHI AB, ST 012345678901 UK3b$GPLQLVWUDWRU¶V(,1 012345678 3c$GPLQLVWUDWRU¶VWHOHSKRQH QXPEHU 0123456789 4,IWKHQDPHDQGRU(,1RIWKHSODQVSRQVRURUWKHSODQQDPHKDV FKDQJHGVLQFHWKHODVWUHWXUQUHSRUWILOHGIRUWKLVSODQ HQWHUWKHSODQVSRQVRU¶VQDPH( ,1WKHSODQQDP HDQGWKHSODQ QXPEHUIURPWKHODVWUHWXUQUHSRUW 4b(,1012345678  a6SRQVRU¶VQDPH c3ODQ1DPH 4d31 012 57RWDOQXPEHURISDUWLFLSDQWVDWWKHEHJLQQLQJRIWKHSODQ\HDU 5123456789012 61XPEHURISDUWLFLSDQWVDVRIWKHHQGRIWKHSODQ\HDUXQOHVVRW KHUZLVHVWDWHG ZHOIDUHSODQVFRPSOHWHRQO\OLQHV 6a(1), 6a(2), 6b, 6c, DQG 6d  a(1)7RWDOQXPEHURIDFWLYHSDUWLFLSDQWV DWWKHEHJLQQLQJRIWKHSODQ\HDU  6a(1) a(2)7RWDOQXPEHURIDFWLYHSDUWLFLSDQWV DWWKHHQGRI WKHSODQ \HDU   6a(2) b5HWLUHGRUVHSDUDWHG SDUWLFLSDQWVUH FHLYLQJEHQHILWV   6b123456789012 c2WKHUUHWLUHGRUVHSDUDWHGSDUWLFLSDQWVHQWLWOHGWRIXWXUHEHQH ILWV  6c123456789012 d6XEWRWDO$GGOLQHV 6a(2)6bDQG 6c  6d123456789012 e'HFHDVHGSDUWLFLSDQWVZKRVHEHQHILFLDULHVDUHUHFHLYLQJRUDUH HQWLWOHGWRUHFHL YHEHQHILW V  6e123456789012 f7RWDO$GGOLQHV 6dDQG 6e   6f123456789012 g(1)1XPEHURISDUWLFLSDQWVZLWKDFFRXQWEDODQFHVDVRIWKHEHJLQQLQ JRIWKHSODQ\HDU RQO\GHILQHGFRQWULEXWLRQSODQV FRPSOHWHWKLVL WHP   6g(1) g(2) 1XPEHURISDUWLFLSDQWVZLWKDFFRXQWEDODQFHVDVRIWKHHQGRIW KHSODQ\HDU RQO\GHILQHGFRQWULEXWLRQSODQV FRPSOHWHWKLVL WHP    6g(2) 123456789012 h1XPEHURISDUWLFLSDQWVZKRWHUP LQDWHGHPSOR\PHQ WGXULQJWKHSOD Q\HDUZLWKDFFUXHGEHQHILWVWKDWZHUH OHVVWKDQ YHVWHG   6h123456789012 7(QWHUWKHWRWDOQXPEHURIHPSOR\H UVREOLJDWHGWRFRQWULEXWHWR WKHSODQ RQO\PXOWLHPSOR\HUSODQ VFRPSOHWHWKLVLWHP  7 8a,IWKHSODQSURYLGHVSHQVLRQEHQHILWVHQWHUWKHDSSOLFDEOHSHQ VLRQIHDWXUHFRGHVIURPWKH/LVWRI3ODQ&KDUDFWHULVWLFV&RGHV LQWKHLQVWUXFWLRQV  b,IWKHSODQSURYLGHVZHOIDUHEHQHILWVHQWHUWKHDSSOLFDEOHZHO IDUHIHDWXUHFRGHVIURPWKH/LVWRI3ODQ&KDUDFWHULVWLFV&RGHV LQWKHLQVWUXFWLRQV   9a3ODQIXQGLQJDUUDQJHPHQW FKHFNDOOWKDWDSSO\  9b3ODQEHQHILWDUUDQJHPHQW FKHFNDOOWKDWDSSO\  (1) X ,QVXUDQFH (1) X ,QVXUDQFH (2) X&RGHVHFWLRQ H  LQVXUDQFHFRQWUDFWV (2) X &RGHVHFWLRQ H  LQVXUDQFHFRQWUDFWV (3) X7UXVW (3) X 7UXVW (4) X *HQHUDODVVHWVRIWKHVSRQVRU (4) X *HQHUDODVVHWVRIWKHVSRQVRU 10&KHFNDOODSSOLFDEOHER[HVLQ DDQGEWRLQGLFDWHZKLFKVFK HGXOHVDUHDWWDFKHGDQGZKHUHLQGLFDWHGHQWHUWKHQXPEHUDWW DFKHG 6HHLQVWUXFWLRQV  aPension Schedules bGeneral Schedules (1) X R 5HWLUHPHQW3ODQ,QIRUPDWLRQ  (1) XH )LQDQFLDO,QIRUPDWLRQ  (2) X MB 0XOWLHPSOR\HU'HILQHG%HQHILW3ODQDQG&HUWDLQ0RQH\ 3XUFKDVH3ODQ$FWXDULDO,QIRUPDWLRQ VLJQHGE\WKHSODQ DFWXDU\(2) XI )LQDQFLDO,QIRUPDWLRQ±6PDOO3ODQ (3) XA ,QVXUDQFH,QIRUPDWLRQ ±1XPEHU$WWDFKHGBBBBBB  (4) XC 6HUYLFH3URYLGH U,QIRUPDWLRQ  (3) X SB 6LQJOH(PSOR\HU'HILQHG%HQHILW3ODQ$FWXDULDO ,QIRUPDWLRQ VLJQHGE\WKHSODQDFWXDU\(5) XD ')(3DUWLFLSDWLQJ3ODQ,QIRUPDWLRQ (4) X DCG ,QGLYLGXDO3ODQ,QI RUPDWLRQ ±1XPEHU $WWDFKHGBBBBBB (6) XG )LQDQFLDO7UDQVDFWLRQ6FKHGXOHV (5) X MEP 0XOWLSOH(PSOR\HU5HWLUHPHQW3ODQ,QIRUPDWLRQ X 2J X X 172 2F 3D 0 X X 2E 57 215 X 2G 1 X 215 X 2A 234 231 X X 215 2T 158",1,"Principal and inte rest is collected ratably through payroll deductions.Notes Receivable from ParticipantsParticipants are immediately vested in their 401(k) vo luntary contributions an d safe harbor matching contributions, plus actual earnings thereon.",,100%,safe_harbor_match,1,"Statements of Net Assets Available for Benefits 2024 2023 Investments at fair value 26,108,442$ 23,143,266$ Fully benefit-responsive investment contract with an insurance company at contract value 1,217,697 1,761,927 Total investments 27,326,139 24,905,193 Receivables Employer contribution 377,344 468,117 Notes receivable from participants 179,264 136,637 Total receivables 556,608 604,754 Net assets available for benefits 27,882,747$ 25,509,947$ SUPERIOR NATIONAL BANK 401(k) & PROFIT SHARING PLAN ASSETSDecember 31 Investments The accompanying notes are an integral part of these financial statements.",0,1,,1,vesting mentioned; collective bargaining mentioned,high
BRADFORD & BARTHEL 401(K) PROFIT SHARING PLAN AND TRUST,,"To the Plan Committee Bradford & Barthel 401(k) Profit Sharing Plan and Trust 2518 River Plaza Drive Sacramento, California 95866 Except as discussed in the following paragraph, in planning and performing our audit of the financial statements of the Bradford & Barthel 401(k) Profit Sharing Plan and Trust (the ""Plan""), an employee benefit plan subject to the Employee Retirement Income Security Act of 1974 (ERISA), as of and for the year ended December 31, 2024, in accordance with auditing standards generally accepted in the United States of America, we considered the Plan's system of internal control over financial reporting (internal control) as a basis for designing audit procedures that are appropriate in the circumstances for the purpose of issuing our report on the financial statements, but not for the purpose of expressing an opinion on the effectiveness of the Plan's internal control. Accordingly, we do not express an opinion on the effectiveness of the Plan's internal control. We were engaged to perform an ERISA Section 103(a)(3)(C) audit of those financial statements as permitted by 29 CFR 2520.103-8 of the Department of Labor's Rules and Regulations for Reporting and Disclosure under the Employee Retirement Income Security Act of 1974. As permitted by ERISA Section 103(a)(3)(C), our audit did not extend to any statements or information related to assets held for investment of the Plan (investment information) by Fidelity Management Trust Company that prepared and certified the statements or information regarding assets so held in accordance with 29 CFR 2520.103-5. Our audit also did not include a consideration of internal control relating to the investment information. A deficiency in internal control exists when the design or operation of a control does not allow management or employees, in the normal course of performing their assigned functions, to prevent, or detect and correct, misstatements on a timely basis. A material weakness is a deficiency, or a combination of deficiencies in internal control, such that there is a reasonable possibility that a material misstatement of the Plan's financial statements will not be prevented, or detected and corrected, on a timely basis. Our consideration of internal control was for the limited purpose described in the first paragraph and was not designed to identify all deficiencies in internal control that might be material weaknesses or significant deficiencies and therefore, material weaknesses or significant deficiencies may exist that were not identified. However, as discussed below, we have identified certain deficiencies in internal control that we consider to be significant deficiencies Frequency of Plan Committee Oversight Meetings During our procedure to understand the internal controls for the Plan, we noted the Plan Committee met only once during 2024. The Plan Oversight Committee should meet no less than four times per year and keep minutes of the meetings to document that the Plan Committee is performing its fiduciary duties with respect to the Plan. Employer Matching Contributions During our procedures to test that Employer Contributions were correctly calculated, we identified one exception out of eight employees tested. This employee should have received a $1,262 match but instead received the maximum employer contribution amount of $1,500. This communication is intended solely for the information and use of management, the Trustees, and others within the Plan, and is not intended to be, and should not be, used by anyone other than these specified parties. MUN CPAs, LLP Sacramento, California August 26, 2025 U MUN CPAs, LLP 176 0 C re e k s i d e O a k s D r i v e , S u i t e 16 0 , S a c r a m e n t o , C A 95 8 3 3 www.muncpas.comGLENDALE•ROSEVILLE•SACRAMENTO•ZEPHYR COVE•KAUAI BRADFORD & BARTHEL 401(K) PROFIT SHARING PLAN AND TRUSTFINANCIAL STATEMENTS WITH INDEPENDENT AUDITOR'S REPORTDECEMBER 31, 2024 AND 2023 MUN CPAs, LLP 1760 Creekside Oaks Drive, Suite 160 Sacramento, California 95833 BRADFORD & BARTHEL 401(K) PROFIT SHARING PLAN AND TRUSTFINANCIAL STATEMENTS WITH INDEPENDENT AUDITOR'S REPORTDECEMBER 31, 2024 AND 2023TABLE OF CONTENTS Page Independent Auditor's Report 1 - 3 Financial Statements: Statements of Net Assets Available for Benefits4Statement of Changes in Net Assets Available for Benefits5Notes to the Financial Statements6 - 11Supplementary Information: Schedule H, Line 4i - Schedule of Assets (Held at End of Year)12 INDEPENDENT AUDITOR'S REPORT To the Board of Directors of Bradford & Barthel 401(k) Profit Sharing Plan and Trust Sacramento, California Scope and Nature of the ERISA Section 103(a)(3)(C) Audit We have performed audits of the accompanying financial statements of Bradford & Barthel 401(k) Profit SharingPlan and Trust, an employee benefit plan subject to the Employee Retirement Income Security Act of 1974 (ERISA), as permitted by ERISA Section 103(a)(3)(C) (ERISA Section 103(a)(3)(C) audit). The financial statements comprise the statements of net assets available for benefits as of December 31, 2024 and 2023, and the related statement of changes in net assets available for benefits for the year ended December 31, 2024, and the related notes to the financial statements. Management, having determined it is permissible in the circumstances, has elected to have the audits of Bradford &Barthel 401(k) Profit Sharing Plan and Trust's financial statements performed in accordance with ERISA Section 103(a)(3)(C) pursuant to 29 CFR 2520.103-8 of the Department of Labor's Rules and Regulations for Reporting and Disclosure under ERISA. As permitted by ERISA Section 103(a)(3)(C), our audits need not extend to any statements or information related to assets held for investment of the plan (investment information) by a bank or similar institution or insurance carrier that is regulated, supervised, and subject to periodic ex amination by a state or federal agency, provided that the statements or information regarding assets so held are prepared and certified to by the bank or similar institution or insurance carrier in accordance with 29 CFR 2520.103-5 of the Department of Labor's Rules and Regulations for Reporting and Disclosure under ERISA (qualified institution). Management has obtained certifications from a qualified institution as of December 31, 2024 and 2023, and for the year ended December 31, 2024 stating that the certified investment information, as described in Note 4 to the financial statements, is complete and accurate. Opinion In our opinion, based on our audits and on the procedures performed as described in the Auditor's Responsibilities for the Audit of the Financial Statements section: The amounts and disclosures in the financial statements referred to above, other than those agreed to or derived from the certified investment information, are presented fairly, in all material respects, in accordance with accounting principles generally accepted in the United States of America. The information in the financial statements referred to above related to assets held by and certified to by a qualified institution agrees to, or is derived from, in all material respects, the information prepared and certified by an institution that management determined meets the requirements of ERISA Section 103(a)(3)(C). Basis for Opinion We conducted our audits in accordance with auditing standards generally accepted in the United States of America. Our responsibilities under those standards are further described in the Auditor's Responsibilities for the Audit of the Financial Statements section of our report. We are required to be independent of Bradford & Barthel 401(k) ProfitSharing Plan and Trust and to meet our other ethical responsibilities in accordance with the relevant ethical requirements relating to our audits. We believe that the audit evidence we have obtained is sufficient and appropriate to provide a basis for our ERISA Section 103(a)(3)(C) audit opinion. U MUN CPAs, LLP 176 0 C re e k s i d e O a k s D r i v e , S u i t e 16 0 , S a c r a m e n t o , C A 95 8 3 3 www.muncpas.comGLENDALE•ROSEVILLE•SACRAMENTO•ZEPHYR COVE•KAUAI Responsibilities of Management for the Financial Statements Management is responsible for the preparation and fair presentation of these financial statements in accordance with accounting principles generally accepted in the United States of America, and for the design, implementation, and maintenance of internal control relevant to the preparation and fair presentation of financial statements that are free from material misstatement, whether due to fraud or error. Management's election of the ERISA Section 103(a)(3)(C) audit does not affect management's responsibility for the financial statements. In preparing the financial statements, management is required to evaluate whether there are conditions or events, considered in the aggregate, that raise substantial doubt about Bradford & Barthel 401(k) Profit Sharing Plan andTrust's ability to continue as a going concern for one year after the date the financial statements are available to be issued. Management is also responsible for maintaining a current plan instrument, including all plan amendments; administering the plan; and determining that the plan's transactions that are presented and disclosed in the financial statements are in conformity with the plan's provisions, including maintaining sufficient records with respect to each of the participants, to determine the benefits due or which may become due to such participants. Auditor's Responsibilities for the Audit of the Financial Statements Except as described in the Scope and Nature of the ERISA Section 103(a)(3)(C) Audit section of our report, our objectives are to obtain reasonable assurance about whether the financial statements as a whole are free from material misstatement, whether due to fraud or error, and to issue an auditor's report that includes our opinion. Reasonable assurance is a high level of assurance but is not absolute assurance and therefore is not a guarantee that an audit conducted in accordance with generally accepted auditing standards will always detect a material misstatement when it exists. The risk of not detecting a material misstatement resulting from fraud is higher than for one resulting from error, as fraud may involve collusion, forgery, intentional omissions, misrepresentations, or the override of internal control. Misstatements are considered material if there is a substantial likelihood that, individually or in the aggregate, they would influence the judgment made by a reasonable user based on the financial statements. In performing an audit in accordance with generally accepted auditing standards, we: Exercise professional judgment and maintain professional skepticism throughout the audit. Identify and assess the risks of material misstatement of the financial statements, whether due to fraud or error, and design and perform audit procedures responsive to those risks. Such procedures include examining, on a test basis, evidence regarding the amounts and disclosures in the financial statements. Obtain an understanding of internal control relevant to the audit in order to design audit procedures that are appropriate in the circumstances, but not for the purpose of expressing an opinion on the effectiveness of Bradford & Barthel 401(k) Profit Sharing Plan and Trust 's internal control. Accordingly, no such opinion is expressed. Evaluate the appropriateness of accounting policies used and the reasonableness of significant accounting estimates made by management, as well as evaluate the overall presentation of the financial statements. Conclude whether, in our judgment, there are conditions or events, considered in the aggregate, that raise substantial doubt about Bradford & Barthel 401(k) Profit Sharing Plan and Trust 's ability to continue as a going concern for a reasonable period of time. Our audits did not extend to the certified investment information, except for obtaining and reading the certification, comparing the certified investment information with the related information presented and disclosed in the financial statements, and reading the disclosures relating to the certified investment information to assess whether they are in accordance with the presentation and disclosure requirements of accounting principles generally accepted in the United States of America. Accordingly, the objective of an ERISA Section 103(a)(3)(C) audit is not to express an opinion about whether the financial statements as a whole are presented fairly, in all material respects, in accordance with accounting principles generally accepted in the United States of America. We are required to communicate with those charged with governance regarding, among other matters, the planned scope and timing of the audit, significant audit findings, and certain internal control-related matters that we identified during the audit. Other Matters Supplemental Schedules Required by ERISA The supplemental Schedule H, Line 4i - Schedule of Assets (Held at End of Year) as of December 31, 2024, is presented for purposes of additional analysis and is not a required part of the financial statements but is supplementary information required by the Department of Labor's Rules and Regulations for Reporting and Disclosure under ERISA. Such information is the responsibility of management and was derived from and relates directly to the underlying accounting and other records used to prepare the financial statements. The information included in the supplemental schedule, other than that agreed to or derived from the certified investment information, has been subjected to auditing procedures applied in the audit of the financial statements and certain additional procedures, including comparing and reconciling such information directly to the underlying accounting and other records used to prepare the financial statements or to the financial statements themselves, and other additional procedures in accordance with generally accepted auditing standards. For information included in the supplemental schedule that agreed to or is derived from the certified investment information, we compared such information to the related certified investment information. In forming our opinion on the supplemental schedule, we evaluated whether the supplemental schedule, other than the information agreed to or derived from the certified investment information, including their form and content, is presented in conformity with the Department of Labor's Rules and Regulations for Reporting and Disclosure under ERISA. In our opinion: The form and content of the supplemental schedule, other than the information in the supplemental schedule that agreed to or is derived from the certified investment information, is presented, in all material respects, in conformity with the Department of Labor's Rules and Regulations for Reporting and Disclosure under ERISA. The information in the supplemental schedule related to assets held by and certified to by a qualified institution agrees to or is derived from, in all material respects, the information prepared and certified by an institution that management determined meets the requirements of ERISA Section 103(a)(3)(C). Sacramento, CaliforniaAugust 26, 2025 BRADFORD & BARTHEL 401(K) PROFIT SHARING PLAN AND TRUSTSTATEMENTS OF NET ASSETS AVAILABLE FOR BENEFITS DECEMBER 31, 2024 AND 202320242023ASSETS Investments, at fair value (Notes 3 and 4)$35,193,860$29,096,000Receivables: Notes receivable from participants385,831336,620Employer contributions311,105243,381Participant contributions 72,456 74,333 Total Receivables 769,392 654,334 Total Assets 35,963,252 29,750,334 NET ASSETS AVAILABLE FOR BENEFITS $35,963,252 $29,750,334 See accompanying notes to the financial statements.4 BRADFORD & BARTHEL 401(K) PROFIT SHARING PLAN AND TRUSTSTATEMENT OF CHANGES IN NET ASSETS AVAILABLE FOR BENEFITS FOR THE YEAR ENDED DECEMBER 31, 2024ADDITIONS Additions in net assets attributed to: Investment income: Net appreciation in fair value of investments$3,003,604Dividends 1,517,385 Total investment income4,520,989 Interest income from notes receivable from participants 25,173 Contributions: Employer contributions311,105Participant contributions2,219,780Rollover contributions 91,545 Total contributions 2,622,430 Total additions 7,168,592 DEDUCTIONS Deductions from net assets attributed to: Benefits paid to participants953,454Administrative expenses 2,220 Total deductions 955,674 NET INCREASE6,212,918NET ASSETS AVAILABLE FOR BENEFITS, BEGINNING OF YEAR 29,750,334 NET ASSETS AVAILABLE FOR BENEFITS, END OF YEAR $35,963,252 See accompanying notes to the financial statements.5 BRADFORD & BARTHEL 401(K) PROFIT SHARING PLAN AND TRUSTNOTES TO THE FINANCIAL STATEMENTSDECEMBER 31, 2024 AND 2023NOTE 1: DESCRIPTION OF PLAN The following description of the Bradford & Barthel 401(k) Profit Sharing Plan and Trust (""the Plan"") provides only general information. Participants should refer to the Summary Plan Description for a more complete description of the Plan's provisions. General The Plan is a defined contribution plan under section 401(k) of the Internal Revenue Code. The Plan covers all eligible employees of Bradford & Barthel, LLP (the ""Plan Sponsor"" or ""Company""). Employees covered by a collective bargaining agreement, residents of Puerto Rico, leased employees and non-resident aliens are not eligible to participate. The Plan is subject to the provisions of the Employee Retirement Income Security Act of 1974 (ERISA). Fidelity Management Trust Company serves as the custodian and recordkeeper for the Plan. Eligibility Employees are eligible to make deferrals after three months of service and attaining age 21. Part-time employees are eligible to make deferrals upon reaching 1,000 hours of service during the Plan year. Upon meeting eligibility requirements, participants will be automatically enrolled into the Plan at a 3.0% deferral rate, unless the participant opts out or selects a different deferral rate. Participants must be employed by the Plan Sponsor on the last day of the Plan year and work 1,000 hours to be eligible for employer matching contributions and other discretionary contributions. Participant Contributions Participants may contribute, through pre-tax deferral of compensation, an amount up to the maximum allowed by the IRS. Participants who have attained age 50 before the end of the Plan year are eligible to make catch-up contributions. Participants can start, increase or decrease the amount of their deferral elections at any time. Participants may contribute amounts representing distributions from other qualified defined benefit or contribution plans. The Plan also allows for Roth after-tax contributions. The Plan includes an automatic deferral increase feature. Participants are allowed to create an annual increase program to gradually raise their contribution rate each year. If participants do not establish an annual increase program for themselves, the automatic deferral increase feature will increase the participant's deferral rate by 1% per year, up to a maximum of 10%. Employer Contributions The Company contributes a matching contribution each year. For the year ended December 31, 2024, the match was equal to 50% of an eligible participant's salary deferral, up to a maximum of $1,500. Additional employer discretionary contributions, if any, are determined by the Company on an annual basis. For the year endedDecember 31, 2024 there were no additional discretionary contributions. Participant Investment Account Options Participants direct the investment of their contributions into various investment options offered by the Plan. Each participant has the option of directing contributions into any of the investment account options selected by the Company and may change the allocation at any time. Participant Accounts Each participant's account is credited with the participant's contributions and an allocation of (a) the Company's contribution, (b) Plan earnings, and (c) charged with an allocation of benefit payments and administrative expenses. Allocations are based on participant earnings or account balances, as defined. The benefit to which a participant is entitled is the benefit that can be provided from the participant's vested account.6 BRADFORD & BARTHEL 401(K) PROFIT SHARING PLAN AND TRUSTNOTES TO THE FINANCIAL STATEMENTSDECEMBER 31, 2024 AND 2023NOTE 1: DESCRIPTION OF PLAN (CONTINUED) Vesting Participants are immediately vested in their voluntary contributions and contributions representing rollovers from other qualified plans, plus earnings thereon. Participants are also always 100% vested in Company matching contributions. Participants vest in the Company profit-sharing contributions on a three-year vesting schedule as follows: Years of Credited Service Vested Percentage Less than 1 year 0% 1 year 33% 2 years 66% 3 years and more 100% Notes Receivable from Participants Participants may borrow from their accounts a minimum of $1,000 and up to a maximum equal to the lesser of $50,000 or 50% of their vested interest. The loan repayment period may not exceed five years, except if the loan is for the purchase of a primary residence then the repayment period may be up to 15 years. A participant may only have one outstanding loan at any given time. The notes are secured by the balance in the participant's account and bear interest at a reasonable rate determined by the Company by reviewing the rates charged for similar types of notes by other lenders. Interest rates are between 5.25% and 10.50%. Principal and interest is paid ratably through bi-weekly payroll deductions. Payment of Benefits On termination of service due to death, disability, retirement or any other reason, a participant is entitled to receive a distribution equal to the value of the participant's vested interest in his or her account as a lump-sum distribution. If a terminated participant has an account balance of less than $1,000 and does not request that the account balance be rolled into another qualifying plan, the participant will automatically receive a cash lump-sum payment. Terminated participants with account balances between $1,000 and $5,000 who do not request the account balance be rolled into another qualifying plan will automatically have their account balance rolled into an Individual Retirement Account established for the benefit of the participant. Terminated participants with account balances greater then $5,000 may elect to leave their account in the Plan or roll their account balance into another qualified plan. Participants may also receive in-service distributions on account of hardship or after attaining age 59 1/2. As of December 31, 2024 and2023, there were no benefits payable to participants that have elected to withdraw from the Plan but have not yet been paid. Administrative Expenses The Plan's expenses are paid either by the Plan or the Company, as provided by the Plan document. Ex penses that are paid directly by the Company are excluded from these financial statements. Certain expenses incurred in connection with the general administration of the Plan that are paid by the Plan are recorded as deductions in the accompanying statement of changes in net assets available for benefits. 7 BRADFORD & BARTHEL 401(K) PROFIT SHARING PLAN AND TRUSTNOTES TO THE FINANCIAL STATEMENTSDECEMBER 31, 2024 AND 2023NOTE 2: SUMMARY OF SIGNIFICANT ACCOUNTING POLICIES Basis of Accounting The financial statements of the Plan are prepared using the accrual method of accounting. Investment Valuation and Income Recognition The Plan's investments are reported at fair value. Fair value is the price that would be received to sell an asset or paid to transfer a liability in an orderly transaction between market participants at the measurement date. See Note 3for discussion of fair value measurements and a description of the method(s) and significant assumptions used to determine the fair value of investments. Purchases and sales of securities are recorded on a trade-date basis. Interest income is recorded on the accrual basis. Dividends are recorded on ex-dividend dates. Net appreciation includes the Plan's gains and losses on investments bought and sold as well as held during the year. Payment of Benefits Benefit payments to participants are recorded upon distribution. Use of Estimates The preparation of financial statements in accordance with accounting principles generally accepted in the United States of America requires management to make estimates and assumptions that affect certain reported amounts of assets and liabilities and changes therein, and disclosures of contingent assets and liabilities. Actual results could differ from those estimates. Subsequent Events The Plan has evaluated subsequent events through August 26, 2025, the date on which the financial statements were available to be issued. Accounting Standards issued but not yet adopted Fair Value Measurement (Topic 820): Fair Value Measurement of Equity Securities Subject to Contractual Sale Restrictions . The amendments in this ASU clarify that a contractual restriction on the sale of an equity security is not considered part of the unit of account of the equity security and, therefore, is not considered in measuring fair value. The amendments also clarify that an entity cannot, as a separate unit of account, recognize and measure a contractual sale restriction. The amendments in this ASU also require the following disclosures for equity securities subject to contractual sale restrictions: 1. The fair value of equity securities subject to contractual sale restrictions reflected in the balance sheet 2. The nature and remaining duration of the restriction(s) 3. The circumstances that could cause a lapse in the restriction(s). The new requirements are effective for the Plan's December 31, 2025 year-end. Management has not yet determined the impact of this accounting standard on the Plan's financial statements. 8 BRADFORD & BARTHEL 401(K) PROFIT SHARING PLAN AND TRUSTNOTES TO THE FINANCIAL STATEMENTSDECEMBER 31, 2024 AND 2023NOTE 3: FAIR VALUE MEASUREMENTS FASB Accounting Standards Codification 820, Fair Value Measurement s and Disclosures , establishes a framework for measuring fair value. That framework provides a fair value hierarchy that prioritizes the inputs to valuation techniques used to measure fair value. The hierarchy gives the highest priority to unadjusted quoted prices in active markets for identical assets or liabilities (level 1 measurements) and the lowest priority to unobservable inputs (level 3 measurements). The three levels of fair value hierarchy are described below: Level 1 Inputs to the valuation methodology are unadjusted quoted prices for identical assets or liabilities in active markets that the Plan has the ability to access. Level 2 Inputs to the valuation methodology include:  Quoted prices for similar assets or liabilities in active markets;  Quoted prices for identical or similar assets or liabilities in inactive markets;  Inputs other than quoted prices that are observable for the assets or liability;  Inputs that are derived principally from or corroborated by observable market data correlation or other means. If the asset or liability has a specified (contractual) term, the Level 2 input must be observable for substantially the full term of the asset or liability. Level 3 Inputs to the valuation methodology are unobservable and significant to the fair value measurement. The asset's or liability's fair value measurement level within the fair value hierarchy is based on the lowest level of any input that is significant to the fair value measurement. Valuation techniques used need to maximize the use of observable inputs and minimize the use of unobservable inputs. Following is a description of the valuation methodologies used for assets measured at fair value on a recurring basis and recognized in the accompanying statements of net assets available for benefits, as well as the general classification of such assets pursuant to the valuation hierarchy. There have been no significant changes in the valuation techniques during the years ended December 31, 2024 or 2023. The Plan had no liabilities measured at fair value on a recurring basis. In addition, the Plan had no assets or liabilities measured at fair value on a nonrecurring basis. Mutual funds: Valued at the daily closing price as reported by the fund. Mutual funds held by the Plan are open-end mutual funds that are registered with the SEC. These funds are required to publish their daily net asset value (NAV) and to transact at that price. The mutual funds held by the Plan are deemed to be actively traded, resulting in a Level 1 valuation. Money Market Fund: Valued at the daily closing price as reported by the fund. Underlying short-term investments with quoted market prices in active markets to preserve the value of the investment at $1.00 per share. The fund is deemed to be actively traded, resulting in a Level 1 valuation. 9 BRADFORD & BARTHEL 401(K) PROFIT SHARING PLAN AND TRUSTNOTES TO THE FINANCIAL STATEMENTSDECEMBER 31, 2024 AND 2023NOTE 3: FAIR VALUE MEASUREMENTS (CONTINUED) The following tables set forth by level, within the fair value hierarchy, the Plan's investments at fair value as ofDecember 31, 2024 and 2023: Investments at Fair Value as of December 31, 2024Level 1 Level 2 Level 3 Total Mutual Funds$34,807,391$-$-$34,807,391Money Market Fund 386,469 - - 386,469 $35,193,860 $ -$ -$35,193,860 Investments at Fair Value as of December 31, 2023Level 1 Level 2 Level 3 Total Mutual Funds$28,767,989$-$-$28,767,989Money Market Fund 328,011 - - 328,011 $29,096,000 $ -$ -$29,096,000 NOTE 4: UNAUDITED INFORMATION - CERTIFIED INVESTMENTS The Plan Administrator has elected the method of compliance permitted by 29 CFR 2520.103-8 of the Department of Labor's Rules and Regulations for Reporting and Disclosure under ERISA. Substantially all information pertaining to the Plan's investments and notes receivable from participants included in the financial statements, including the associated investment income and interest income from notes receivable from participants, was obtained or derived from information supplied to the Plan Administrator and certified as complete and accurate by Fidelity Management Trust Company, the custodian of the Plan. This information has not been audited by independent accountants. NOTE 5: PLAN TERMINATION Although it has not expressed any intent to do so, the Company has the right under the Plan to discontinue its contributions at any time and to terminate the Plan subject to the provisions of ERISA. In the event of Plan termination, participants will become 100% vested in their accounts. NOTE 6: TAX STATUS On March 31, 2014, the Internal Revenue Service issued a favorable determination letter on the documents adopted by the Plan, noting that the Plan qualifies under Section 401(a) of the Internal Revenue Code (IRC). The Plan's administrator believes that the Plan's design and operations continue to comply with the applicable requirements of the IRC. Therefore, no provision for income taxes has been included in the Plan's financial statements. Accounting principles generally accepted in the United States of America require Plan management to evaluate tax positions taken by the Plan and recognize a tax liability (or asset) if the Plan has taken an uncertain position that more likely than not would not be sustained upon ex aminations by the IRS. The Plan Administrator has analyzed the tax positions taken by the Plan, and has concluded that as of December 31, 2024 and 2023, there are no uncertain positions taken or expected to be taken that would require recognition of a liability (or asset) or disclosure in the financial statements. The Plan is subject to routine audits by taxing jurisdictions; however, there are currently no audits for any tax periods in progress.10 BRADFORD & BARTHEL 401(K) PROFIT SHARING PLAN AND TRUSTNOTES TO THE FINANCIAL STATEMENTSDECEMBER 31, 2024 AND 2023NOTE 7: TRANSACTIONS WITH PARTIES-IN-INTEREST Party-in-interest transactions include those with fiduciaries or employees of the Plan, any person who provides services to the Plan, an Employer whose employees are covered by the Plan, or a person who owns fifty percent or more of such an Employer. Substantially all administrative expenses of the Plan are paid by the Plan Sponsor. Fees paid by the Plan for investment management services were included as a reduction of the return earned on each fund. The Plan h",1,"Employer Matching Contributions During our procedures to test that Employer Contributions were correctly calculated, we identified one exception out of eight employees tested.",,,general_match,1,"To the Plan Committee Bradford & Barthel 401(k) Profit Sharing Plan and Trust 2518 River Plaza Drive Sacramento, California 95866 Except as discussed in the following paragraph, in planning and performing our audit of the financial statements of the Bradford & Barthel 401(k) Profit Sharing Plan and Trust (the ""Plan""), an employee benefit plan subject to the Employee Retirement Income Security Act of 1974 (ERISA), as of and for the year ended December 31, 2024, in accordance with auditing standards generally accepted in the United States of America, we considered the Plan's system of internal control over financial reporting (internal control) as a basis for designing audit procedures that are appropriate in the circumstances for the purpose of issuing our report on the financial statements, but not for the purpose of expressing an opinion on the effectiveness of the Plan's internal control.",0,1,Eligibility Employees are eligible to make deferrals after three months of service and attaining age 21,1,vesting mentioned; collective bargaining mentioned,high
"PRESERVATION MANAGEMENT, INC. 401(K) PROFIT SHARING PLAN","PRESERVATION MANAGEMENT, INC. 401(K) PROFIT SHARING PLAN_2024.pdf","- 6 - 2024 Additions: Investment income: Interest and dividends 264,750$ Net appreciation in fair value of investments 769,462 1,034,212 Contributions: Participant contributions 629,632 Rollover contributions 14,331 Employer contributions 204,560 848,523 Total additions 1,882,735 Deductions: Distributions to participants 1,294,412 Administrative expenses 59,383 Total deductions 1,353,795 Net increase 528,940 Net assets available for benefits: Beginning of year 7,037,433 End of year 7,566,373 $ | Contributions to the Plan are made by both participating employees and the Company. Participants may contribute up to 100% of their gross compensation on a pre-tax and after-tax Roth basis, subject to Internal Re venue Code (""IRC"") limitations. Participants who meet the eligibility requirement and do not make an election will be automatically enrolled at 3% on a pre-tax basis. Participants who are at least age 50 may make an additional pretax ""catch-up"" contribution subject to IRC limitations. Participants may also contribute funds from another qualified retirement plan (""rollover contributions""), subject to certain requirements. Participant contributions may be matched by the Company at a percentage of the participants' contributions, as determined by the Company. For the plan year ended December 31, 2024, the Company made discretionary matching contributions of 100% of the first 1% of employee deferral contributions and 30% of the next 5% of employee deferral contributions for a maximum match of 2.5% of compensation. | Each participant's account is credited or charged with contributions, investment income, and administrative expenses. Investment income, including realized and unrealized gains and losses, and expenses are allocated to participants' accounts based on each participant's account balance within each fund. Participants determine the percentage in which contributions are to be invested in each fund. Participants may change their investment options as set forth in the plan document. The benefit to which a participant is entitled is the benefit that can be provided from the participant's vested account. | Vesting Participants are fully vested in that portion of their account which relates to their contributions and the income earned thereon. Participants become 100% vested in Company contributions upon death, total and permanent disability, or attainment of normal retirement age. | - 8 - Otherwise, a participant's interest in Company contributions and earnings thereon vests as follows: | Years of Service % Vested 1 2 0 % 2 4 0 % 3 6 0 % 4 8 0 % 5 1 0 0 % | Forfeitures When certain terminations of participation in the Plan occur, the non-vested portion of a participant's account represents a forfeiture, as defined by the Plan. If a forfeiting participant is re-employed and fulfills certain requirements, as set forth in the Plan, the participant's account will be restored. Forfeitures of company contributions are used to reduce company contributions or pay plan expenses. During the year, $44,909 of forfeitures were used to reduce employer contributions. Unallocated Assets The Plan holds assets in an unallocated, expense account which receives deposits as a result of a revenue sharing agreement with Empower Trust Company, LLC. Funds in the account are used to pay qualified plan ex penses including investment management fees. | A participant may also request a withdrawal upon attainment of age 59 ½. Participants may withdraw from their rollover account at any time. Notes Receivable from Participants Participants may borrow from their fund accounts a minimum of $1,000 up to a maximum equal to the lesser of $50,000 or 50 percent of their vested account balance. The loans are secured by the balance in the participant's account. Loans bear an interest rate of prime. All loans must be repaid within five years unless the proceeds are used to acquire a principal residence, in which case a longer repayment period is allowed. No more than two loans may be outstanding at any time. Loans will only be made for hardship or financial necessity. Principal and interest is generally paid ratably through payroll deductions each pay period. | Notes receivable from participants are measured at their unpaid principal balance plus any accrued but unpaid interest. Interest income is recorded on the accrual basis. No allowance for credit losses has been recorded as of December 31, 2024 or 2023. Delinquent participant loans are reclassified as distributions based upon the terms of the plan document. Contributions Contributions from plan participants and company contributions are recorded in the year in which the participant contributions are withheld from compensation. | G. PLAN TERMINATION: Although the Plan was established with the intention that it will continue indefinitely, the Company retains the right to discontinue its contributions at any time or to terminate the Plan, subject to the provisions of ERISA. In the event of plan termination, all participants will become 100% vested in their accounts. H. RISKS AND UNCERTAINTIES: The Plan invests in various investment securities. Investment securities are exposed to various risks, such as interest rate, market and credit risks. Market risks include global events which could impact the value of investment securities. Due to the level of risk associated with certain investment securities, it is at least reasonably possible that changes in the value of investment securities will occur in the near term and that such changes could materially affect participants' account balances and the amounts reported in the statements of net assets available for benefits.",1,"For the plan year ended December 31, 2024, the Company made discretionary matching contributions of 100% of the first 1% of employee deferral contributions and 30% of the next 5% of employee deferral contributions for a maximum match of 2.5% of compensation.",,100%,general_match,1,"Participants may contribute up to 100% of their gross compensation on a pre-tax and after-tax Roth basis, subject to Internal Re venue Code (""IRC"") limitations.",0,0,eligibility requirement and do not make an election will be automatically enrolled at 3% on a pre-tax basis,0,vesting mentioned,high
ARNDALE PROPERTY AND INVESTMENT CORP. 401(K) PLAN,ARNDALE PROPERTY AND INVESTMENT CORP. 401(K) PLAN_2024.pdf,,0,,,,,0,,0,0,,0,,low
SAMCART 401(K) PLAN,SAMCART 401(K) PLAN.csv,"AS OF DECEMBER 31, 2024 2023 Assets Noninterest-bearing cash $ 2,909 $ 2,541 Investments, at fair value 3,406,963 2,815,916 Receivables: Participants' contributions 18,232 28,103 Notes receivable from participants 3,157 11,078 Total assets 3,431,261 2,857,638 Liabilities Corrective distributions 15,537 38,296 Net assets available for benefits $ 3,415,724 $ 2,819,342 See notes to financial statements.SAMCA RT 401(k) PLA N STATEMENTS OF NET ASSETS AVAILABLE FOR BENEFITS Page 5 SAMCA RT 401(k) PLA N STATEMENT OF CHANGES IN NET ASSETS AVAILABLE FOR BENEFITS FOR THE YEA R ENDED DECEMBER 31, 2024 Additions Participants' contributions $ 682,802 Participants' rollover contributions 98,044 Interest income on notes receivable from participants 550 Dividend income on investments 74,809 Net appreciation of investments 350,889 Total additions 1,207,094 Deductions Benefits paid to participants 606,143 Administrative expenses 4,569 Total deductions 610,712 Net increase 596,382 Net assets available for benefits Beginning of year 2,819,342 End of year $ 3,415,724 See notes to financial statements. Page 6 SAMCART 401(k) PLAN NOTES TO FINANCIAL STATEMENTS DECEMBER 31, 2024 Page 71. PLAN DESCRIPTION The following description of the SamCart 401(k) Plan (the ""Plan"") provides only general information. Participants and other interested parties should refer to the Plan document for a more complete description of the Plan's provisions. General -The Plan is a defined contribution plan covering eligible employees who areemployed by SamCart (the ""Company"" and ""Plan Sponsor"") and have attained 21 years of age. The Plan is subject to the provisions of the Employee Retirement Income Security Act of 1974 (""ERISA ""), as amended . Contributions -Each year, participants may contribute pretax and Roth deferrals of up to 100 percent of eligible annual compensation, as defined and subject to certain limitations under the Internal Revenue Code (""IRC""). The Plan includes an automatic enrollment provision whereby all eligible employees are automatically enrolled at sixpercent of pretax annual compensation unless they elect otherwise. Participants who have attained age 50 before the end of the Plan year are eligible to make catch -up contributions. Participants may also contribute amounts representing distributions from other eligible retirement plans , as defined . Participants direct the investment of their contributions into various investment options offered by the Plan. The Plan provides for discretionary Company profit sharing contributions, none of which were made for the year ended December 31, 2024 . Participant Accounts -Each participant's account is credited with the participant's contribution s, as well as allocations of theCompany's profit sharing contribution , if any, and Plan earnings, and charged with any withdrawals or distributions requested by the participant, investment losses and allocation of administrative expenses, if applicable. Allocations are based on participant earnings or account balances, as defined. The benefit to which a participant is entitled is the benefit that can be provided from the participant's vested account. Vesting -Participants are vested immediately in their contributions plus actual earnings thereon. Vesting in the Company's contribution portion of their accounts is based on years of service. Participants are vested in Company contributions over a six-year period, as defined. Forfeitures -Forfeitures may be used to pay Plan administrative expenses or to reduce future Company contributions and total $822and $537as of December 31, 2024 and 2023 , respectively. During the year ended December 31, 2024 ,no forfeitures were utilized. Corrective Distributions -Amounts payable to participants for contributions in excess of amounts allowed by the IRS are recorded as a liability with a corresponding reduction to contributions. The Plan distributed the 2024 and 2023 excess contributions to the applicable participants prior to June 30th of the subsequent year. Payment of Benefits -On termination of service for any reason, a participant or their beneficiaries, as applicable, may elect to receive a lump -sum amount equal to the value of the participant's vested interest in their account. The Plan provides for a mandatory cash-out following severance of employment for account balances less than $5,000. SAMCART 401(k) PLAN NOTES TO FINANCIAL STATEMENTS DECEMBER 31, 2024 Page 82. SUMMARY OF SIGNIFICANT ACCOUNTING POLICIES Basis of Accounting -The accompanying financial statements have been prepared on the accrual basis of accounting ,in accordance with accounting principles generally accepted in the United States of America . Estimates -The preparation of financial statements in conformity with accounting principles generally accepted in the United States of America requires the plan administrator to make estimates and assumptions that affect the reported amounts of assets and liabilities and changes therein, and disclosure of contingent assets and liabilities. Actual results could differ from those estimates. Contributions -Contributions from Plan participants are recorded in the year in which the participant contributions are withheld from compensation. Investment Valuation and Income Recognition -The Plan's investments are reported at fair value . Fair value is the price that would be received to sell an asset or paid to transfer a liability in an orderly transaction between market participants at the measurement date. Investments are valued daily. Purchases and sales of securities are recorded on a trade -date basis. Interest income is recorded on an accrual basis. Dividends are recorded on the ex -dividend date. Net appreciation includes the Plan's gains and losses on investments bought and sold as well as held during the year. Notes Receivable from Participants -Notes receivable from participants are measured at their unpaid principal balance plus any accrued but unpaid interest. Interest income is recorded on the accrual basis. Related fees are recorded as administrative expenses and are expensed when they are incurred. Administrative Expenses -Certain administrative expenses incidental to the administration of the Plan may be paid by the Plan, unless otherwise paid by the Company. Administrative expenses paid by the Company are excluded from these financial statements . Most investment options have fees which reduce the overall return on assets. The net appreciation of investments is reflected net of these fees. Benefits Payable to Participants -Benefits are recorded when paid. Subsequent Events -The Company has evaluated subsequent events through June 23,2025 , which is the date that the financial statements were available to be issued, and determined that there were no subsequent events or transactions that required recognition or disclosure in the financial statements. 3. FAIR VALUE The Plan accounts for its financial instruments using a fair value hierarchy that prioritizes the inputs to valuation techniques used to measure fair value. The hierarchy gives the highest priority to unadjusted quoted prices in active markets for identical assets or liabilities (Level 1) and the lowest priority to unobservable inputs ( Level 3). SAMCART 401(k) PLAN NOTES TO FINANCIAL STATEMENTS DECEMBER 31, 2024 Page 9The three levels of the fair value hierarchy are the following: Level 1 –Inputs to the valuation methodology that are unadjusted quoted prices for identical assets or liabilities in active markets that the Plan has the ability to access. Level 2 –Inputs other than Level 1 that are observable, either directly or indirectly, such as quoted prices for similar assets or liabilities in active markets; quoted prices for identical or similar assets or liabilities in markets that are inactive; or other inputs that are observable or can be corroborated by observable market data for substantially the full term of the assets or liabilities. Level 3 –Inputs to the valuation that are unobservable and significant to the fair value measurement. A financial instrument's categorization within the valuation hierarchy is based upon the lowest level of input that is significant to the fair value measurement. The following is a description of the valuation methodologies used for assets measured at fair value. There have been no changes in the methodologies used at December 31, 2024 and 2023 . Mutual Funds –This category consists of publicly traded funds of registered investment companies. The net asset value of the mutual fund's shares is quoted on the exchange where the fund is traded and therefore classified as Level 1 within the valuation hierarchy. All of the Plan's investments are Level 1 and the following table sets forth the Plan's investments at fair value: As of December 31, 2024 2023 Mutual funds $ 3,406,963 $2,815,916 Total investments at fair value $ 3,406,963 $2,815,916 4. FINANCIAL DATA CERTIFIED BY THE CUSTODIAN The plan administrator has elected the method of compliance permitted by 29 CFR 2520.103 -8 of the Department of Labor Rules and Regulations for Reporting and Disclosure under ERISA. Accordingly, as permitted under such election, the following information was obtained by management and agreed to or derived from information certified as complete and accurate by Benefit Trust Company (the ""Custodian "")and was not subjected to any auditing procedures performed by the independent public accountants: a. Noninterest -bearing cash, investments ,at fair value, and notes receivable from participants as shown in the accompanying statements of net assets available for benefits as of December 31, 2024 and 2023 . b. Net appreciation of investments, dividend income on investments, and interest income on notes receivable from participants as shown in the accompanying statement of changes in net assets available for benefits for the year ended December 31, 2024 . SAMCART 401(k) PLAN NOTES TO FINANCIAL STATEMENTS DECEMBER 31, 2024 Page 10c. Investments and participant loans as listed in the accompanying Schedule H, Line 4i - Schedule of Assets (Held at End of Year) as of December 31, 2024 . 5. NOTES RECEIVABLE FROM PARTICIPANTS Participants may borrow from their fund accounts up to a maximum equal to the lesser of $50,000 less the highest outstanding loan balance during the prior 12 months or 50 percent of their vested account balance. Loans are generally issued with a maturity of up to five years. The term of any loan for the purpose of purchasing a primary residence shall not exceed 10years. The loan interest rate is set at onepercent above the prime rate, as defined. Principal and interest are paid ratably through payroll deductions. 6. RISKS AND UNCERTAINTIES The Plan invests in various investment securities. Investment securities are exposed to various risks, such as interest rate, market and credit risks. Market risks include global events which could impact the value of investment securities, such as a pandemic or international conflict. Due to the level of risk associated with certain investment securities, it is at least reasonably possible that changes in the values of investment securities will occur in the near term and that such changes could materially affect participants' account balances and the amounts reported in the statements of net assets available for benefits. 7. PLAN TERMINATION The Company has the right under the Plan to discontinue its contributions at any time and to terminate the Plan,subject to the provisions of ERISA. In the event of Plan termination, participants would become 100 percent vested in their Company contributions. 8. TAX STATUS The Company adopted a non -standardized pre -approved profit sharing plan which is the subject of a favorable tax opinion letter from the IRS dated September 26, 2024 .The plan administrator believes the Plan is currently being operated in accordance with the applicable provisions of the IRCand, accordingly, the plan administrator believes that the Plan is exempt from income taxes. Accounting principles generally accepted in the United States of America require sPlan management to evaluate tax positions taken by the Plan and recognize a tax liability (or asset) if the Company has taken a significant uncertain position that more likely than not would not be sustained upon examination by the IRS. The plan administrator has analyzed the tax positions taken by the Plan, and has concluded that as of December 31, 2024 , there are no uncertain positions taken or expected to be taken. The Plan is subject to routine audits by taxing jurisdictions; however, there are currently no audits for any tax periods in progress. SAMCART 401(k) PLAN NOTES TO FINANCIAL STATEMENTS DECEMBER 31, 2024 Page 119. RELATED PARTY AND PARTY IN INTEREST TRANSACTIONS Plan investments are held by the Custodian . Transactions with the Custodian qualify as party in interest transactions for which exemptions exist.Guideline RK, LLC, the recordkeeper, received $2,048 for administration fees and Guideline Investments, LLC, the investment advisor, received $2,521 for investment management services, all of which were paid by the participants through the Plan. 10. RECONCILIATION OF FINANCIAL STATEMENTS TO FORM 5500 The following is a reconciliation of net assets available for benefits per the financial statements to the Form 5500 : As of December 31, 2024 2023 Net assets available for benefits per the financial statements $3,415,724 $2,819,342 Participants' contributions receivable (18,232) (28,103) Corrective distributions 15,537 38,296 Net assets available for benefits per the Form 5500 $3,413,029 $2,829,535 The following is a reconciliation of the net increase in net assets available for benefits per the financial statements to the Form 5500: For the year ended December 31, 2024 Net increase in net assets available for benefits per the financial statements $596,382 Change in participants' contributions receivable 9,871 Change in corrective distributions (22,759) Net increase in net assets available for benefits per the Form 5500 $583,494 Current Identity of issue Description of investment value Investments Vanguard Bond Index Fund Mutual Fund $ 325,015 Vanguard Long-Term Bond Index Fund Mutual Fund 3,168 Vanguard Short-Term Bond Index Fund Mutual Fund 9,081 Vanguard Intermediate Bond Index Fund Mutual Fund 4,260 Vanguard High Dividend Yield Index Fund Mutual Fund 10,561 Vanguard Short-Term Inflation Protected Securities Index Fund Mutual Fund 20,328 Vanguard Total International Bond Index Fund Mutual Fund 104,196 Vanguard Industrials Index Fund Mutual Fund 1,057 Vanguard Reserve Federal Money Market Fund Money Market Mutual Fund 40 Vanguard Specialized Dividend Appreciation Index Fund Mutual Fund 45,003 Vanguard FTSE Social Index Fund Mutual Fund 8,983 Vanguard Small Cap Value Index Fund Mutual Fund 36,824 Vanguard Mid-Cap Value Index Fund Mutual Fund 9,140 Vanguard Small Cap Growth Index Fund Mutual Fund 6,429 Vanguard International Dividend Appreciation Fund Mutual Fund 4,216 Vanguard Telecom Services Index Fund Mutual Fund 1,108 Vanguard Materials Index Fund Mutual Fund 1,050 Vanguard Information Technology Index Fund Mutual Fund 19,682 Vanguard Financials Index Fund Mutual Fund 7,766 Vanguard Energy Index Fund Mutual Fund 10,267 Vanguard Large Cap Index Fund Mutual Fund 41,055 Vanguard Mid Cap Index Fund Mutual Fund 4,446 Vanguard Growth Index Fund Mutual Fund 87,106 Vanguard Value Index Fund Mutual Fund 6,638 Vanguard Small Cap Index Fund Mutual Fund 15,065 Vanguard Index 500 Fund Mutual Fund 128,380 Vanguard Total Stock Index Fund Mutual Fund 1,482,753 Vanguard Institutional Stock Index Fund Mutual Fund 12,514 Vanguard FTSE All W orld ex-U.S. Index Fund Mutual Fund 14,853 Vanguard Developed Markets Index Fund Mutual Fund 544,162 Vanguard Pacific Stock Index Fund Mutual Fund 3,183 Vanguard European Stock Index Fund Mutual Fund 6,370 Vanguard Emerging Markets Stock Fund Mutual Fund 294,665 Vanguard Specialized Dividend REIT Index Fund Mutual Fund 137,599 3,406,963 * Participant loans Interest rates from 9.25% to 9.50%, maturity date in 2028 3,157 $ 3,410,120 * Indicates a party in interest to the Plan. See notes to financial statements and accompanying independent auditor's report.DECEMBER 31, 2024SAMCA RT 401(k) PLA N SCHEDULE H, LINE 4i - SCHEDULE OF A SSETS (HELD A T END OF YEA R)EIN 47-1745935 PLA N #001 Page 12 | AS OF DECEMBER 31, 2024 2023 Assets Noninterest-bearing cash $ 2,909 $ 2,541 Investments, at fair value 3,406,963 2,815,916 Receivables: Participants' contributions 18,232 28,103 Notes receivable from participants 3,157 11,078 Total assets 3,431,261 2,857,638 Liabilities Corrective distributions 15,537 38,296 Net assets available for benefits $ 3,415,724 $ 2,819,342 See notes to financial statements.SAMCA RT 401(k) PLA N STATEMENTS OF NET ASSETS AVAILABLE FOR BENEFITS Page 5 SAMCA RT 401(k) PLA N STATEMENT OF CHANGES IN NET ASSETS AVAILABLE FOR BENEFITS FOR THE YEA R ENDED DECEMBER 31, 2024 Additions Participants' contributions $ 682,802 Participants' rollover contributions 98,044 Interest income on notes receivable from participants 550 Dividend income on investments 74,809 Net appreciation of investments 350,889 Total additions 1,207,094 Deductions Benefits paid to participants 606,143 Administrative expenses 4,569 Total deductions 610,712 Net increase 596,382 Net assets available for benefits Beginning of year 2,819,342 End of year $ 3,415,724 See notes to financial statements. Page 6 SAMCART 401(k) PLAN NOTES TO FINANCIAL STATEMENTS DECEMBER 31, 2024 Page 71. PLAN DESCRIPTION The following description of the SamCart 401(k) Plan (the ""Plan"") provides only general information. Participants and other interested parties should refer to the Plan document for a more complete description of the Plan's provisions. General -The Plan is a defined contribution plan covering eligible employees who areemployed by SamCart (the ""Company"" and ""Plan Sponsor"") and have attained 21 years of age. The Plan is subject to the provisions of the Employee Retirement Income Security Act of 1974 (""ERISA ""), as amended . Contributions -Each year, participants may contribute pretax and Roth deferrals of up to 100 percent of eligible annual compensation, as defined and subject to certain limitations under the Internal Revenue Code (""IRC""). The Plan includes an automatic enrollment provision whereby all eligible employees are automatically enrolled at sixpercent of pretax annual compensation unless they elect otherwise. Participants who have attained age 50 before the end of the Plan year are eligible to make catch -up contributions. Participants may also contribute amounts representing distributions from other eligible retirement plans , as defined . Participants direct the investment of their contributions into various investment options offered by the Plan. The Plan provides for discretionary Company profit sharing contributions, none of which were made for the year ended December 31, 2024 . Participant Accounts -Each participant's account is credited with the participant's contribution s, as well as allocations of theCompany's profit sharing contribution , if any, and Plan earnings, and charged with any withdrawals or distributions requested by the participant, investment losses and allocation of administrative expenses, if applicable. Allocations are based on participant earnings or account balances, as defined. The benefit to which a participant is entitled is the benefit that can be provided from the participant's vested account. Vesting -Participants are vested immediately in their contributions plus actual earnings thereon. Vesting in the Company's contribution portion of their accounts is based on years of service. Participants are vested in Company contributions over a six-year period, as defined. Forfeitures -Forfeitures may be used to pay Plan administrative expenses or to reduce future Company contributions and total $822and $537as of December 31, 2024 and 2023 , respectively. During the year ended December 31, 2024 ,no forfeitures were utilized. Corrective Distributions -Amounts payable to participants for contributions in excess of amounts allowed by the IRS are recorded as a liability with a corresponding reduction to contributions. The Plan distributed the 2024 and 2023 excess contributions to the applicable participants prior to June 30th of the subsequent year. Payment of Benefits -On termination of service for any reason, a participant or their beneficiaries, as applicable, may elect to receive a lump -sum amount equal to the value of the participant's vested interest in their account. The Plan provides for a mandatory cash-out following severance of employment for account balances less than $5,000. SAMCART 401(k) PLAN NOTES TO FINANCIAL STATEMENTS DECEMBER 31, 2024 Page 82. SUMMARY OF SIGNIFICANT ACCOUNTING POLICIES Basis of Accounting -The accompanying financial statements have been prepared on the accrual basis of accounting ,in accordance with accounting principles generally accepted in the United States of America . Estimates -The preparation of financial statements in conformity with accounting principles generally accepted in the United States of America requires the plan administrator to make estimates and assumptions that affect the reported amounts of assets and liabilities and changes therein, and disclosure of contingent assets and liabilities. Actual results could differ from those estimates. Contributions -Contributions from Plan participants are recorded in the year in which the participant contributions are withheld from compensation. Investment Valuation and Income Recognition -The Plan's investments are reported at fair value . Fair value is the price that would be received to sell an asset or paid to transfer a liability in an orderly transaction between market participants at the measurement date. Investments are valued daily. Purchases and sales of securities are recorded on a trade -date basis. Interest income is recorded on an accrual basis. Dividends are recorded on the ex -dividend date. Net appreciation includes the Plan's gains and losses on investments bought and sold as well as held during the year. Notes Receivable from Participants -Notes receivable from participants are measured at their unpaid principal balance plus any accrued but unpaid interest. Interest income is recorded on the accrual basis. Related fees are recorded as administrative expenses and are expensed when they are incurred. Administrative Expenses -Certain administrative expenses incidental to the administration of the Plan may be paid by the Plan, unless otherwise paid by the Company. Administrative expenses paid by the Company are excluded from these financial statements . Most investment options have fees which reduce the overall return on assets. The net appreciation of investments is reflected net of these fees. Benefits Payable to Participants -Benefits are recorded when paid. Subsequent Events -The Company has evaluated subsequent events through June 23,2025 , which is the date that the financial statements were available to be issued, and determined that there were no subsequent events or transactions that required recognition or disclosure in the financial statements. 3. FAIR VALUE The Plan accounts for its financial instruments using a fair value hierarchy that prioritizes the inputs to valuation techniques used to measure fair value. The hierarchy gives the highest priority to unadjusted quoted prices in active markets for identical assets or liabilities (Level 1) and the lowest priority to unobservable inputs ( Level 3). SAMCART 401(k) PLAN NOTES TO FINANCIAL STATEMENTS DECEMBER 31, 2024 Page 9The three levels of the fair value hierarchy are the following: Level 1 –Inputs to the valuation methodology that are unadjusted quoted prices for identical assets or liabilities in active markets that the Plan has the ability to access. Level 2 –Inputs other than Level 1 that are observable, either directly or indirectly, such as quoted prices for similar assets or liabilities in active markets; quoted prices for identical or similar assets or liabilities in markets that are inactive; or other inputs that are observable or can be corroborated by observable market data for substantially the full term of the assets or liabilities. Level 3 –Inputs to the valuation that are unobservable and significant to the fair value measurement. A financial instrument's categorization within the valuation hierarchy is based upon the lowest level of input that is significant to the fair value measurement. The following is a description of the valuation methodologies used for assets measured at fair value. There have been no changes in the methodologies used at December 31, 2024 and 2023 . Mutual Funds –This category consists of publicly traded funds of registered investment companies. The net asset value of the mutual fund's shares is quoted on the exchange where the fund is traded and therefore classified as Level 1 within the valuation hierarchy. All of the Plan's investments are Level 1 and the following table sets forth the Plan's investments at fair value: As of December 31, 2024 2023 Mutual funds $ 3,406,963 $2,815,916 Total investments at fair value $ 3,406,963 $2,815,916 4. FINANCIAL DATA CERTIFIED BY THE CUSTODIAN The plan administrator has elected the method of compliance permitted by 29 CFR 2520.103 -8 of the Department of Labor Rules and Regulations for Reporting and Disclosure under ERISA. Accordingly, as permitted under such election, the following information was obtained by management and agreed to or derived from information certified as complete and accurate by Benefit Trust Company (the ""Custodian "")and was not subjected to any auditing procedures performed by the independent public accountants: a. Noninterest -bearing cash, investments ,at fair value, and notes receivable from participants as shown in the accompanying statements of net assets available for benefits as of December 31, 2024 and 2023 . b. Net appreciation of investments, dividend income on investments, and interest income on notes receivable from participants as shown in the accompanying statement of changes in net assets available for benefits for the year ended December 31, 2024 . SAMCART 401(k) PLAN NOTES TO FINANCIAL STATEMENTS DECEMBER 31, 2024 Page 10c. Investments and participant loans as listed in the accompanying Schedule H, Line 4i - Schedule of Assets (Held at End of Year) as of December 31, 2024 . 5. NOTES RECEIVABLE FROM PARTICIPANTS Participants may borrow from their fund accounts up to a maximum equal to the lesser of $50,000 less the highest outstanding loan balance during the prior 12 months or 50 percent of their vested account balance. Loans are generally issued with a maturity of up to five years. The term of any loan for the purpose of purchasing a primary residence shall not exceed 10years. The loan interest rate is set at onepercent above the prime rate, as defined. Principal and interest are paid ratably through payroll deductions. 6. RISKS AND UNCERTAINTIES The Plan invests in various investment securities. Investment securities are exposed to various risks, such as interest rate, market and credit risks. Market risks include global events which could impact the value of investment securities, such as a pandemic or international conflict. Due to the level of risk associated with certain investment securities, it is at least reasonably possible that changes in the values of investment securities will occur in the near term and that such changes could materially affect participants' account balances and the amounts reported in the statements of net assets available for benefits. 7. PLAN TERMINATION The Company has the right under the Plan to discontinue its contributions at any time and to terminate the Plan,subject to the provisions of ERISA. In the event of Plan termination, participants would become 100 percent vested in their Company contributions. 8. TAX STATUS The Company adopted a non -standardized pre -approved profit sharing plan which is the subject of a favorable tax opinion letter from the IRS dated September 26, 2024 .The plan administrator believes the Plan is currently being operated in accordance with the applicable provisions of the IRCand, accordingly, the plan administrator believes that the Plan is exempt from income taxes. Accounting principles generally accepted in the United States of America require sPlan management to evaluate tax positions taken by the Plan and recognize a tax liability (or asset) if the Company has taken a significant uncertain position that more likely than not would not be sustained upon examination by the IRS. The plan administrator has analyzed the tax positions taken by the Plan, and has concluded that as of December 31, 2024 , there are no uncertain positions taken or expected to be taken. The Plan is subject to routine audits by taxing jurisdictions; however, there are currently no audits for any tax periods in progress. SAMCART 401(k) PLAN NOTES TO FINANCIAL STATEMENTS DECEMBER 31, 2024 Page 119. RELATED PARTY AND PARTY IN INTEREST TRANSACTIONS Plan investments are held by the Custodian . Transactions with the Custodian qualify as party in interest transactions for which exemptions exist.Guideline RK, LLC, the recordkeeper, received $2,048 for administration fees and Guideline Investments, LLC, the investment advisor, received $2,521 for investment management services, all of which were paid by the participants through the Plan. 10. RECONCILIATION OF FINANCIAL STATEMENTS TO FORM 5500 The following is a reconciliation of net assets available for benefits per the financial statements to the Form 5500 : As of December 31, 2024 2023 Net assets available for benefits per the financial statements $3,415,724 $2,819,342 Participants' contributions receivable (18,232) (28,103) Corrective distributions 15,537 38,296 Net assets available for benefits per the Form 5500 $3,413,029 $2,829,535 The following is a reconciliation of the net increase in net assets available for benefits per the financial statements to the Form 5500: For the year ended December 31, 2024 Net increase in net assets available for benefits per the financial statements $596,382 Change in participants' contributions receivable 9,871 Change in corrective distributions (22,759) Net increase in net assets available for benefits per the Form 5500 $583,494 Current Identity of issue Description of investment value Investments Vanguard Bond Index Fund Mutual Fund $ 325,015 Vanguard Long-Term Bond Index Fund Mutual Fund 3,168 Vanguard Short-Term Bond Index Fund Mutual Fund 9,081 Vanguard Intermediate Bond Index Fund Mutual Fund 4,260 Vanguard High Dividend Yield Index Fund Mutual Fund 10,561 Vanguard Short-Term Inflation Protected Securities Index Fund Mutual Fund 20,328 Vanguard Total International Bond Index Fund Mutual Fund 104,196 Vanguard Industrials Index Fund Mutual Fund 1,057 Vanguard Reserve Federal Money Market Fund Money Market Mutual Fund 40 Vanguard Specialized Dividend Appreciation Index Fund Mutual Fund 45,003 Vanguard FTSE Social Index Fund Mutual Fund 8,983 Vanguard Small Cap Value Index Fund Mutual Fund 36,824 Vanguard Mid-Cap Value Index Fund Mutual Fund 9,140 Vanguard Small Cap Growth Index Fund Mutual Fund 6,429 Vanguard International Dividend Appreciation Fund Mutual Fund 4,216 Vanguard Telecom Services Index Fund Mutual Fund 1,108 Vanguard Materials Index Fund Mutual Fund 1,050 Vanguard Information Technology Index Fund Mutual Fund 19,682 Vanguard Financials Index Fund Mutual Fund 7,766 Vanguard Energy Index Fund Mutual Fund 10,267 Vanguard Large Cap Index Fund Mutual Fund 41,055 Vanguard Mid Cap Index Fund Mutual Fund 4,446 Vanguard Growth Index Fund Mutual Fund 87,106 Vanguard Value Index Fund Mutual Fund 6,638 Vanguard Small Cap Index Fund Mutual Fund 15,065 Vanguard Index 500 Fund Mutual Fund 128,380 Vanguard Total Stock Index Fund Mutual Fund 1,482,753 Vanguard Institutional Stock Index Fund Mutual Fund 12,514 Vanguard FTSE All W orld ex-U.S. Index Fund Mutual Fund 14,853 Vanguard Developed Markets Index Fund Mutual Fund 544,162 Vanguard Pacific Stock Index Fund Mutual Fund 3,183 Vanguard European Stock Index Fund Mutual Fund 6,370 Vanguard Emerging Markets Stock Fund Mutual Fund 294,665 Vanguard Specialized Dividend REIT Index Fund Mutual Fund 137,599 3,406,963 * Participant loans Interest rates from 9.25% to 9.50%, maturity date in 2028 3,157 $ 3,410,120 * Indicates a party in interest to the Plan. See notes to financial statements and accompanying independent auditor's report.DECEMBER 31,",0,,,,,1,"Contributions -Each year, participants may contribute pretax and Roth deferrals of up to 100 percent of eligible annual compensation, as defined and subject to certain limitations under the Internal Revenue Code (""IRC"").",0,1,,0,vesting mentioned,medium
"BNCCORP, INC. 401(K) SAVINGS PLAN","BNCCORP, INC. 401(K) SAVINGS PLAN_2024.pdf","CliftonLarsonAllen LLP CLAconnect.com CLA (CliftonLarsonAllen LLP) is an independent network member of CLA Global. See CLAglobal.com/disclaimer . INDEPENDENT AUDITORS' REPORT 401(k) Administrative Committee BNCCORP, INC. 401(k) Savings Plan Bismarck, North Dakota Report on the Audit of the Financial Statements Scope and Nature of the ERISA Section 103(a)(3)(C) Audit We have performed audits of the accompanying financial statements of BNCCORP, INC. 401(k) SavingsPlan, an employee benefit plan subject to the Employee Retirement Income Security Act of 1974 (ERISA), as permitted by ERISA Section 103(a)(3)(C) (ERISA Section 103(a)(3)(C) audit). The financial statements comprise the statements of net assets available for benefits as of December 31, 2024 and 2023, and the related statements of changes in net assets available for benefits for the years then ended, and the related notes to the financial statements. Management, having determined it is permissible in the circumstances, has elected to have the audits of BNCCORP, INC. 401(k) Savings Plan's financial statements performed in accordance with ERISA Section 103(a)(3)(C) pursuant to 29 CFR 2520.103-8 of the Department of Labor's Rules andRegulations for Reporting and Disclosure under ERISA. As permitted by ERISA Section 103(a)(3) (C), our audits need not extend to any statements or information related to assets held for investment of the plan (investment information) by a bank or similar institution or insurance carrier that is regulated, supervised, and subject to periodic examination by a state or federal agency, provided that the statements or information regarding assets so held are prepared and certified to by the bank or similar institution or insurance carrier in accordance with 29 CFR 2520.103-5 of the Department of Labor's Rulesand Regulations for Reporting and Disclosure under ERISA (qualified institution). Management has obtained certifications from a qualified institution as of December 31, 2024 and 2023, and for the years then ended, stating that the certified investment information, as described in Note 3 to the financial statements, is complete and accurate. Opinion In our opinion, based on our audits and on the procedures performed as described in the Auditors' Responsibilities for the Audit of the Financial Statements section the amounts and disclosures in the financial statements referred to above, other than those agreed to or derived from the certified investment information, are presented fairly, in all material respects, in accordance with accounting principles generally accepted in the United States of America. the information in the financial statements referred to above related to assets held by and certified to by a qualified institution agrees to, or is derived from, in all material respects, the information prepared and certified by an institution that management determined meets the requirements ofERISA Section 103(a)(3)(C). 1 401(k) Administrative Committee BNCCORP, INC. 401(k) Savings Plan Basis for Opinion We conducted our audits in accordance with auditing standards generally accepted in the United States of America (GAAS). Our responsibilities under those standards are further described in the Auditors ' Responsibilities for the Audit of the Financial Statements section of our report. We are required to be independent of BNCCORP, INC. 401(k) Savings Plan and to meet our other ethical responsibilities in accordance with the relevant ethical requirements relating to our audits. We believe that the audit evidence we have obtained is sufficient and appropriate to provide a basis for our ERISA Section 103(a)(3 )(C) audit opinion. Responsibilities of Management for the Financial Statements Management is responsible for the preparation and fair presentation of the financial statements in accordance with accounting principles generally accepted in the United States of America, and for the design, implementation, and maintenance of internal control relevant to the preparation and fair presentation of financial statements that are free from material misstatement, whether due to fraud or error. Management 's election of the ERISA Section 103(a)(3)(C) audit does not affect management 's responsibilit y for the financial statements. In preparing the financial statements, management is required to evaluate whether there are conditions or events, considered in the aggregate, that raise substantial doubt about BNCCORP, INC. 401(k) Savings Plan's ability to continue as a going concern for one year after the date that the financial statements are available to be issued . Management is also responsible for maintaining a current Plan instrument, including all Plan amendments, administering the Plan, and determining that the Plan's transactions that are presented and disclosed in the financial statements are in conformity with the Plan's provisions, including maintaining sufficient records with respect to each of the participants, to determine the benefits due or which may become due to such participants. Auditor s'Responsibilities for the Audit of the Financial Statements Except as described in the Scope and Nature of the ERISA Section 103(a)(3)(C) Audit section of our report, our objectives are to obtain reasonable assurance about whether the financial statements as a whole are free from material misstatement, whether due to fraud or error, and to issue an auditor s'report that includes our opinion. Reasonable assurance is a high level of assurance but is not absolute assurance and therefore is not a guarantee that an audit conducted in accordance with GAAS will always detect a material misstatement when it exists. The risk of not detecting a material misstatement resulting from fraud is higher than for one resulting from error, as fraud may involve collusion, forgery, intentional omissions, misrepresentations, or the overri de of internal control. Misstatements are considered material ifthere is a substantial likelihood that , individually or in the aggregate, they would influence the judgment made by a reasonable user based on the financial statements . In performing an audit in accordance with GAAS, we: Exercise professional judgment and maintain professional skepticism throughout the audit. 2 401(k) Administrative Committee BNCCORP, INC. 401(k) Savings Plan Identify and assess the risks of material misstatement of the financial statements, whether due to fraud or error, and design and perform audit procedures responsive to those risks. Such procedures include examining, on a test basis, evidence regarding the amounts and disclosures in the financial statements. Obtain an understanding of internal control relevant to the audit in order to design audit procedures that are appropriate in the circumstances, but not for the purpose of expressing an opinion on the effectiveness of the BNCCORP, INC. 401(k) Savings Plan's internal control. Accordingly, no such opinion is expressed. Evaluate the appropriateness of accounting policies used and the reasonableness of significant accounting estimates made by management, as well as evaluate the overall presentation of the financial statements. Conclude whether, in our judgment, there are conditions or events, considered in the aggregate, that raise substantial doubt about BNCCORP, INC. 401(k) Savings Plan 's ability to continue as a going concern for a reasonable period of time. Our audits did not extend to the certified investment information, except for obtaining and reading the certification, comparing the certified investment information with the related information presented and disclosed in the financial statements, and reading the disclosures relating to the certified investment information to assess whether they are in accordance with the presentation and disclosure requirements of accounting principles generally accepted in the United States of America. Accordingly, the objective of an ERISA Section 103(a)(3)(C) audit is not to express an opinion about whether the financial statements as a whole are presented fairly, in all material respects, in accordance with accounting principles generally accepted in the United States of America. We are required to communicate with those charged with governance regarding, among other matters, the planned scope and timing of the audit, significant audit findings, and certain internal control related matters that we identified during the audit. Other Matter —Supplemental Schedule Required by ERISA The supplemental schedule of assets (held at year end) as ofDecember 31, 2024 is presented for purposes of additional analysis and is not a required part of the financial statements but is supplementary information required by the Department of Labor 's Rules and Regulations for Reporting and Disclosure under ERISA. Such information is the responsibility of management and was derived from and relates directly to the underlying accounting and other records used to prepare the financial statements. The information included in the supplemental schedule, other than that agreed to or deri ved from the certified investment information, has been subjected to auditing procedures applied in the audits of the financial statements and certain additional procedures, including comparing and reconciling such information directly to the underlying accounting and other records used to prepare the financial statements or to the financial statements themselves, and other additional procedures in accordance with GAAS. For information included in the supplemental schedule that agreed to or is derived from the certified investment information, we compared such information to the related certified investment information. 3 401(k) Administrative Committee BNCCORP, INC. 401(k) Savings Plan In forming our opinion on the supplemental schedule, we evaluated whether the supplemental schedule, other than the information agreed to or derived from the certified investment information, including its form and content, is presented in conformity with the Department of Labor 's Rules and Regulations for Reporting and Disclosure under ERISA. In our opinion the form and content of the supplemental schedule, other than the information in the supplemental schedule that agreed to or is derived from the certified investment information, is presented, in all material respects, in conformity with the Department of Labor 's Rules and Regulations for Reporting and Disclosure under ERISA. the information in the supplemental schedule related to assets held byand certified to by a qualified institution agrees to, or is derived from, in all material respects, the information prepared and certified by an institution that management determined meets the requirements of ERISA Section 103(a)(3)(C). CliftonLarsonAllen LLP Orlando, Florida April 21, 2025 4 BNCCORP, INC. 401(k) SAVINGS PLAN Statements of Net Assets Available for Benefits December 31, 2024 and 2023 20242023 Assets: Investments, at fair value: Interest-bearing cash $5,518,528 5,164,082 Mutual funds and exchange traded funds 34,689,297 31,149,722 Common stock of BNCCORP, INC. 719,985 641,136 Total investments 40,927,810 36,954,940 Receivables: Notes receivable from participants 157,763 128,565 Employer contribution receivable 442,476 467,918 Total receivables 600,239 596,483 Net assets available for benefits $41,528,049 37,551,423 See accompanying notes to financial statements. | (1) Description of the Plan (a) General The BNCCORP, INC. 401(k) Savings Plan (the Plan), as amended, was established effective February 1, 1992 as a profit sharing plan under Section 401(a) of the Internal Revenue Code (the Code) and includes a cash or def erred arrangement under Section 401(k) of the Code. The Plan is subject to the provisions of the Employee Retirement Income Security Act of 1974. The following is not a comprehensive description of the Plan and, therefore, does not include all situations and limitations covered by the Plan. Participants should refer to the plan document for more complete information. BNCCORP, INC. (the Company) is the sponsor and administrator of the Plan and BN C National Bank (the Bank), a wholly owned subsidiary of the Company, is named as trustee. The individual mutual fund companies are the asset cus todians. The Bank as trustee is responsible for executing investment transactions at the direction of plan participants . The BNCCORP, INC. Board of Directors is responsible for the oversight of the Plan. Expenses related to the management, operation, and a dministration of the Plan were paid by the Company. (b) Eligibility and Contributions Employees of the Company who have attained the age of 21 are eligible to enter into the elective deferral portion of the Plan on the first day of the month following their da te of hire. Employees who are participating in the elective deferral portion of the Plan are eligible to receive matching contributions as of January 1 and July 1 following the completion of one year of service, worked 1,000 hours and are employed on the last day of the plan year. Employees of the Company who have attaine d age 21 and have completed two years of service become eligible for discretionary Company contributions on the first day of the following January or July. Participants can make salary deferral contributions (employee contributions) to the Plan of up to 75% of their annual compensation, subject to certain annually adjusted maximum amounts permitted by the Code. In addition, participants can elect to contribute amounts representing distri butions from other qualified plans (rollover contributions). The Plan allows, but does not require, the Company to make matching contributions on a portion of each employee's contribution and to make a discretionary contribution to eligible participants of the Plan. In 2024 and 2023, the Company matched 50% of eligible participants ' deferrals, with a maximum match of 5% of eligible compensation. The Company made matching cont ributions of $442,476 and $467,918 for the years ended December 31, 2024 and 2023, respectively. There were no discretionary contributions made to the Plan during the years ended December 31, 2024 or 2023. (c) Participant Accounts Each participant's account is credited semimonthly with salary deferral contributions. Each participant 's account is credited annually with C ompany matching contributions and discretionary C ompany contributions. Any matching contribution is allocated as a percentage of each active participant's salary 7 BNCCORP, INC. 401( k) SAVINGS PLAN Notes to Financial Statements December 31, 2024 and 2023 | deferral for the year. The discretionary Company contribution shall be allocated to the active participants based on each participant 's compensation as a percentage of total participants ' compensation. The benefit to which a participant is entitled is the benefit that can be provided from the participant's vested account. The plan assets are valued daily and plan earnings are allocated to each participant 's account based on the proportion of the participant's account to all participant accounts within each individual fund as of the preceding valuation date. On January 28, 2008, the Company voluntarily delisted from the NASDAQ Global Market and deregistered its common stock under the Securit ies Exchange Act of 1934 (as amended). As a result, participants are prohibited from making new investments of the Company 's common stock in the Plan. Participants of the Plan may direct their contributions and Company contributions to any one or a combination of the various investments maintained and held by the asset custodians at year -end and may change their investment options daily. (d) Vesting All contributions and earnings thereon made by participants and the Company are immediately vested and nonforfeitable, except for former participants of merged plans whom were not fully vested at their respective termination dates. (e) Payment of Benefits Generally, participants are not entitled to withdraw amounts from the Plan prior to age 65. However, participants may receive in service distributions from rollover and employer contribution accounts after reaching age 50, and other withdrawal amounts are allowed after reaching age 59½ or in times of financial hardship, as defined in the Plan. Upon termination of employm ent, death, or disability, participants are entitled to a distribution of their interest in the Plan. The benefits may be paid in the form of a lump sum, partial payments, installment payments, or in -kind employer securities and specific ETF funds. If a participant terminates employment and the participant's balance does not exceed $1,000, the Plan Administrator will authorize the benefit payment without the participant's consent. (f) Notes Receivable from Participants A participant may obtain a loan ($1,000 minimum) for a specified financial need. A participant may borrow up to 50% of their vested account balance, not to exceed $50,000. The term of the loan may not be less than 12 months or exceed five years, unless the loan is used to acquire a principal residence. Loans are collateralized by the participant 's remaining account balance and bear interest at rates that range from 5.25% to 10.50%, which are commensurate with local prevailing rates as determined by the plan administrator. Notes receivable from pa rticipants are carried at unpaid principal balance plus accrued interest. Principal and interest is paid ratably through semimonthly payroll deductions. (g) Amendment and Termination of the Plan Although it has not expressed any intent to do so, the Company re serves the right to amend or terminate the Plan at any time. The Plan is terminated when the Company gives written notice of 8 BNCCORP, INC. 401( k) SAVINGS PLAN Notes to Financial Statements December 31, 2024 and 2023 | (g) Notes Receivable from Participants Notes receivable from participants are measured at their unpaid principal balance plus any accrued but unpaid interest. Interest income is recorded on the accrual basis. Related fees are recorded as administrative expenses and are expensed when they are incurred. No allowance for credit losses has been recorded as of December 31, 2024 or 2023. Delinquent notes receivable are recorded as distributions on the basis of the terms of the Plan document. (h) Administrative Expenses As provided in the Plan document, administrative expenses may be paid either by the Plan or by the Company. The Company paid the operating ex penses for the Plan in 2024 and 2023. (i) Contributions Contributions from participants and employer contributions are recorded in the year in which the employee contributions are withheld from compensation. (3) Trustee Certification The Plan administrator has ele cted the method of compliance permitt ed by 29 CFR 2520.103-8 of the Department of Labor 's Rules and Regulations for Reporting and Disclosure under the Employee Retirement Income Security Act of 1974. BNC National Bank, the trustee of the Plan, has supplied the Plan administrator with a certification as t o the completeness and accuracy of the notes receivable from participants and related interest income and all investment information reflected on the accompanying statements of net assets available for benefits as of December 31, 2024 and 2023, the statements of changes in net assets available for benefits for the years then ended, and the supplemental schedule of assets (held at end of year) as of December 31, 2024. (4) Fair Value Measurements Financial Accounting Standards Board (F ASB) Accounting Standards Codification (ASC) 820, Fair Value Measurements and Disclosures , provides the framework for measuring fair value. That framework provides a fair value hierarchy that prioritize s the inputs to valuation techniques used to measure fair value. The hierarchy gives the highest priority to unadjusted quoted prices in active markets for identical assets or liabilities (Level 1 measurements) and the lowest priority to unobservable input s (Level 3 measurements). The three levels of the fair value hierarchy under FASB ASC 820 are described as follows: Level 1 Inputs – Unadjusted quoted prices in active markets for identical assets or liabilities that the Plan has the ability to access at t he measurement date. Level 2 Inputs – Inputs other than quoted prices included in Level 1 that are observable for the asset or liability, either directly or indirectly. These might include quoted prices for similar assets or liabilities in active markets; quoted prices for identical or similar assets or liabilities in markets that are not active; inputs other than quoted prices that are observable for the asset or liability (such as interest rates, volatilities, prepayment speeds, credit risks, etc.); or in puts that are derived principally from or corroborated by market data by correlation or other means. 10 BNCCORP, INC. 401( k) SAVINGS PLAN Notes to Financial Statements December 31, 2024 and 2023",1,"Employees who are participating in the elective deferral portion of the Plan are eligible to receive matching contributions as of January 1 and July 1 following the completion of one year of service, worked 1,000 hours and are employed on the last day of the plan year.",,75%,general_match,1,"401(k) Savings Plan (the Plan), as amended, was established effective February 1, 1992 as a profit sharing plan under Section 401(a) of the Internal Revenue Code (the Code) and includes a cash or def erred arrangement under Section 401(k) of the Code.",0,1,Eligibility and Contributions Employees of the Company who have attained the age of 21 are eligible to enter into the elective deferral portion of the Plan on the first day of the month following their da te of hire,0,vesting mentioned,high
"DSD OPERATING, LLC 401(K)","DSD OPERATING, LLC 401(K)_2024.pdf",,0,,,,,0,,0,0,,0,,low
"F5 SERVICES, INC. 401(K) PROFIT SHARING PLAN","F5 SERVICES, INC. 401(K) PROFIT SHARING PLAN_2024.pdf",,0,,,,,0,,0,0,,0,,low
"VIVAPRODUCTS, INC. 401(K) PROFIT SHARING PLAN","VIVAPRODUCTS, INC. 401(K) PROFIT SHARING PLAN_2024.pdf",,0,,,,,0,,0,0,,0,,low
"GALLACHER CAPITAL MANAGEMENT, LLC 401(K) PLAN","GALLACHER CAPITAL MANAGEMENT, LLC 401(K) PLAN_2024.pdf",,0,,,,,0,,0,0,,0,,low
MML GROUP CORPORATION 401(K) PROFIT SHARING PLAN,MML GROUP CORPORATION 401(K) PROFIT SHARING PLAN_2024.pdf,,0,,,,,0,,0,0,,0,,low
ARZ CONSULTING AND TRAINING LL 401(K) PROFIT SHARING PLAN & TRUST,ARZ CONSULTING AND TRAINING LL 401(K) PROFIT SHARING PLAN & TRUST_2024.pdf,,0,,,,,0,,0,0,,0,,low
"PAIGE ELECTRIC CO., L.P. 401(K) PROFIT SHARING PLAN","PAIGE ELECTRIC CO., L.P. 401(K) PROFIT SHARING PLAN_2024.pdf","                      May 2, December 31, ASSETS 2024 2023 Investments, at fair value $ - $18,408,905 Receivables Employer contributions - 550,000 Notes from participants - 136,474 - 686,474 NET ASSETS AVAILABLE FOR BENEFITS $ - $19,095,379 The accompanying notes are an integral part of these statements.Paige Electric Company, L.P. 401(k) Profit Sharing Plan STATEMENTS OF NET ASSETS AVAILABLE FOR BENEFITS May 2, 2024 and December 31, 2023 -6- | NOTE A - DESCRIPTION OF THE PLAN 1. General 2. Contributions 3. Investment OptionsThe Plan was a defined contribution profit sharing and 401(k) plan covering eligible employees of Paige Electric Company, L.P. (the Company). All non-union, non-leased employees who were not nonresident aliens were eligible toparticipate upon completion of one year ofservice and attaining age 21. Employees who were employed asofthe last day ofthe Plan year were eligible toreceive an allocation ofthe Company's discretionary profit sharing contributions. Participants entered the Plan onthe January 1 orJuly 1 after having met the eligibility requirements. The Plan was subject tothe provisions of the Employee Retirement Income Security Act of 1974 (ERISA). The Plan was funded by voluntary contributions ofparticipants and safe harbor and discretionary profit sharing contributions ofthe Company. Participants could contribute tothe Plan, through regular payroll deductions, and participants who attained age 50 before the end ofthe calendar year were eligible tomake catch-up contributions. Participants could also roll over amounts representing distributions from other qualified employee benefit plans. For the year ended December 31, 2023, the Company provided safe harbor contributions and discretionary profit sharing contributions totaling $298,544 and $251,456, respectively. There were nocontributions tothe Plan during the period January 1, 2024 through May 2, 2024. Contributions were subject to certain IRS limitations. Participants could direct their salary deferral contributions and the Company's contributions into a variety ofinvestment options made available and determined by the Trustees. Participants could change their investment options at any time.Paige Electric Company, L.P. 401(k) Profit Sharing Plan NOTES TO FINANCIAL STATEMENTS May 2, 2024 and December 31, 2023 The following description ofthe Paige Electric Company, L.P. 401(k) Profit Sharing Plan (the Plan) provides only general information. Interested parties should refer tothe plan document for a more complete description of the Plan's provisions. -8- |                       Paige Electric Company, L.P. 401(k) Profit Sharing Plan NOTES TO FINANCIAL STATEMENTS May 2, 2024 and December 31, 2023 NOTE A - DESCRIPTION OF THE PLAN (Continued) 4. Participant Accounts 5. Vesting 6. Payment of Benefits 7. Notes receivable from participants were measured attheir unpaid principal balance plus any accrued but unpaid interest. Participants were permitted totake loans from the Plan up toa maximum equal tothe lesser of$50,000 or50% oftheir vested account balances. The loans were collateralized by the borrowers' respective vested account balances and bore interest atreasonable interest rates. Principal and interest were paid through payroll deductions over a period nottoexceed five years, unless for the purchase of a primary residence.Each participant's account was credited with the participant's contribution, anallocation ofthe Company's contributions, and anallocation ofplan earnings. The Company's safe harbor contribution was allocated asofthe last day ofthe Plan year and was based on3%ofthe participant's eligible compensation. The Company's discretionary profit sharing contribution was allocated asofthe last day ofthe plan year and was based ona ratio ofeach eligible participant's compensation tototal compensation for all eligible participants. Plan earnings were allocated to participants' accounts indirect proportion totheir respective account balances, based onthe performance ofparticipants' investment selections. The benefit towhich a participant was entitled was the benefit that could be provided from the participant's vested account balance. Participants were immediately fully vested inparticipant, rollover, and Company contributions plus the actual earnings thereon. Ontermination ofservice, a participant could elect toreceive a single, lump-sum payment equal to the value of his or her vested account balance, installments over a specified period of time, or a direct rollover distribution. In-service withdrawals starting atage 59 1/2 and hardship withdrawals were also permitted by the Plan. Notes Receivable from Participants -9- |                       Paige Electric Company, L.P. 401(k) Profit Sharing Plan NOTES TO FINANCIAL STATEMENTS May 2, 2024 and December 31, 2023 NOTE E - RELATED PARTY AND PARTY-IN-INTEREST TRANSACTIONS (Continued) NOTE F - PROHIBITED TRANSACTIONS NOTE G - PLAN MERGER AND TRANSFER ACTIVITY NOTE H - SUBSEQUENT EVENTSThe Plan Sponsor failed todeposit participant contributions within the required timeframe asstated by the DOL. The DOL considers late deposits tobe prohibited transactions asdisclosed inthe accompanying supplemental schedule. The Plan Sponsor corrected the deficiencies in 2023. Effective January 1, 2024, the Plan was merged into the Genuine Cable Group 401(k) Plan (the ""Surviving Plan""). Investment assets of$18,363,072 and participant loans totaling $136,474 were merged into the Surviving Plan onJanuary 8, 2024, and remaining assets of$5,458 were transferred to the Surviving Plan by May 2, 2024. Total employer contributions receivable of$550,000 were funded directly tothe Surviving Plan onJune 18, 2024. The merger does notimpact participant benefits asthe benefit provisions were incorporated into the Surviving Plan. Interested parties should refer tothe Surviving Plan's adoption agreement and plan document for a complete description of the plan. The Plan issued loans toparticipants, which were secured by the vested balance intheparticipant's accounts and certain administrative fees related tothe administration ofthe Plan were paid by the Plan or by the Company. These transactions qualified asparty-in-interest. Employees ofthe Company provided administrative services to the Plan for which no fees were charged. Plan management has evaluated subsequent events through February 18, 2025, the date that these financial statements were available tobe issued. Plan management has determined that noevents or transactions have occurred subsequent tothe statement ofnet assets available for benefits date that require disclosure in the financial statements. -14-",0,,,,,0,"401(k) Profit Sharing Plan STATEMENTS OF NET ASSETS AVAILABLE FOR BENEFITS May 2, 2024 and December 31, 2023 -6- | NOTE A - DESCRIPTION OF THE PLAN 1.",0,1,eligibility requirements,0,vesting mentioned; safe harbor mentioned,medium
GRANT G MCKINLEY DDS PLLC 401(K) PROFIT SHARING PLAN & TRUST,GRANT G MCKINLEY DDS PLLC 401(K) PROFIT SHARING PLAN & TRUST_2024.pdf,,0,,,,,0,,0,0,,0,,low
VAN DAM INC 401(K) PROFIT SHARING PLAN & TRUST,VAN DAM INC 401(K) PROFIT SHARING PLAN & TRUST_2024.pdf,,0,,,,,0,,0,0,,0,,low
GARDEN STATE HOME LOANS 401(K) PROFIT SHARING PLAN & TRUST,GARDEN STATE HOME LOANS 401(K) PROFIT SHARING PLAN & TRUST_2024.pdf,,0,,,,,0,,0,0,,0,,low
"L.E. BELL CONSTRUCTION COMPANY INC., 401(K) PLAN","L.E. BELL CONSTRUCTION COMPANY INC., 401(K) PLAN_2024.pdf",,0,,,,,0,,0,0,,0,,low
FIREHYDRANT 401(K) PLAN,FIREHYDRANT 401(K) PLAN_2024.pdf,,0,,,,,0,,0,0,,0,,low
NORAC PHARMA 401(K) RETIREMENT PLAN,NORAC PHARMA 401(K) RETIREMENT PLAN_2024.pdf,,0,,,,,0,,0,0,,0,,low
PURITAN LAWN MEMORIAL PARK 401(K) PROFIT SHARING PLAN,PURITAN LAWN MEMORIAL PARK 401(K) PROFIT SHARING PLAN_2024.pdf,,0,,,,,0,,0,0,,0,,low
"INNOVATIVE CONTROL SOLUTIONS, INC. 401(K) PLAN","INNOVATIVE CONTROL SOLUTIONS, INC. 401(K) PLAN_2024.pdf",,0,,,,,0,,0,0,,0,,low
"GSCP, INC. 401(K) PROFIT SHARING PLAN","GSCP, INC. 401(K) PROFIT SHARING PLAN_2024.pdf",,0,,,,,0,,0,0,,0,,low
COVERT MEDIA LLC 401(K) PROFIT SHARING PLAN & TRUST,COVERT MEDIA LLC 401(K) PROFIT SHARING PLAN & TRUST_2024.pdf,,0,,,,,0,,0,0,,0,,low
"MODERNATX, INC. 401(K) PLAN","MODERNATX, INC. 401(K) PLAN_2024.pdf","The Company makes a matching contribution of 100% of the first 3% of participant contributions and 50% of the next 3% of participant contributions, for a maximum match of 4.50% of compensation. The Company may also make discretionary profit-sharing contributions. Employees must be employed on the last day of the plan year to be eligible for profit-sharing contributions. For the year ended December 31, 2024, no profit-sharing contributions were made. Participant Accounts | Each participant's account is credited or charged with contributions, investment income, and administrative expenses. Investment income, including realized and unrealized gains and losses, and expenses are allocated to participants' accounts based on each participant's account balance within each fund. Participants determine the percentage in which contributions are to be invested in each fund. Participants may change their investment options as set forth in the plan document. The benefit to which a participant is entitled is equal to the value of the participant's vested interest in their account. Vesting | - 8 - Completed Years of Service Percent Vested 1 year 0% 2 years 20% 3 years 40%4 years 60% 5 years 80% 6 years 100% | Forfeitures When certain terminations of participation in the Plan occur, the nonvested portion of a participant's account represents a forfeiture, as defined by the Plan. Forfeitures will first be used to restore accounts of forfeiting participants who are re-employed and meet certain requirements as set forth in the Plan. Remaining forfeitures will be used to reduce future matching contributions and to pay plan expenses. Any forfeitures not used at the end of the year may be allocated to participants. During 2024, $90,000 of forfeitures were used to reduce employer contributions. Total unapplied forfeitures were $35,197 and $104,995 at December 31, 2024 and 2023, respectively. Unallocated Assets The Plan holds assets in a revenue credit account which receives deposits as a result of a revenue sharing agreement with Fidelity Management Trust Company. During 2024, deposits to the account totaled $74,212, which is included in net appreciation (depreciation) in fair value of investments in the statement of changes in net assets available for benefits. Funds in the account are used to pay qualified plan expenses including investment management fees, trustee fees, audit fees, and legal fees. During 2024, no unallocated assets were used to pay plan expenses. Unallocated assets were $120,903 and $42,289 at December 31, 2024 and 2023, respectively. Distribution of Benefits Benefits may be distributed to participants upon termination of employment by reason of retirement, disability, death, or other separation from service. Distributions may be taken in the form of a lump sum. | Participants may borrow from their fund accounts a minimum of $1,000 up to a maximum equal to the lesser of $50,000 or 50 percent of their vested account balance. The loans are secured by the balance in the participant's account. Loans must bear a reasonable rate of interest. All loans must be repaid within five years unless the proceeds are used to acquire a principal residence, in which case a longer repayment period is allowed. Only one loan may be outstanding at any time. Principal and interest is generally paid ratably through payroll deductions each pay period. | Contributions from plan participants and company contributions are recorded in the year in which the participant contributions are withheld from compensation. | G. PLAN TERMINATION: Although the Plan was established with the intention that it will continue indefinitely, the Company retains the right to discontinue its contributions at any time or to terminate the Plan, subject to the provisions of ERISA. In the event of plan termination, all participants will become 100% vested in their accounts. H. SUBSEQUENT EVENTS: | 2024 2023 Net assets available for benefits on the financial statements 505,354,117$ 341,993,524 $ Receivables not on the Form 5500: Employer contributions (3,665,351) (3,955,441) Net assets available for benefits on the Form 5500 501,688,766 $ 338,038,083 $ | The following is a reconciliation of employer contributions on the financial statements to the Form 5500 for the year ended December 31, 2024: Employer contributions on the financial statements 38,931,756 $ Receivables not on the Form 5500: 2024 Employer contributions receivable (3,665,351) 2023 Employer contributions receivable 3,955,441 Employer contributions on the Form 5500 39,221,846 $ | The Company makes a matching contribution of 100% of the first 3% of participant contributions and 50% of the next 3% of participant contributions, for a maximum match of 4.50% of compensation. The Company may also make discretionary profit-sharing contributions. Employees must be employed on the last day of the plan year to be eligible for profit-sharing contributions. For the year ended December 31, 2024, no profit-sharing contributions were made. Participant Accounts | Each participant's account is credited or charged with contributions, investment income, and administrative expenses. Investment income, including realized and unrealized gains and losses, and expenses are allocated to participants' accounts based on each participant's account balance within each fund. Participants determine the percentage in which contributions are to be invested in each fund. Participants may change their investment options as set forth in the plan document. The benefit to which a participant is entitled is equal to the value of the participant's vested interest in their account. Vesting | - 8 - Completed Years of Service Percent Vested 1 year 0% 2 years 20% 3 years 40%4 years 60% 5 years 80% 6 years 100% | Forfeitures When certain terminations of participation in the Plan occur, the nonvested portion of a participant's account represents a forfeiture, as defined by the Plan. Forfeitures will first be used to restore accounts of forfeiting participants who are re-employed and meet certain requirements as set forth in the Plan. Remaining forfeitures will be used to reduce future matching contributions and to pay plan expenses. Any forfeitures not used at the end of the year may be allocated to participants. During 2024, $90,000 of forfeitures were used to reduce employer contributions. Total unapplied forfeitures were $35,197 and $104,995 at December 31, 2024 and 2023, respectively. Unallocated Assets The Plan holds assets in a revenue credit account which receives deposits as a result of a revenue sharing agreement with Fidelity Management Trust Company. During 2024, deposits to the account totaled $74,212, which is included in net appreciation (depreciation) in fair value of investments in the statement of changes in net assets available for benefits. Funds in the account are used to pay qualified plan expenses including investment management fees, trustee fees, audit fees, and legal fees. During 2024, no unallocated assets were used to pay plan expenses. Unallocated assets were $120,903 and $42,289 at December 31, 2024 and 2023, respectively. Distribution of Benefits Benefits may be distributed to participants upon termination of employment by reason of retirement, disability, death, or other separation from service. Distributions may be taken in the form of a lump sum. | Participants may borrow from their fund accounts a minimum of $1,000 up to a maximum equal to the lesser of $50,000 or 50 percent of their vested account balance. The loans are secured by the balance in the participant's account. Loans must bear a reasonable rate of interest. All loans must be repaid within five years unless the proceeds are used to acquire a principal residence, in which case a longer repayment period is allowed. Only one loan may be outstanding at any time. Principal and interest is generally paid ratably through payroll deductions each pay period. | Contributions from plan participants and company contributions are recorded in the year in which the participant contributions are withheld from compensation. | G. PLAN TERMINATION: Although the Plan was established with the intention that it will continue indefinitely, the Company retains the right to discontinue its contributions at any time or to terminate the Plan, subject to the provisions of ERISA. In the event of plan termination, all participants will become 100% vested in their accounts. H. SUBSEQUENT EVENTS: | 2024 2023 Net assets available for benefits on the financial statements 505,354,117$ 341,993,524 $ Receivables not on the Form 5500: Employer contributions (3,665,351) (3,955,441) Net assets available for benefits on the Form 5500 501,688,766 $ 338,038,083 $ | The following is a reconciliation of employer contributions on the financial statements to the Form 5500 for the year ended December 31, 2024: Employer contributions on the financial statements 38,931,756 $ Receivables not on the Form 5500: 2024 Employer contributions receivable (3,665,351) 2023 Employer contributions receivable 3,955,441 Employer contributions on the Form 5500 39,221,846 $ | The Company makes a matching contribution of 100% of the first 3% of participant contributions and 50% of the next 3% of participant contributions, for a maximum match of 4.50% of compensation. The Company may also make discretionary profit-sharing contributions. Employees must be employed on the last day of the plan year to be eligible for profit-sharing contributions. For the year ended December 31, 2024, no profit-sharing contributions were made. Participant Accounts | Each participant's account is credited or charged with contributions, investment income, and administrative expenses. Investment income, including realized and unrealized gains and losses, and expenses are allocated to participants' accounts based on each participant's account balance within each fund. Participants determine the percentage in which contributions are to be invested in each fund. Participants may change their investment options as set forth in the plan document. The benefit to which a participant is entitled is equal to the value of the participant's vested interest in their account. Vesting | - 8 - Completed Years of Service Percent Vested 1 year 0% 2 years 20% 3 years 40%4 years 60% 5 years 80% 6 years 100% | Forfeitures When certain terminations of participation in the Plan occur, the nonvested portion of a participant's account represents a forfeiture, as defined by the Plan. Forfeitures will first be used to restore accounts of forfeiting participants who are re-employed and meet certain requirements as set forth in the Plan. Remaining forfeitures will be used to reduce future matching contributions and to pay plan expenses. Any forfeitures not used at the end of the year may be allocated to participants. During 2024, $90,000 of forfeitures were used to reduce employer contributions. Total unapplied forfeitures were $35,197 and $104,995 at December 31, 2024 and 2023, respectively. Unallocated Assets The Plan holds assets in a revenue credit account which receives deposits as a result of a revenue sharing agreement with Fidelity Management Trust Company. During 2024, deposits to the account totaled $74,212, which is included in net appreciation (depreciation) in fair value of investments in the statement of changes in net assets available for benefits. Funds in the account are used to pay qualified plan expenses including investment management fees, trustee fees, audit fees, and legal fees. During 2024, no unallocated assets were used to pay plan expenses. Unallocated assets were $120,903 and $42,289 at December 31, 2024 and 2023, respectively. Distribution of Benefits Benefits may be distributed to participants upon termination of employment by reason of retirement, disability, death, or other separation from service. Distributions may be taken in the form of a lump sum. | Participants may borrow from their fund accounts a minimum of $1,000 up to a maximum equal to the lesser of $50,000 or 50 percent of their vested account balance. The loans are secured by the balance in the participant's account. Loans must bear a reasonable rate of interest. All loans must be repaid within five years unless the proceeds are used to acquire a principal residence, in which case a longer repayment period is allowed. Only one loan may be outstanding at any time. Principal and interest is generally paid ratably through payroll deductions each pay period. | Contributions from plan participants and company contributions are recorded in the year in which the participant contributions are withheld from compensation. | G. PLAN TERMINATION: Although the Plan was established with the intention that it will continue indefinitely, the Company retains the right to discontinue its contributions at any time or to terminate the Plan, subject to the provisions of ERISA. In the event of plan termination, all participants will become 100% vested in their accounts. H. SUBSEQUENT EVENTS: | 2024 2023 Net assets available for benefits on the financial statements 505,354,117$ 341,993,524 $ Receivables not on the Form 5500: Employer contributions (3,665,351) (3,955,441) Net assets available for benefits on the Form 5500 501,688,766 $ 338,038,083 $ | The following is a reconciliation of employer contributions on the financial statements to the Form 5500 for the year ended December 31, 2024: Employer contributions on the financial statements 38,931,756 $ Receivables not on the Form 5500: 2024 Employer contributions receivable (3,665,351) 2023 Employer contributions receivable 3,955,441 Employer contributions on the Form 5500 39,221,846 $ | The Company makes a matching contribution of 100% of the first 3% of participant contributions and 50% of the next 3% of participant contributions, for a maximum match of 4.50% of compensation. The Company may also make discretionary profit-sharing contributions. Employees must be employed on the last day of the plan year to be eligible for profit-sharing contributions. For the year ended December 31, 2024, no profit-sharing contributions were made. Participant Accounts | Each participant's account is credited or charged with contributions, investment income, and administrative expenses. Investment income, including realized and unrealized gains and losses, and expenses are allocated to participants' accounts based on each participant's account balance within each fund. Participants determine the percentage in which contributions are to be invested in each fund. Participants may change their investment options as set forth in the plan document. The benefit to which a participant is entitled is equal to the value of the participant's vested interest in their account. Vesting | - 8 - Completed Years of Service Percent Vested 1 year 0% 2 years 20% 3 years 40%4 years 60% 5 years 80% 6 years 100% | Forfeitures When certain terminations of participation in the Plan occur, the nonvested portion of a participant's account represents a forfeiture, as defined by the Plan. Forfeitures will first be used to restore accounts of forfeiting participants who are re-employed and meet certain requirements as set forth in the Plan. Remaining forfeitures will be used to reduce future matching contributions and to pay plan expenses. Any forfeitures not used at the end of the year may be allocated to participants. During 2024, $90,000 of forfeitures were used to reduce employer contributions. Total unapplied forfeitures were $35,197 and $104,995 at December 31, 2024 and 2023, respectively. Unallocated Assets The Plan holds assets in a revenue credit account which receives deposits as a result of a revenue sharing agreement with Fidelity Management Trust Company. During 2024, deposits to the account totaled $74,212, which is included in net appreciation (depreciation) in fair value of investments in the statement of changes in net assets available for benefits. Funds in the account are used to pay qualified plan expenses including investment management fees, trustee fees, audit fees, and legal fees. During 2024, no unallocated assets were used to pay plan expenses. Unallocated assets were $120,903 and $42,289 at December 31, 2024 and 2023, respectively. Distribution of Benefits Benefits may be distributed to participants upon termination of employment by reason of retirement, disability, death, or other separation from service. Distributions may be taken in the form of a lump sum. | Participants may borrow from their fund accounts a minimum of $1,000 up to a maximum equal to the lesser of $50,000 or 50 percent of their vested account balance. The loans are secured by the balance in the participant's account. Loans must bear a reasonable rate of interest. All loans must be repaid within five years unless the proceeds are used to acquire a principal residence, in which case a longer repayment period is allowed. Only one loan may be outstanding at any time. Principal and interest is generally paid ratably through payroll deductions each pay period. | Contributions from plan participants and company contributions are recorded in the year in which the participant contributions are withheld from compensation. | G. PLAN TERMINATION: Although the Plan was established with the intention that it will continue indefinitely, the Company retains the right to discontinue its contributions at any time or to terminate the Plan, subject to the provisions of ERISA. In the event of plan termination, all participants will become 100% vested in their accounts. H. SUBSEQUENT EVENTS: | 2024 2023 Net assets available for benefits on the financial statements 505,354,117$ 341,993,524 $ Receivables not on the Form 5500: Employer contributions (3,665,351) (3,955,441) Net assets available for benefits on the Form 5500 501,688,766 $ 338,038,083 $ | The following is a reconciliation of employer contributions on the financial statements to the Form 5500 for the year ended December 31, 2024: Employer contributions on the financial statements 38,931,756 $ Receivables not on the Form 5500: 2024 Employer contributions receivable (3,665,351) 2023 Employer contributions receivable 3,955,441 Employer contributions on the Form 5500 39,221,846 $",1,"The Company makes a matching contribution of 100% of the first 3% of participant contributions and 50% of the next 3% of participant contributions, for a maximum match of 4.50% of compensation.",,3%,general_match,0,The Company may also make discretionary profit-sharing contributions.,0,1,,0,vesting mentioned,high
"VAN TILBURG, BANVARD & SODERBERGH, AIA 401(K) PLAN","VAN TILBURG, BANVARD & SODERBERGH, AIA 401(K) PLAN_2024.pdf",,0,,,,,0,,0,0,,0,,low
LITTLE TOWN VAPING INC. 401(K) PLAN,LITTLE TOWN VAPING INC. 401(K) PLAN_2024.pdf,,0,,,,,0,,0,0,,0,,low
"SULLIVAN-PALATEK, INC. 401(K) PLAN","SULLIVAN-PALATEK, INC. 401(K) PLAN_2024.pdf",,0,,,,,0,,0,0,,0,,low
"PEPPER MANAGEMENT GROUP, INC. 401(K) PLAN","PEPPER MANAGEMENT GROUP, INC. 401(K) PLAN_2024.pdf",,0,,,,,0,,0,0,,0,,low
R.V.I. AMERICA CORPORATION 401(K) SAVINGS PLAN,R.V.I. AMERICA CORPORATION 401(K) SAVINGS PLAN_2024.pdf,,0,,,,,0,,0,0,,0,,low
T A GROUP 401(K) RETIREMENT PLAN,T A GROUP 401(K) RETIREMENT PLAN_2024.pdf,,0,,,,,0,,0,0,,0,,low
"ENVIRO-TECH SYSTEMS, INC. 401(K) PLAN","ENVIRO-TECH SYSTEMS, INC. 401(K) PLAN_2024.pdf",,0,,,,,0,,0,0,,0,,low
"EYECARE ASSOCIATES, P.C. 401(K) AND PROFIT SHARING PLAN","EYECARE ASSOCIATES, P.C. 401(K) AND PROFIT SHARING PLAN_2024.pdf",,0,,,,,0,,0,0,,0,,low
"THE SOZA GROUP, INC. 401(K) PLAN_TRUST","THE SOZA GROUP, INC. 401(K) PLAN_TRUST_2024.pdf",,0,,,,,0,,0,0,,0,,low
"J.R. COLE INDUSTRIES, INC. 401(K) PLAN","J.R. COLE INDUSTRIES, INC. 401(K) PLAN_2024.pdf","Eligible employees are automatically enrolled and defer 2% of their pay unless they elect a different percentage. Participants may contribute, through payroll deductions , a portion of annual compensation up to the maximum limits allowed by the Internal Revenue Code (IRC). Participants may also contribute amounts representing distributions from other qualified defined benefit or defined contribution plans, deemed to be rollovers into the Plan. The Company may make matching and/or profit sharing contributions to the Plan at its discretion. For 2024 , the Company's matching contribution percentage was 50% of every dollar contributed up to 6% of gross compensation . There was no profit -sharing contr ibution for 2024 . The participants direct the investment of their contributions and related employer contributions , if any, into various investment options offered by the Plan. | Each participant's account is credited with the part icipant's contributions and the Company's matching contribution, if any, and an allocation of the Company's profit sharing contribution, if any, and the Plan's earnings, and charged with an allocation of the Plan's losses and administrative expenses. Allocations are based on the participant's account balance. | Vesting | Participants are immediately vested in their voluntary contributions plus actual earnings and losses thereon. Participants vest in the Company's matching and profit sharing contributions based upon years of service . Participants are 20% vested after one year of credited service, increasing by 20% with each additional year of service with 100% vesting aft er five years of credited service. One year is equivalent to 1,000 hours within a Plan year . | Upon termination of service due to death, disability or retirement, a participant or his/her beneficiary may receive a lump sum distribution paid in cash, a direct rollover to an individual retirement account , or a distribution to another employer's tax qualified plan equal to the value of the vested portion of his or her account balance at the date of distribution. In addition, under certain terms and conditions, participants may withdraw all or part of their individual participant accounts, as defined by the Plan, upon application to the management committee of the Plan. Distributions and withdrawals are subject to the applicable provisions of the Plan agreement. | Forfeited balances of terminated participants' nonvested accounts are used to reduce administrative expenses or future Company co ntributions. During 2024 , $41,183 of forfeitures were used to reduce ER matching contributions. As of December 31, 2023 , there we re $33,601 of forfeited accounts available . There were no forfeited accounts available as of December 31, 2024 . | Contributions from Plan participants and matching contributions from the Plan Sponsor are recorded in the year in which the employee contributions are withheld from amounts paid. All employee and Plan Sponsor contributions are participant -directed.",1,"For 2024 , the Company's matching contribution percentage was 50% of every dollar contributed up to 6% of gross compensation .",,6%,general_match,1,"Participants may contribute, through payroll deductions , a portion of annual compensation up to the maximum limits allowed by the Internal Revenue Code (IRC).",0,1,,0,vesting mentioned,high
VIKAN NORTH AMERICA 401(K) AND PROFIT SHARING PLAN,VIKAN NORTH AMERICA 401(K) AND PROFIT SHARING PLAN_2024.pdf,,0,,,,,0,,0,0,,0,,low
"RT JOHNSON HOMECARE, INC. 401(K) PLAN","RT JOHNSON HOMECARE, INC. 401(K) PLAN_2024.pdf",,0,,,,,0,,0,0,,0,,low
"HBT LABS, INC. 401(K) RETIREMENT PLAN","HBT LABS, INC. 401(K) RETIREMENT PLAN_2024.pdf",,0,,,,,0,,0,0,,0,,low
GOLDEN SPARROW INC. 401(K) PLAN,GOLDEN SPARROW INC. 401(K) PLAN_2024.pdf,,0,,,,,0,,0,0,,0,,low
TALENT 101 INC. 401(K) PROFIT SHARING PLAN AND TRUST,TALENT 101 INC. 401(K) PROFIT SHARING PLAN AND TRUST_2024.pdf,,0,,,,,0,,0,0,,0,,low
HUESMAN-SCHMID 401(K) PLAN,HUESMAN-SCHMID 401(K) PLAN_2024.pdf,,0,,,,,0,,0,0,,0,,low
"SUNDANCE HOLDINGS GROUP, LLC 401(K) PLAN","SUNDANCE HOLDINGS GROUP, LLC 401(K) PLAN_2024.pdf","Notes to Financial Statements 3 1.Description of the Plan The following description of the Sundance Holdings Group, LLC 401(k) Plan (the Plan) is provided for general information purposes only. Participants should refer to the Plan document and adoption agreement for a more complete description of the Plan's provisions. General The Plan was established August 1, 2004, and is a defined contribution plan covering all eligible employees of Sundance Holdings Group, LLC (the Company or Employer). Employees, other than individuals not otherwise classified by the Company as common law employees, residents of Puerto Rico, and leased employees, are eligible to participate in the Plan upon reaching age 18 and are eligible to participate the first month following their hire date. The Plan is intended to be a qualified plan under the Internal Revenue Code (IRC) and is subject to the provisions of the Employee Retirement Income Security Act of 1974, as amended (ERISA). Effective July 16, 2024, th e Company transferred all net assets of the Plan to a pooled employer plan administered by NestEggs Retirement Plan Services, Inc., a Florida corporation. Subject to the provisions of ERISA, all participants' accrued benefits under the Plan were fully vested prior to the transfer. As of the transfer date, the net assets of the Plan, totaling $16,456,907, were transferred to the NestEggs Master Pooled 401(k) Plan (the PEP). The Company will no longer make contributions to the Plan, and all future contributions will be directed to the PEP. Recent Pronouncements On December 29, 2023, the Setting Every Community Up for Retirement Enhanc ement Act 2. 0 (the ""SECURE Act 2.0"") was signed into law. It includes mandatory and optional provisions impacting defined contribution plans. Applicable provisions outlined in the SECURE 2.0 Act will be adopted if elected and/or required. Plan amendments for these changes are not yet required. Contributions Eligible employees automatically become participants and are enrolled into the Plan with a 6% deferral rate, un less they elect otherwise. Participant contributions are subject to an annual limit of the lesser of 60 percent of eligible compensation or $23,00 (100% and $30,500 for participants age 50 or older) for the period ended July 16, 2024. Eligible employees may also make contrib utions by rollover of distributions from other qualified retirement plans. The Plan allows participant contributions to be designated as Roth contributions and accepts rollovers of Roth designated contributions. The Company may elect to make discretionary matching contributions to each participant's account. Effective April 16, 2023, the Company paused all discretionary matching contributions. Discretionary matching contributions were then resumed effective March 31, 2024. Participant Accounts Each participant's account is credited with the participant's contributions, the Company's matching contributions, and an allocation of earnings, and is charged with withdrawals, and an allocation of losses and expenses. The benefit to which a participant is entitled is the benefit that ca n be provided from the participant's vested account. Participant ‐Directed Options for Investments Participants direct the investment of their contributions and Company contributions into various investment options offered by the Plan. Vesting Participants are vested immediately in their contributions plus actual earn ings thereon. Vesting in the Company's contributions is based on years of continuous service. A participant is 34% vested after one year of service, 67% after two years of service, and 100% vested after three years of service. | 4 Notes Receivable from Participants Participants may choose to borrow from their Plan accounts up to a maximum of $50,000 or 50% of their vested account balance, whichever is less, with a minimum amount of $1,000. The loans are secured by the balance in the participant's account and bear interest at rates comme nsurate with l ocal prevailing rates at the time funds are borrowed. The interest rate remains fixed throughout the duration of the loan. Principal and interest are paid ratably through payroll deductions or a lump sum for the outstanding balance. Loan terms range from one to five years; however, terms may exceed five years for the purchase of a primary residence. Payment of Benefits On termination of service due to death, disability, or retirement, a participant may elect to receive either a lump‐sum amount equal to the value of the participant's vested interest in his or her account, or installment payments. For termination of service for other reasons, a participant may receive the value of the vested interest in his or her account as a lump sum distribution. Participants qualifying under hardship rules may elect to receive all or a portion of their deferral contributions account balance prior to termination or retirement, subject to a $ 500 minimum. Additionally, the Plan requires that involuntary cash outs greater than $1,000 made before the participant's retirement be rolled over to an individual retirement plan designated by the Plan Administrator. 2.Summary of Significant Accounting Policies Forfeitures When certain terminations of participation in the Plan occur, the nonvested porti on of the participant's account as defined by the Plan, represents a forfeiture. The Plan permits the use of forfeitures to either reduce future Company contributions or pay administrative expenses. However, if a participant is reemployed and fulfills certain requirements, as defined in the Plan Document, the account will be reinstated . As of July 16, 2024 (liquidation) and 2023 (ongoing), forfeited nonvested accounts totaled $0 and $33,990, respectively. Basis of Accounting As a result of the decision to terminate the plan effective July 16, 2024, and in accordance with accounting principles generally accepted in the United States of Americ a (US GA AP), the Plan's financial statements as of and for the period ended July 16, 2024, are presented using the liquidation basis of accounting. For periods before the decision to terminate the Plan was made, the financial statements were prepared using the ongoing basis of accounting. Use of Estimates The preparatio n of financial statements in conformity with US GAAP requires management to make estimates and assumptions that affect certain reported amounts and disclosures. Actual results could differ from those estimates. Risks and Uncertainties The Plan provides mutual fund and stable value fund investment options to its participants. Investment securities, in general, are exposed to various risks, such as interest rate risk, credit risk, and overall market volatility. Due to the level of risk associated with investment securities, it is reasonably possible that changes in the values of investment securities will occur in the near term and such changes could materially affect the amounts rep orted in the financial statements. Investment Valuations and Income Recognition The Plan's investments are stated at fair value. Shares of mutual funds are stated at quoted market prices. The stable value fund is stated at fair value using net asset value (NAV) as a practical expedient. NAV is based on the fair value of the underlying investments.",1,The Company may elect to make discretionary matching contributions to each participant's account.,,,general_match,0,,0,0,after one year of service,0,vesting mentioned,high
OZZY JIWANI INC 401(K) PLAN,OZZY JIWANI INC 401(K) PLAN_2024.pdf,,0,,,,,0,,0,0,,0,,low
RABBIT MOUNTAIN INC 401(K) PLAN,RABBIT MOUNTAIN INC 401(K) PLAN_2024.pdf,,0,,,,,0,,0,0,,0,,low
MEN AND WOMEN FOR HUMAN EXCELL 401(K) PROFIT SHARING PLAN & TRUST,MEN AND WOMEN FOR HUMAN EXCELL 401(K) PROFIT SHARING PLAN & TRUST_2024.pdf,,0,,,,,0,,0,0,,0,,low
CRYSTAL FINANCIAL LLC 401(K) PROFIT SHARING PLAN,CRYSTAL FINANCIAL LLC 401(K) PROFIT SHARING PLAN_2024.pdf,,0,,,,,0,,0,0,,0,,low
"PINE VALLEY, INC. 401(K) PLAN","PINE VALLEY, INC. 401(K) PLAN_2024.pdf",,0,,,,,0,,0,0,,0,,low
GIRLS INCORPORATED OF NEW YORK CITY 403(B) PLAN,GIRLS INCORPORATED OF NEW YORK CITY 403(B) PLAN_2024.pdf,,0,,,,,0,,0,0,,0,,low
AKROS PHARMA 401(K) PROFIT SHARING PLAN,AKROS PHARMA 401(K) PROFIT SHARING PLAN_2024.pdf,,0,,,,,0,,0,0,,0,,low
"WILD TYPE, INC. 401(K) PLAN","WILD TYPE, INC. 401(K) PLAN_2024.pdf","2024 2023 (Audited) (Unaudited) Assets: Investments, at fair value: Mutual funds $ 5,454,912 $ 4,077,228 Cash, noninterest-bearing 52,288 2,135 Receivables: Participant contributions receivable - 40,237 Company contributions receivable - 24,065 Notes receivable from participants 25,712 4,729 Due from broker for securities sold 14,191 - 39,903 69,031 Total assets 5,547,103 4,148,394 Liabilities: Due to broker for securities purchased 52,261 2,108 Net assets available for benefits $ 5,494,842 $ 4,146,286 Wild Type Inc. 401(k) Plan Statements of Net Assets Available for Benefits As of December 31, 2024 and 2023 See accompanying notes. 5 Additions to net assets attributable to: Contributions: Participant $ 1,108,479Company 565,413 Rollover 153,629 1,827,521 Interest income on notes receivable from participants 2,811Investment income: Net realized and unrealized appreciation in fair value of investments 487,161 Dividends and Interest 128,356 615,517 Total additions 2,445,849 Deductions from net assets attributable to: Benefits paid to participants 1,092,066Plan expenses 5,227 Total deductions 1,097,293 Net increase 1,348,556 Net assets available for benefits: Beginning of year 4,146,286 End of year $ 5,494,842 Wild Type Inc. 401(k) Plan Statement of Changes in Net Assets Available for Benefits For the Year Ended December 31, 2024 See accompanying notes. 6 Wild Type Inc. 401(k) Plan Notes to Financial Statements For the Year Ended December 31, 2024 | Participants may contribute up to 100 per cent of annual compensation in pre- tax or Roth deferrals into the Plan, as defined in the plan docum ent and allowed by law. Participants may also roll over amounts representing distributions fr om other qualified plans. The Plan permits catch-up contributions for participants who have attained age 50 by the end of the plan year. T he Plan also provides for automatic election of participant contributions at a rate of 6 percent of compensation. Participants may affirmatively elect a different contribution percentage or elect not to defer into the Plan. The Company makes a matching contribution equal to 100 percent of participant deferrals up to 4 percent of compensation under a safe harbor provision, as defined in the plan document. During 2024, the Company contributed $565,413 to the Plan. | Each participant's account is credi ted with the participant's contribution, allocati ons of the Company's contribution, if applicable, and the Plan's earnings and loss es. The benefit to which a participant is entitled is the benefit that can be prov ided from the participant's vested account. Participants direct the investment of their accounts into various investment options offered by the Plan. | e. Vesting | Participants are immediately vested in all co ntributions plus actual earnings thereon. | Upon termination of employment due to termination of serv ice, death, disability, or retirement, participants may elect to receive the value of their vested account balance in a lump-sum distribution. In-service withdrawal options are available to participa nts under certain circumstances. | g. Notes Receivable from Participants Participants may borrow the lesser of $50,000 (reduced by the participant 's highest outstanding loan balance during the 12-month period ending on t he date of the loan) or 50 percent of their vested account balance. Loan terms range up to five years but may be extended if the proceeds are to be used for the purchase of a primary residence. The loans are secured by the balance in the participant's account and bear interest at 9.5 percent. Principal and interest are paid ratably through payroll deductions. | The following is a reconciliation of net assets availabl e for benefits per the financial statements to the Form 5500 at December 31, 2024 and 2023. 2024 2023 Net assets available for benefits per the financial statements $ 5,494,842 $ 4,146,286 Participant contributions receivable - (40,237) Company contributions receivable - (24,065) Other 2 2 Net assets available for benefits per the Form 5500 $ 5,494,844 $ 4,081,986 | 10. Subsequent Events Effective May 1, 2025, the Plan was amended to chan ge the eligibility age requirement from 18 to 21. Net increase per the financ ial statements $ 1,348,556 Receipt of company contributions accrued in the prior year 24,065 Receipt of participant contributions accrued in the prior year 40,237 Net increase per the Form 5500 $ 1,412,858 | 2024 2023 (Audited) (Unaudited) Assets: Investments, at fair value: Mutual funds $ 5,454,912 $ 4,077,228 Cash, noninterest-bearing 52,288 2,135 Receivables: Participant contributions receivable - 40,237 Company contributions receivable - 24,065 Notes receivable from participants 25,712 4,729 Due from broker for securities sold 14,191 - 39,903 69,031 Total assets 5,547,103 4,148,394 Liabilities: Due to broker for securities purchased 52,261 2,108 Net assets available for benefits $ 5,494,842 $ 4,146,286 Wild Type Inc. 401(k) Plan Statements of Net Assets Available for Benefits As of December 31, 2024 and 2023 See accompanying notes. 5 Additions to net assets attributable to: Contributions: Participant $ 1,108,479Company 565,413 Rollover 153,629 1,827,521 Interest income on notes receivable from participants 2,811Investment income: Net realized and unrealized appreciation in fair value of investments 487,161 Dividends and Interest 128,356 615,517 Total additions 2,445,849 Deductions from net assets attributable to: Benefits paid to participants 1,092,066Plan expenses 5,227 Total deductions 1,097,293 Net increase 1,348,556 Net assets available for benefits: Beginning of year 4,146,286 End of year $ 5,494,842 Wild Type Inc. 401(k) Plan Statement of Changes in Net Assets Available for Benefits For the Year Ended December 31, 2024 See accompanying notes. 6 Wild Type Inc. 401(k) Plan Notes to Financial Statements For the Year Ended December 31, 2024 | Participants may contribute up to 100 per cent of annual compensation in pre- tax or Roth deferrals into the Plan, as defined in the plan docum ent and allowed by law. Participants may also roll over amounts representing distributions fr om other qualified plans. The Plan permits catch-up contributions for participants who have attained age 50 by the end of the plan year. T he Plan also provides for automatic election of participant contributions at a rate of 6 percent of compensation. Participants may affirmatively elect a different contribution percentage or elect not to defer into the Plan. The Company makes a matching contribution equal to 100 percent of participant deferrals up to 4 percent of compensation under a safe harbor provision, as defined in the plan document. During 2024, the Company contributed $565,413 to the Plan. | Each participant's account is credi ted with the participant's contribution, allocati ons of the Company's contribution, if applicable, and the Plan's earnings and loss es. The benefit to which a participant is entitled is the benefit that can be prov ided from the participant's vested account. Participants direct the investment of their accounts into various investment options offered by the Plan. | e. Vesting | Participants are immediately vested in all co ntributions plus actual earnings thereon. | Upon termination of employment due to termination of serv ice, death, disability, or retirement, participants may elect to receive the value of their vested account balance in a lump-sum distribution. In-service withdrawal options are available to participa nts under certain circumstances. | g. Notes Receivable from Participants Participants may borrow the lesser of $50,000 (reduced by the participant 's highest outstanding loan balance during the 12-month period ending on t he date of the loan) or 50 percent of their vested account balance. Loan terms range up to five years but may be extended if the proceeds are to be used for the purchase of a primary residence. The loans are secured by the balance in the participant's account and bear interest at 9.5 percent. Principal and interest are paid ratably through payroll deductions. | The following is a reconciliation of net assets availabl e for benefits per the financial statements to the Form 5500 at December 31, 2024 and 2023. 2024 2023 Net assets available for benefits per the financial statements $ 5,494,842 $ 4,146,286 Participant contributions receivable - (40,237) Company contributions receivable - (24,065) Other 2 2 Net assets available for benefits per the Form 5500 $ 5,494,844 $ 4,081,986 | 10. Subsequent Events Effective May 1, 2025, the Plan was amended to chan ge the eligibility age requirement from 18 to 21. Net increase per the financ ial statements $ 1,348,556 Receipt of company contributions accrued in the prior year 24,065 Receipt of participant contributions accrued in the prior year 40,237 Net increase per the Form 5500 $ 1,412,858",1,"The Company makes a matching contribution equal to 100 percent of participant deferrals up to 4 percent of compensation under a safe harbor provision, as defined in the plan document.",,,safe_harbor_match,1,"401(k) Plan Notes to Financial Statements For the Year Ended December 31, 2024 | Participants may contribute up to 100 per cent of annual compensation in pre- tax or Roth deferrals into the Plan, as defined in the plan docum ent and allowed by law.",0,0,eligibility age requirement from 18 to 21,0,vesting mentioned,high
180 DEGREE CAPITAL 401(K) PLAN AND TRUST,180 DEGREE CAPITAL 401(K) PLAN AND TRUST_2024.pdf,,0,,,,,0,,0,0,,0,,low
FASHION INSTITUTE OF DESIGN AND MERCHANDISING 401(K) PLAN,FASHION INSTITUTE OF DESIGN AND MERCHANDISING 401(K) PLAN_2024.pdf,"Payment of Benefits: Upon termination of service due to death, disability or retirement, a participant may elect to receive either a lump- sum amount equal to the value of the participant 's vested interest in their account or annual installments over a ten- year period. Upon termination of service for other reasons, a participant may receive the value of the vested interest in their account as a lump- sum distribution. | Vesting: Participants are immediately and fully vested in their voluntary contributions plus their rollover accounts. If the employer decides to make contributions, the following are the vesting percentages: | Counted Years Vested Percentage 1 0% 2 20% 3 40% 4 60% 5 80% 6 or more 100% | Participant Accounts: Each participant 's account is credited with the participant 's contribution and the Plan's earnings (losses) . Allocations are based on participants ' earnings (losses) on account balances, as defined. The benefit s to which a participant is entitled are the benefit s that can be provided from the fair market value of the participant 's account. Monthly, employees have the opportunity to change their salary deferral percentage and daily have the opportunity to change t he investments in which their deferrals are held. Earnings or losses of the Trust Fund are allocated to accounts of employees who are participants and former participants at the end of the trading day based on each participant 's and former participant 's investments at that time.",0,,,,,0,,0,0,,0,vesting mentioned,low
KAHOMA CORP. 401(K) PLAN,KAHOMA CORP. 401(K) PLAN_2024.pdf,,0,,,,,0,,0,0,,0,,low
"P.M. D_ONOFRIO, INC. 401(K) PLAN","P.M. D_ONOFRIO, INC. 401(K) PLAN_2024.pdf",,0,,,,,0,,0,0,,0,,low
NEW KAPITAL INC 401(K) PROFIT SHARING PLAN & TRUST,NEW KAPITAL INC 401(K) PROFIT SHARING PLAN & TRUST_2024.pdf,,0,,,,,0,,0,0,,0,,low
STEELSERIES 401(K) PLAN_,STEELSERIES 401(K) PLAN__2024.pdf,"2024 FORM 5500 – SCHEDULE SB, LINE 19 - DISCOUNTED EMPLOYER CONTRIBUTIONS | Year of Vesting Service: Plan Year during which an employee has at least 1,000 hours of service | Vesting Schedule: All participants are 100% vested in all benefits | Termination Benefit: Actuarial equivalent of Vested Accrued Benefit",0,,,,,0,,0,0,,0,vesting mentioned,low
MEDIEASY SOFTWARE 401(K) PLAN,MEDIEASY SOFTWARE 401(K) PLAN_2024.pdf,,0,,,,,0,,0,0,,0,,low
SIGNATURE MORTGAGE CORPORATION 401(K) PLAN,SIGNATURE MORTGAGE CORPORATION 401(K) PLAN_2024.pdf,,0,,,,,0,,0,0,,0,,low
"VINEYARD COLLECTION, INC. 401(K) PLAN","VINEYARD COLLECTION, INC. 401(K) PLAN_2024.pdf",,0,,,,,0,,0,0,,0,,low
"BOBS BODY AND MIND FITNESS SERVICES, INC. 401(K) PLAN","BOBS BODY AND MIND FITNESS SERVICES, INC. 401(K) PLAN_2024.pdf",,0,,,,,0,,0,0,,0,,low
DFW SWIM CORP 401(K) PLAN,DFW SWIM CORP 401(K) PLAN_2024.pdf,,0,,,,,0,,0,0,,0,,low
SUTTER O_CONNELL 401(K) PROFIT SHARING PLAN,SUTTER O_CONNELL 401(K) PROFIT SHARING PLAN_2024.pdf,,0,,,,,0,,0,0,,0,,low
"DAUGHERTY CONSTRUCTION, INC. 401(K) PROFIT SHARING PLAN AND TRUST","DAUGHERTY CONSTRUCTION, INC. 401(K) PROFIT SHARING PLAN AND TRUST_2024.pdf",,0,,,,,0,,0,0,,0,,low
"NEXVISIONIX, INC. 401(K) PLAN_","NEXVISIONIX, INC. 401(K) PLAN__2024.pdf",,0,,,,,0,,0,0,,0,,low
RHLB CORPORATION 401(K) PROFIT SHARING PLAN,RHLB CORPORATION 401(K) PROFIT SHARING PLAN_2024.pdf,,0,,,,,0,,0,0,,0,,low
"ORLANDO_S ENTERPRISES, INC. 401(K) RETIREMENT PLAN","ORLANDO_S ENTERPRISES, INC. 401(K) RETIREMENT PLAN_2024.pdf",,0,,,,,0,,0,0,,0,,low
"CHANGING RHYTHMS, INC. 401(K) PROFIT SHARING PLAN","CHANGING RHYTHMS, INC. 401(K) PROFIT SHARING PLAN_2024.pdf",,0,,,,,0,,0,0,,0,,low
"JAB INVESTMENTS, INC. 401(K) PLAN","JAB INVESTMENTS, INC. 401(K) PLAN_2024.pdf",,0,,,,,0,,0,0,,0,,low
"PLM VENTURES, INC. 401(K) PLAN","PLM VENTURES, INC. 401(K) PLAN_2024.pdf",,0,,,,,0,,0,0,,0,,low
AUTOMATIC ICE 401(K) RETIREMENT SAVINGS PLAN,AUTOMATIC ICE 401(K) RETIREMENT SAVINGS PLAN_2024.pdf,,0,,,,,0,,0,0,,0,,low
KGF ENTERPRISES INC. 401(K) RETIREMENT PLAN,KGF ENTERPRISES INC. 401(K) RETIREMENT PLAN_2024.pdf,,0,,,,,0,,0,0,,0,,low
CAUSEWAY CAPITAL MANAGEMENT LLC 401(K) AND PROFIT SHARING PLAN,CAUSEWAY CAPITAL MANAGEMENT LLC 401(K) AND PROFIT SHARING PLAN_2024.pdf,"2024 2023 ASSETS Investments (at fair value) $ 76,539,701 $ 63,936,492 Investments (at contract value) 2,929,370 2,430,145 Total investments 79,469,071 66,366,637 Receivables: Notes receivable from participants 81,304 101,166 Net assets available for benefits $79,550,375 $66,467,803 CAUSEWAY CAPITAL MANAGEMENT LLC 401(k) AND PROFIT SHARING PLAN STATEMENTS OF NET ASSETS AVAILABLE FOR BENEFITS DECEMBER 31, 2024 AND 2023 See Independent Auditor's Report 5 2024 ADDITIONS Investment income: Net appreciation in fair value of investments $ 6,552,733 Interest and dividends 2,992,548 Total investment income 9,545,281 Interest income on notes receivable from participants 8,628 Contributions: Employer 2,518,038 Participant 2,518,326 Rollover 28,212 Total contributions 5,064,576 Total additions 14,618,485 DEDUCTIONS Administrative expenses 3,671 Benefit payments to participants 1,532,242 Total deductions 1,535,913 NET INCREASE 13,082,572 NET ASSETS AVAILABLE FOR BENEFITS: Beginning of year 66,467,803 End of year $79,550,375 CAUSEWAY CAPITAL MANAGEMENT LLC 401(k) AND PROFIT SHARING PLAN STATEMENT OF CHANGES IN NET ASSETS AVAILABLE FOR BENEFITS FOR THE YEAR ENDED DECEMBER 31, 2024 See Independent Auditor's Report 6 CAUSEWAY CAPITAL MANAGEMENT LLC 401(k) AND PROFIT SHARING PLAN NOTES TO FINANCIAL STATEMENTS DECEMBER 31, 2024 AND 2023 7NOTE 1 - DESCRIPTION OF THE PLAN The following description of the Causeway Capital Management LLC 401(k) and Profit Sharing Plan (the Plan) provides only general information. Participants should refer to the Plan and Trust Agreement (Plan Document) for a more complete description of the Plan's provisions. General The Plan is a 401(k) profit sharing plan established on January 1, 2002. Employees of Causeway Capital Management LLC (the Company or Plan Sponsor) are eligible to participate in the Plan once they have completed one hour of service during the first three months of employment. Participants enter the Plan on the first day of the month immediately following or coincident with the date requirements are met. The Plan is subject to the provisions of the Employee Retirement Income Security Act of 1974 (ERISA). Amendments Effective January 1, 2024, the Plan's vesting schedule was amended from immediate vesting for all employer contributions to a three-year graded vesting schedule. Contributions Participants may make voluntary salary reductions (participant contributions) up to the maximum amount allowed by the IRS. For 2024 this deferral limit was $23,000. Participants may also roll over amounts from other qualified plans. Participants over the age of 50 are eligible to make catch-up contributions, not to exceed $7,500 in 2024. The Company may make employer matching contributions to the Plan. The formula, amount, and frequency of employer matching contributions will be made at the company's discretion. During 2024, the Plan made approximately $2,518,000 in matching contributions. The Company may also make a profit sharing contribution to participants who have completed one year of service and who are employed on the last day of the Plan year. Profit sharing contributions are made in an amount determined at the Company's sole discretion and allocated to participants individually, as a dollar amount, or as a percentage of participant compensation. During 2024, the Company did not make any profit sharing contributions. Participant Accounts Individual accounts are maintained to record participant contributions, employer matching contributions, profit sharing contributions, rollover contributions, and earnings thereon for each participant. The benefit to which a participant is entitled is the total benefit, which can be provided from the vested portion of these individual accounts. CAUSEWAY CAPITAL MANAGEMENT LLC 401(k) AND PROFIT SHARING PLAN NOTES TO FINANCIAL STATEMENTS DECEMBER 31, 2024 AND 2023 8NOTE 1 - DESCRIPTION OF THE PLAN, CONTINUED Vesting Participants are always fully vested in their salary deferral contributions, rollover contributions, and earnings thereon. Vesting for employer matching contributions and profit sharing contributions, as well as earnings thereon, is based on years of service, as follows: Years of Service Percent Vested 0-1 0% 1 33.33% 2 66.66% 3 100% Notes Receivable from Participants Participants may borrow from their accounts. The amounts borrowed must be greater than $1,000 and are limited to the lesser of $50,000 (less the highest outstanding loan balance in the previous twelve months) or one half of the participant's vested account balance. Loans will bear an interest rate of the prime plus one percent and must be repaid within five years, except loans for the purchase of a principal residence, which must be repaid within fifteen years. Payment of Benefit s On termination of service due to death, disability, or retirement, a participant may request a distribution of their vested account balance. Furthermore, upon approval of the Plan Administrator, participants may be entitled to take hardship distributions. Participants may elect to withdraw all, or a portion of their account while still employed, upon attainment of age 59 ½. Participants that have separated service and have a vested account balance less than $7,000 will receive a distribution as soon as administratively feasible. Benefits are recorded when paid. Forfeited Accounts Forfeited accounts will be used to either pay Plan expenses or to reduce Company contributions. Forfeitures as of December 31, 2024 and 2023 were approximately $4,000. During 2024, approximately $4,000 of forfeitures were used to pay Plan expenses. Forfeitures were not used to reduce Company contributions. Subsequent Event Management has evaluated subsequent events through May 27, 2025, the date the financial statements were available to be issued. NOTE 2 - SUMMARY OF SIGNIFICANT ACCOUNTING POLICIES Basis of Accounting The financial statements of the plan are prepared on the accrual basis of accounting in accordance with accounting principles generally accepted in the United States of America. CAUSEWAY CAPITAL MANAGEMENT LLC 401(k) AND PROFIT SHARING PLAN NOTES TO FINANCIAL STATEMENTS DECEMBER 31, 2024 AND 2023 9NOTE 2 - SUMMARY OF SIGNIFICANT ACCOUNTING POLICIES, CONTINUED Use of Estimates The preparation of financial statements in conformity with accounting principles generally accepted in the United States of America requires management to make estimates and assumptions that affect certain reported amounts and disclosures. Actual results may differ from those estimates. Investment Valuation and Income Recognition Investments are reported at fair value (except for fully benefit-responsive investment contracts, which are reported at contract value). Fair value is the price that would be received to sell an asset or paid to transfer a liability in an orderly transaction between market participants at the measurement date. See Note 4 for discussion of fair value measurements. Purchases and sales of securities are recorded on a trade-date basis. Interest income is recorded on the accrual basis. Dividends are recorded on the ex-dividend date. Net appreciation includes the plan's gains and losses on investments bought and sold as well as held during the year. Fair Value Measurements The Plan's investments are reported at fair value in the accompanying statement of net assets available for benefits. The methods used to measure fair value may produce an amount that may not be indicative of net realizable value or reflective of future fair values. Furthermore, although the Plan believes its valuation methods are appropriate and consistent with other market participants, the use of different methodologies or assumptions to determine the fair value of certain financial instruments could result in a different fair value measurement at the reporting date. Investment Contracts Investment contracts held by a defined contribution plan are required to be reported at fair value. However, contract value is the relevant measurement attribute for fully benefit-responsive investment contracts because contract value is the amount participants would receive if they were to initiate permitted transactions under the terms of the Plan. The investment contract held by the Plan is fully benefit-responsive. Therefore, the investment is recorded at contract value as of December 31, 2024 and 2023. See Note 5 for a description of the investment contract. Administrative Expenses Expenses of maintaining the Plan are paid by the Company and the Plan. Investment-related expenses are included in the net appreciation of fair value of investments. Notes Receivable from Participants Notes receivable from participants are measured at their unpaid principal balance plus any accrued but unpaid interest. Delinquent notes receivable from participants are recorded as a distribution based upon the terms of the plan document. CAUSEWAY CAPITAL MANAGEMENT LLC 401(k) AND PROFIT SHARING PLAN NOTES TO FINANCIAL STATEMENTS DECEMBER 31, 2024 AND 2023 10NOTE 2 - SUMMARY OF SIGNIFICANT ACCOUNTING POLICIES, CONTINUED Market Risk The Plan invests in various investment securities. Investment securities, in general, are exposed to various risks, such as interest rate, credit and overall market volatility risks. Furthermore, due to the level of risk associated with certain investment securities, it is reasonably possible that changes in the value of investment securities will occur in the near term and that such changes could materially affect the amounts reported in the Statements of Net Assets Available for Benefits. NOTE 3 – CERTIFIED INVESTMENT INFORMATION Certain information related to investments and notes receivable from participants disclosed in the accompanying financial statements and ERISA-required supplemental schedule, related to investments and notes receivable from participants held as of December 31, 2024 and 2023, and net appreciation in fair value of investments, interest and dividends, and interest income on notes receivable from participants for the year ended December 31, 2024, was obtained by management and agreed to or derived from information certified as complete and accurate by Empower Trust Company and Empower Annuity and Insurance Company of America (collectively Empower), a qualified institution. NOTE 4 – FAIR VALUE MEASUREMENTS FASB ASC 820, Fair Value Measurements and Disclosures, establishes a framework for measuring fair value. That framework provides a fair value hierarchy that prioritizes the inputs to valuation techniques used to measure fair value. The hierarchy gives the highest priority to unadjusted quoted prices in active markets for identical assets or liabilities (Level 1 measurements) and the lowest priority to unobserved inputs (Level 3 measurements). The three levels of the fair value hierarchy under FASB ASC 820 are described below: Level 1: Inputs to the valuation methodology are unadjusted quoted prices for identical assets or liabilities in active markets that the Plan has the ability to access. Level 2: Inputs to the valuation methodology include: •Quoted prices for similar assets or liabilities in active markets; •Quoted prices for identical or similar assets or liabilities in inactive markets; •Inputs other than quoted prices that are observable for the asset or liability; •Inputs that are derived principally from or corroborated by observable market data by correlation or other means. If the asset or liability has a specified (contractual) term, the Level 2 input must be observable for substantially the full term of the asset or liability. Level 3: Inputs to the valuation methodology are unobservable and significant to the fair value measurements. The asset's or liability's fair value measurement level within the fair value hierarchy is based on the lowest level of any input that is significant to the fair value measurement. Valuation techniques used need to maximize the use of observable inputs and minimize the use of unobservable inputs. CAUSEWAY CAPITAL MANAGEMENT LLC 401(k) AND PROFIT SHARING PLAN NOTES TO FINANCIAL STATEMENTS DECEMBER 31, 2024 AND 2023 11NOTE 4 – FAIR VALUE MEASUREMENTS, CONTINUED Following is a description of the valuation methodologies used for assets measured at fair value. Mutual funds - Valued at the daily closing price as reported by the fund. Mutual funds held by the Plan are open-end and closed-end mutual funds that are registered with the Securities and Exchange Commission. These funds are required to publish their daily net asset value (NAV) and to transact at that price. The mutual funds held by the Plan are deemed to be actively traded. Collective trust funds - Valued at daily NAV based on the market value of the underlying investment assets divided by the number of units outstanding at the end of the Plan year. The NAV, as provided by the custodians and trustee, is used as a practical expedient to estimate fair value. The practical expedient is not used when it is determined to be probable that the fund will sell the investment for an amount different than the reported NAV. Participant transactions (purchased and sales) may occur daily. The following tables set forth by level, within the fair value hierarchy, the Plan's assets at fair value as of December 31: Level 1 Level 2 Level 3 Total Mutual funds 64,307,131$ - $ - $ 64,307,131$ Investments measured at net asset value(a) - - - 12,232,569 Total investments 64,307,131 $ - $ - $ 76,539,700$ Level 1 Level 2 Level 3 Total Mutual funds 53,621,232$ - $ - $ 53,621,232$ Investments measured at net asset value(a) - - - 10,315,260 Total investments 53,621,232 $ - $ - $ 63,936,492$ 2024 2023 (a) In accordance with Subtopic 820-10, certain investments that were measured at net asset value per share (or its equivalent) have not been classified in the fair value hierarchy. The fair value amounts presented in this table are intended to permit reconciliation of the fair value hierarchy to the line items presented in the statement of net assets available for benefits. CAUSEWAY CAPITAL MANAGEMENT LLC 401(k) AND PROFIT SHARING PLAN NOTES TO FINANCIAL STATEMENTS DECEMBER 31, 2024 AND 2023 12NOTE 4 – FAIR VALUE MEASUREMENTS, CONTINUED The following table summarizes the investments measured using the net asset value at December 31, 2024 and 2023: December 31, 2024 Fair Value Collective trust funds 12,232,569 $ N/A Daily 1 Day December 31, 2023 Fair Value Collective trust funds 10,315,260 $ N/A Daily 1 DayUnfunded CommitmentsRedemption Notice PeriodRedemption Notice PeriodUnfunded CommitmentsRedemption Frequency (If Currently Eligible) Redemption Frequency (If Currently Eligible) NOTE 5 – INVESTMENT CONTRACT WITH INSURANCE COMPANY The Empower Investments Fixed Account is a guaranteed return contract with a quarterly interest rate guarantee. Deposits are guaranteed in both principal and interest by Empower. Amounts are held in Empower's general account and are credited on a net daily basis at annual effective rates. This contract is fully benefit responsive and is reported at contract value. Valued using the net investment factor (NIF) at the accumulated cash contributions, transfers and interest credited to the Plan's contract less any withdrawals. The fair market value is equal to contract value, less any contingent deferred sales charge, if applicable. Certain events might limit the ability of the Plan to transact at contract value with the issuer. Such events include (1) amendments to the Plan documents (including complete or partial Plan termination or merger with another plan), (2) changes to the Plan's prohibition on competing investment options or deletion of equity wash provisions, (3) bankruptcy of the Plan Sponsor or other Plan Sponsor events (for example, divestitures or spin-offs of a subsidiary) that cause a significant withdrawal from the Plan, (4) the failure of the trust to qualify for exemption from federal income taxes or any required prohibited transaction exemption under ERISA, or (5) premature termination of the contract. No events are probable of occurring that might limit the ability of the Plan to transact at contract value with the contract issuers and that also would limit the ability of the plan to transact at contract value with the participants. In addition, certain events allow the issuer to terminate the contract with the Plan and settle at an amount different from contract value. Such events include (1) an uncured violation of the Plan's investment guidelines, (2) a breach of material obligation under the contract, (3) a material misrepresentation, or (4) a material amendment to the agreement without the consent of the issuer. NOTE 6 – TAX STATUS The Company has adopted a pre-approved plan document that has received an opinion letter from the Internal Revenue Service (IRS) dated June 30, 2020, stating that the form of the preapproved plan document was in compliance with the applicable requirements of the Internal Revenue Code (IRC). Although the Plan has been amended since adopting the pre-approved plan document, the Plan administrator and Plan's tax counsel believe the Plan is designed, and is currently being operated, in compliance with the applicable requirements of the IRC, and, therefore, believes that the plan is qualified, and the related trust is tax-exempt. CAUSEWAY CAPITAL MANAGEMENT LLC 401(k) AND PROFIT SHARING PLAN NOTES TO FINANCIAL STATEMENTS DECEMBER 31, 2024 AND 2023 13NOTE 6 – TAX STATUS, CONTINUED Accounting principles generally accepted in the United States of America require Plan management to evaluate tax positions taken by the plan and recognize a tax liability if the plan has taken an uncertain position that more likely than not would not be sustained upon examination by the IRS. The Plan administrator has analyzed the tax positions taken by the Plan, and has concluded that as of December 31, 2024 and 2023, there are no uncertain tax positions taken or expected to be taken that would require recognition of a liability (or asset) or disclosure in the financial statements. The Plan is subject to routine audits by taxing jurisdictions; however, there are currently no audits for any tax periods in progress. NOTE 7 – PLAN TERMINATION Although it has not expressed any intent to do so, the Company has the right under the Plan to discontinue their contributions at any time and to terminate the Plan subject to the provisions of ERISA. In the event of Plan termination, participants will become 100% vested in their accounts. NOTE 8 – PARTY-IN-INTEREST TRANSACTIONS Empower holds the Plan's assets and performs the recordkeeping function. The Plan's third party administration is provided by CrossPlans. The Plan's investment advising was performed by Arthur J. Gallagher & Co. Therefore, any investment or administrative fees paid during the year to these parties qualify as party-in-interest transactions. The Plan also invests in various mutual funds and collective trust funds offered by Causeway Investments, which is an affiliate of the Plan Sponsor. Consequently, such transactions are permitted under the provisions of the Plan and are exempt from the prohibition of party-in-interest transactions. NOTE 9 – SECURE 2.0 The SECURE 2.0 Act of 2022 introduces several changes to qualified retirement plans, with various implementation dates ranging from 2023 to future years. Key provisions include enhanced catch-up contribution limits for participants ages 60-63 (effective 2025), requirements for higher-income participants to direct catch-up contributions to Roth accounts (effective 2026), increases to required minimum distribution ages (phasing up to age 75), and the option to increase the automatic rollover threshold for force-out distributions from $5,000 to $7,000. The Plan Administrator is currently evaluating these changes to determine which optional provisions may benefit Plan participants. Any required amendments will be implemented by their respective deadlines, and participants will be notified of adopted changes that affect their accounts or options under the Plan. (b) Identity of issue, borrower, (a) lessor, or similar party (d) Cost Mutual Funds: 1 Empower Trust Company, LLC American Funds American Balanced Fund ** $ 3,271,231 2 Empower Trust Company, LLC American Funds Bond Fund of America ** 2,018,373 3 Empower Trust Company, LLC American Funds Capital Income Builder Fund ** 542,049 4 Empower Trust Company, LLC American Funds Europacific Growth Fund ** 1,083,630 5 Empower Trust Company, LLC American Funds Interm Bond Fund of America ** 858,036 6 Empower Trust Company, LLC American Funds New Perspective Fund ** 1,601,029 7 Empower Trust Company, LLC American Funds New World Fund ** 152,254 8 Empower Trust Company, LLC American Funds Small Cap World Fund ** 1,614,334 9 Empower Trust Company, LLC Blackrock High Yield Bond Portfolio ** 1,313,180 10 * Empower Trust Company, LLC Causeway Global Value Fund ** 3,136,021 11 * Empower Trust Company, LLC Causeway International Opportunities Fund ** 662,708 12 * Empower Trust Company, LLC Causeway International Small Cap Fund ** 1,215,482 13 * Empower Trust Company, LLC Empower Small Cap Value Fund ** 318,008 14 Empower Trust Company, LLC Fidelity Advisor Small Cap Growth Fund ** 658,102 15 Empower Trust Company, LLC Fidelity Contrafund ** 3,856,256 16 Empower Trust Company, LLC Hotchkis and Wiley Value Opportunities Fund ** 3,706,593 17 Empower Trust Company, LLC JP Morgan Mid Cap Growth Fund ** 407,527 18 Empower Trust Company, LLC JP Morgan US Research Enhanced Equity Fund ** 5,024,944 19 Empower Trust Company, LLC MFS Mid Cap Value Fund ** 346,860 20 Empower Trust Company, LLC Neuberger Berman Large Cap Value Fund ** 116,056 21 Empower Trust Company, LLC Vanguard 500 Index Fund ** 14,622,644 22 Empower Trust Company, LLC Vanguard Target Retirement 2020 ** 612,419 23 Empower Trust Company, LLC Vanguard Target Retirement 2025 ** 2,063,980 24 Empower Trust Company, LLC Vanguard Target Retirement 2030 ** 239,989 25 Empower Trust Company, LLC Vanguard Target Retirement 2035 ** 2,933,025 26 Empower Trust Company, LLC Vanguard Target Retirement 2040 ** 3,208,394 27 Empower Trust Company, LLC Vanguard Target Retirement 2045 ** 3,724,086 28 Empower Trust Company, LLC Vanguard Target Retirement 2050 ** 2,007,041 29 Empower Trust Company, LLC Vanguard Target Retirement 2055 ** 729,191 30 Empower Trust Company, LLC Vanguard Target Retirement 2028 ** 996,951 31 Empower Trust Company, LLC Vanguard Target Retirement Income Fund ** 382,833 32 Empower Trust Company, LLC Vanguard Total World Stock Index Fund 883,906 Total Mutual Funds: 64,307,132 Collective Trust Funds: 33 * Empower Trust Company, LLC Causeway Emerging Markets Equity Trust ** 2,388,114 34 * Empower Trust Company, LLC Causeway International Value Equity Trust ** 9,844,455 Total Collective Trust Funds: 12,232,569 Investment Contract: 35 * Empower Annuity Insurance Co. EI Fixed Account ** 2,929,370 Total investments 79,469,071 Interest rates range from 4.25% to 9.50% * Notes Receivable from Participants Maturing at various times through 2028 81,304 Total $ 79,550,375 * Indicates a party-in-interest. ** Assets are participant directed investments and, therefore, cost information is not required.SCHEDULE I CAUSEWAY CAPITAL MANAGEMENT LLC 401(k) AND PROFIT SHARING PLAN PN: 001 Value(e) CurrentSCHEDULE H, LINE 4I - SCHEDULE OF ASSETS HELD AT END OF YEAR DECEMBER 31, 2024 EIN: 95-4861680 (c) Description of investment, including maturity date, rate of interest, collateral, par, or maturity value See Independent Auditor's Report 14 )RUP   3DJH 2  3a3ODQDGPLQLVWUDWRU¶VQDPHDQGDGGUHVV X6DPHDV3ODQ6SRQVRU ABCDEFGHI ABCDEFGHI ABCDEFGHI ABCDEFGHI ABCDEFGHI ABCDEFGHI ABCDEFGHI c/o ABCDEFGHI ABCDEFGHI ABCDEFGHI ABCDEFGHI ABCDEFGHI ABCDEFGHI ABCDEFGHI 123456789 ABCDEFGHI ABCDEFGHI ABCDE 123456789 ABCDEFGHI ABCDEFGHI ABCDE CITYEFGHI ABCDEFGHI AB, ST 012345678901 UK3b$GPLQLVWUDWRU¶V(,1 012345678 3c$GPLQLVWUDWRU¶VWHOHSKRQH QXPEHU 0123456789 4,IWKHQDPHDQGRU(,1RIWKHSODQVSRQVRURUWKHSODQQDPHKDV FKDQJHGVLQFHWKHODVWUHWXUQUHSRUWILOHGIRUWKLVSODQ HQWHUWKHSODQVSRQVRU¶VQDPH( ,1WKHSODQQDP HDQGWKHSODQ QXPEHUIURPWKHODVWUHWXUQUHSRUW 4b(,1012345678  a6SRQVRU¶VQDPH c3ODQ1DPH 4d31 012 57RWDOQXPEHURISDUWLFLSDQWVDWWKHEHJLQQLQJRIWKHSODQ\HDU 5123456789012 61XPEHURISDUWLFLSDQWVDVRIWKHHQGRIWKHSODQ\HDUXQOHVVRW KHUZLVHVWDWHG ZHOIDUHSODQVFRPSOHWHRQO\OLQHV 6a(1), 6a(2), 6b, 6c, DQG 6d  a(1)7RWDOQXPEHURIDFWLYHSDUWLFLSDQWV DWWKHEHJLQQLQJRIWKHSODQ\HDU  6a(1) a(2)7RWDOQXPEHURIDFWLYHSDUWLFLSDQWV DWWKHHQGRI WKHSODQ \HDU   6a(2) b5HWLUHGRUVHSDUDWHG SDUWLFLSDQWVUH FHLYLQJEHQHILWV   6b123456789012 c2WKHUUHWLUHGRUVHSDUDWHGSDUWLFLSDQWVHQWLWOHGWRIXWXUHEHQH ILWV  6c123456789012 d6XEWRWDO$GGOLQHV 6a(2)6bDQG 6c  6d123456789012 e'HFHDVHGSDUWLFLSDQWVZKRVHEHQHILFLDULHVDUHUHFHLYLQJRUDUH HQWLWOHGWRUHFHL YHEHQHILW V  6e123456789012 f7RWDO$GGOLQHV 6dDQG 6e   6f123456789012 g(1)1XPEHURISDUWLFLSDQWVZLWKDFFRXQWEDODQFHVDVRIWKHEHJLQQLQ JRIWKHSODQ\HDU RQO\GHILQHGFRQWULEXWLRQSODQV FRPSOHWHWKLVL WHP   6g(1) g(2) 1XPEHURISDUWLFLSDQWVZLWKDFFRXQWEDODQFHVDVRIWKHHQGRIW KHSODQ\HDU RQO\GHILQHGFRQWULEXWLRQSODQV FRPSOHWHWKLVL WHP    6g(2) 123456789012 h1XPEHURISDUWLFLSDQWVZKRWHUP LQDWHGHPSOR\PHQ WGXULQJWKHSOD Q\HDUZLWKDFFUXHGEHQHILWVWKDWZHUH OHVVWKDQ YHVWHG   6h123456789012 7(QWHUWKHWRWDOQXPEHURIHPSOR\H UVREOLJDWHGWRFRQWULEXWHWR WKHSODQ RQO\PXOWLHPSOR\HUSODQ VFRPSOHWHWKLVLWHP  7 8a,IWKHSODQSURYLGHVSHQVLRQEHQHILWVHQWHUWKHDSSOLFDEOHSHQ VLRQIHDWXUHFRGHVIURPWKH/LVWRI3ODQ&KDUDFWHULVWLFV&RGHV LQWKHLQVWUXFWLRQV  b,IWKHSODQSURYLGHVZHOIDUHEHQHILWVHQWHUWKHDSSOLFDEOHZHO IDUHIHDWXUHFRGHVIURPWKH/LVWRI3ODQ&KDUDFWHULVWLFV&RGHV LQWKHLQVWUXFWLRQV   9a3ODQIXQGLQJDUUDQJHPHQW FKHFNDOOWKDWDSSO\  9b3ODQEHQHILWDUUDQJHPHQW FKHFNDOOWKDWDSSO\  (1) X ,QVXUDQFH (1) X ,QVXUDQFH (2) X&RGHVHFWLRQ H  LQVXUDQFHFRQWUDFWV (2) X &RGHVHFWLRQ H  LQVXUDQFHFRQWUDFWV (3) X7UXVW (3) X 7UXVW (4) X *HQHUDODVVHWVRIWKHVSRQVRU (4) X *HQHUDODVVHWVRIWKHVSRQVRU 10&KHFNDOODSSOLFDEOHER[HVLQ DDQGEWRLQGLFDWHZKLFKVFK HGXOHVDUHDWWDFKHGDQGZKHUHLQGLFDWHGHQWHUWKHQXPEHUDWW DFKHG 6HHLQVWUXFWLRQV  aPension Schedules bGeneral Schedules (1) X R 5HWLUHPHQW3ODQ,QIRUPDWLRQ  (1) XH )LQDQFLDO,QIRUPDWLRQ  (2) X MB 0XOWLHPSOR\HU'HILQHG%HQHILW3ODQDQG&HUWDLQ0RQH\ 3XUFKDVH3ODQ$FWXDULDO,QIRUPDWLRQ VLJQHGE\WKHSODQ DFWXDU\(2) XI )LQDQFLDO,QIRUPDWLRQ±6PDOO3ODQ (3) XA ,QVXUDQFH,QIRUPDWLRQ ±1XPEHU$WWDFKHGBBBBBB  (4) XC 6HUYLFH3URYLGH U,QIRUPDWLRQ  (3) X SB 6LQJOH(PSOR\HU'HILQHG%HQHILW3ODQ$FWXDULDO ,QIRUPDWLRQ VLJQHGE\WKHSODQDFWXDU\(5) XD ')(3DUWLFLSDWLQJ3ODQ,QIRUPDWLRQ (4) X DCG ,QGLYLGXDO3ODQ,QI RUPDWLRQ ±1XPEHU $WWDFKHGBBBBBB (6) XG )LQDQFLDO7UDQVDFWLRQ6FKHGXOHV (5) X MEP 0XOWLSOH(PSOR\HU5HWLUHPHQW3ODQ,QIRUPDWLRQ X 2J X X 101 0 2F 2K 3D 0 X X 2K 3 128 X 2G 1 23 X 126 X 2E 127 126 X X 128 3B 102",1,The Company may make employer matching contributions to the Plan.,,,general_match,0,"2024 2023 ASSETS Investments (at fair value) $ 76,539,701 $ 63,936,492 Investments (at contract value) 2,929,370 2,430,145 Total investments 79,469,071 66,366,637 Receivables: Notes receivable from participants 81,304 101,166 Net assets available for benefits $79,550,375 $66,467,803 CAUSEWAY CAPITAL MANAGEMENT LLC 401(k) AND PROFIT SHARING PLAN STATEMENTS OF NET ASSETS AVAILABLE FOR BENEFITS DECEMBER 31, 2024 AND 2023 See Independent Auditor's Report 5 2024 ADDITIONS Investment income: Net appreciation in fair value of investments $ 6,552,733 Interest and dividends 2,992,548 Total investment income 9,545,281 Interest income on notes receivable from participants 8,628 Contributions: Employer 2,518,038 Participant 2,518,326 Rollover 28,212 Total contributions 5,064,576 Total additions 14,618,485 DEDUCTIONS Administrative expenses 3,671 Benefit payments to participants 1,532,242 Total deductions 1,535,913 NET INCREASE 13,082,572 NET ASSETS AVAILABLE FOR BENEFITS: Beginning of year 66,467,803 End of year $79,550,375 CAUSEWAY CAPITAL MANAGEMENT LLC 401(k) AND PROFIT SHARING PLAN STATEMENT OF CHANGES IN NET ASSETS AVAILABLE FOR BENEFITS FOR THE YEAR ENDED DECEMBER 31, 2024 See Independent Auditor's Report 6 CAUSEWAY CAPITAL MANAGEMENT LLC 401(k) AND PROFIT SHARING PLAN NOTES TO FINANCIAL STATEMENTS DECEMBER 31, 2024 AND 2023 7NOTE 1 - DESCRIPTION OF THE PLAN The following description of the Causeway Capital Management LLC 401(k) and Profit Sharing Plan (the Plan) provides only general information.",0,1,,0,vesting mentioned,high
WHITEFIELD ACADEMY 403(B) PLAN,WHITEFIELD ACADEMY 403(B) PLAN_2024.pdf,"In our opinion: the form and content of the supplemental schedule , other than the information in the supplemental schedule that agreed to or is derived from the certified investment information, are presented, in all material respects, in conformity with the DOL's Rules and Regulations for Reporting and Disclosure under ERISA. the information in the supplemental schedule related to assets held by and certified to by a qualified institution agrees to, or is derived from, in all material respects, the information prepared and certified by an institution that management determined meets the requirements of ERISA Section 103(a)(3)(C). June 25, 2025Atlanta, GA Whitefield Academy 403(b) Plan Statements of Net Assets Available for Benefits As of December 31, 2024 and 2023 See accompanying notes to the financial statements. 52024 2023 Assets Investments Investments at fair value $13,668,741 $11,838,261 Investments at contract value 392,050 415,082 Total investments 14,060,791 12,253,343 Receivables Participant contributions 21,785 24,996 Employer contributions 20,806 20,637 Notes receivable from participants 55,008 5,408 Total receivables 97,599 51,041 Total Assets 14,158,390 12,304,384 | Net assets available for benefits $14,158,390 $12,304,384 Whitefield Academy 403(b) Plan Statement of Changes in Net Assets Available for Benefits For the Year Ended December 31, 2024 See accompanying notes to the financial statements. 62024 Additions Investment income Interest and dividends $ 89,621 Net appreciation in fair value of investments 1,610,794 Total investment income 1,700,415 Interest income on notes receivable from participants 1,604 Contributions Participant contributions 568,480 Employer contributions 504,377 Rollovers 28,290 Total contributions 1,101,147 Total additions 2,803,166 | Each year , participants may contribute a percentage of pretax annual compensation, as defined in the plan document, up to the maximum limits of the Internal Revenue Code (IRC). Participants also may designate all or a portion of their deferral contributions as after-tax contributions into a Roth account. Participants who have attained age 50 before the end of the plan year are eligible to make catch-up contributions . Participants also may contribute amounts representing distributions from other qualified defined benefit or defined contribution plans (rollover). Participants direct the investment of their contributions into various investment options of fered by the Plan . If a participant contributes between 1% and 1.66% of compensation, the Organization will make a matching contribution of 3% of compensation. If a participant contributes more than 1.66% of compensation, the Organization will make a matching contribution of 5% of compensation. Participants of the Organization who are age 21 or older are eligible to receive employer contributions. The Plan also requires a participant to complete 1,000 hours of service in each subsequent plan year in order to receive employer contributions. This does not apply when there is a severance from employment if at the beginning of the plan year the participant was reasonably expected to work 1,000 hours or more during the plan year . Contributions are subject to certain Internal Revenue Service (IRS) limitations. Participant accounts | Each participant's account is credited with the participant's contributions , Organization matching contributions and an allocation of the Plan' s earnings. Participant accounts are charged with an allocation of administrative expenses that are paid by the Plan. Allocations are based on participant earnings, account balances, or specific participant transactions, as defined. The benefit to which a participant is entitled is the benefit that can be provided from the participant's vested account. Whitefield Academy 403(b) Plan Notes to Financial Statements As of December 31, 2024 and 2023 81.Description of Plan (Continued) Vesting | Participants are vested immediately in their contributions plus actual earnings thereon. V esting in the Organization's contribution portion of their accounts is based on years of continuous service. A participant is 100 percent vested after three years of credited service. Plan loans | Participants may borrow from their fund accounts a minimum of $1,000 up to a maximum equal to the lesser of $50,000 or 50 percent of their vested account balance. The loans are secured by the balance in the participant's account. The loan interest rate, determined quarterly , is set at 1 percent above the prime rate , as defined. Principal and interest are paid ratably through payroll deductions. Terms range from one to five years or greater for the purchase of a primary residence. Payment of benefits | On termination of service due to death, disability , or retirement, a participant may elect to receive either a lump sum amount equal to the value of the participant's vested interest in his or her account, or installment payments as provided in the plan document. For termination of service due to other reasons, a participant may receive the value of the vested interest in his or her account as a lump sum distribution. If a terminated participant' s vested balance is less than or equal to $5,000, the amount may be automatically distributed in the form of lump sum cash payment or IRA, depending on the balance. In addition, the Plan allows for hardship distributions if certain criteria are met. Whitefield Academy 403(b) Plan Notes to Financial Statements As of December 31, 2024 and 2023 91.Description of Plan (Continued) Forfeited accounts | At December 31, 2024 and 2023 , forfeited nonvested accounts totaled $ 5,093 and $ 52, respectively . These accounts will be used to reduce future employer contributions. During 2024, employer contributions were reduced by $28,849, from forfeited nonvested accounts, in accordance with plan provisions. | Contributions from Plan participants and matching contributions paid to the Plan are recorded in the year in which the employee contributions are withheld from compensation. Payment of Benefits | 1. an uncured violation of the Plan's investment guidelines; 2. a breach of material obligation under the contract; 3. a material misrepresentation; or , 4. a material amendment to the agreement without the consent of the issuer . 5.Information Certified by Custodian The plan administrator has elected the method of compliance permitted by 29 CFR 2520.103-8 of the Department of Labor 's Rules and Regulations for Reporting and Disclosure under ERISA for 2024 and 2023 . Accordingly , TIAA-CREF and Lincoln Financial Group , the Custodian of the Plan, has certified to the completeness and accuracy of all investments and notes receivable from participants reported in the accompanying Statements of Net Assets Available for Benefits as of December 31, 2024 and 2023 , and the supplemental Schedule H, Line 4(i) - Schedule of Assets (Held at End of Year) as of December 31, 2024 , and the related investment activity and interest income on notes receivable from participants reported in the Statement of Changes in Net Assets Available for Benefits for the year ended December 31, 2024 . 6.Related-Party and Party In Interest T ransactions The Plan allows for transactions with certain parties who may perform services or have fiduciary responsibilities to the Plan. These parties may include investment advisory, recordkeeping and accounting services. Certain Plan investments are managed by the Custodian , and therefore, these transactions qualify as party in interest transactions. Additionally , the Plan issues loans to participants, which are secured by the participant' s account balances. These transactions qualify as party in interest transactions. Certain administrative functions of the Plan are performed by of ficers or employees of the Organization . No such of ficer or employee receives compensation from the Plan. Whitefield Academy 403(b) Plan Notes to Financial Statements As of December 31, 2024 and 2023 177.Plan T ermination Although it has not expressed any intent to do so, the Organization has the right under the Plan to discontinue its contributions at any time and to terminate the Plan subject to the provisions of ERISA. In the event of Plan termination, participants would become 100 percent vested in their employer contributions. 8.Tax Status The Plan adopted a volume submitter plan offered by TIAA stating that the written form of the underlying specimen plan is qualified under Section 403(b) of the Internal Revenue Code . The volume submitter plan received an IRS Opinion Letter dated August 7, 2017 , that the Plan is designed in accordance with the applicable sections of the Internal Revenue Code (IRC). Although the Plan has been amended since receiving the IRS Opinion Letter , the plan administrator believes that the Plan is designed, and is currently being operated, in compliance with the applicable requirements of the IRC, and, therefore believes that the Plan is qualified, and the related trust is tax exempt. Plan management is required to evaluate tax positions taken by the Plan and recognize a tax liability if the Plan has taken an uncertain position that more likely than not would not be sustained upon examination by the IRS. The Plan is subject to routine audits by taxing jurisdictions; however , there are currently no audits for any tax periods in progress. 9.Risks and Uncertainties The Plan invests in various investment securities. Investment securities are exposed to various risks, such as interest rate, market, and credit risks. Due to the level of risk associated with certain investment securities, it is at least reasonably possible that changes in the values of investment securities will occur in the near term and that such changes could materially af fect participants' account balances and the amounts reported in the statements of net assets available for benefits. Whitefield Academy 403(b) Plan Schedule H, Line 4i - Schedule of Assets (Held at End of Year) EIN: 58-1224983 Plan Number: 001 As of December 31, 2024 18(a)(b) Identity of issue, borrower , lessor , or similar party(c) Description of investment including maturity date, rate of interest, collateral, par , or maturity value (d) Cost(e) Current value Fixed annuity contracts: * TIAA Traditional Annuity Contract (NFBR) ** $907,199 * TIAA Traditional Annuity Contract (FBR) ** 392,050 1,299,249",1,"If a participant contributes between 1% and 1.66% of compensation, the Organization will make a matching contribution of 3% of compensation.",,,general_match,1,"62024 Additions Investment income Interest and dividends $ 89,621 Net appreciation in fair value of investments 1,610,794 Total investment income 1,700,415 Interest income on notes receivable from participants 1,604 Contributions Participant contributions 568,480 Employer contributions 504,377 Rollovers 28,290 Total contributions 1,101,147 Total additions 2,803,166 | Each year , participants may contribute a percentage of pretax annual compensation, as defined in the plan document, up to the maximum limits of the Internal Revenue Code (IRC).",0,0,,0,vesting mentioned,high
"HUBERT CONSTRUCTION, LLC 401(K) PLAN","HUBERT CONSTRUCTION, LLC 401(K) PLAN_2024.pdf",,0,,,,,0,,0,0,,0,,low
"NOVINS, YORK, JACOBUS AND DOOLEY 401(K) PLAN","NOVINS, YORK, JACOBUS AND DOOLEY 401(K) PLAN_2024.pdf",,0,,,,,0,,0,0,,0,,low
"LIL_ WAVE FINANCIAL, INC. 401(K) PLAN","LIL_ WAVE FINANCIAL, INC. 401(K) PLAN_2024.pdf",,0,,,,,0,,0,0,,0,,low
"MARKETING TOOLS, INC. 401(K) PROFIT SHARING PLAN","MARKETING TOOLS, INC. 401(K) PROFIT SHARING PLAN_2024.pdf",,0,,,,,0,,0,0,,0,,low
HIDDEN VALLEY PROPERTIES INC 401(K) PLAN,HIDDEN VALLEY PROPERTIES INC 401(K) PLAN_2024.pdf,,0,,,,,0,,0,0,,0,,low
